TimeQuest Timing Analyzer report for videocapsule
Fri Feb 13 17:58:54 2026
Quartus II 64-Bit Version 15.0.0 Build 145 04/22/2015 SJ Web Edition


---------------------
; Table of Contents ;
---------------------
  1. Legal Notice
  2. TimeQuest Timing Analyzer Summary
  3. Parallel Compilation
  4. SDC File List
  5. Clocks
  6. Slow 1100mV 100C Model Fmax Summary
  7. Timing Closure Recommendations
  8. Slow 1100mV 100C Model Setup Summary
  9. Slow 1100mV 100C Model Hold Summary
 10. Slow 1100mV 100C Model Recovery Summary
 11. Slow 1100mV 100C Model Removal Summary
 12. Slow 1100mV 100C Model Minimum Pulse Width Summary
 13. Setup Times
 14. Hold Times
 15. Clock to Output Times
 16. Minimum Clock to Output Times
 17. Propagation Delay
 18. Minimum Propagation Delay
 19. Slow 1100mV 100C Model Metastability Summary
 20. Slow 1100mV -40C Model Fmax Summary
 21. Slow 1100mV -40C Model Setup Summary
 22. Slow 1100mV -40C Model Hold Summary
 23. Slow 1100mV -40C Model Recovery Summary
 24. Slow 1100mV -40C Model Removal Summary
 25. Slow 1100mV -40C Model Minimum Pulse Width Summary
 26. Setup Times
 27. Hold Times
 28. Clock to Output Times
 29. Minimum Clock to Output Times
 30. Propagation Delay
 31. Minimum Propagation Delay
 32. Slow 1100mV -40C Model Metastability Summary
 33. Fast 1100mV 100C Model Setup Summary
 34. Fast 1100mV 100C Model Hold Summary
 35. Fast 1100mV 100C Model Recovery Summary
 36. Fast 1100mV 100C Model Removal Summary
 37. Fast 1100mV 100C Model Minimum Pulse Width Summary
 38. Setup Times
 39. Hold Times
 40. Clock to Output Times
 41. Minimum Clock to Output Times
 42. Propagation Delay
 43. Minimum Propagation Delay
 44. Fast 1100mV 100C Model Metastability Summary
 45. Fast 1100mV -40C Model Setup Summary
 46. Fast 1100mV -40C Model Hold Summary
 47. Fast 1100mV -40C Model Recovery Summary
 48. Fast 1100mV -40C Model Removal Summary
 49. Fast 1100mV -40C Model Minimum Pulse Width Summary
 50. Setup Times
 51. Hold Times
 52. Clock to Output Times
 53. Minimum Clock to Output Times
 54. Propagation Delay
 55. Minimum Propagation Delay
 56. Fast 1100mV -40C Model Metastability Summary
 57. Multicorner Timing Analysis Summary
 58. Setup Times
 59. Hold Times
 60. Clock to Output Times
 61. Minimum Clock to Output Times
 62. Propagation Delay
 63. Minimum Propagation Delay
 64. Board Trace Model Assignments
 65. Input Transition Times
 66. Signal Integrity Metrics (Slow 1100mv n40c Model)
 67. Signal Integrity Metrics (Slow 1100mv 100c Model)
 68. Signal Integrity Metrics (Fast 1100mv n40c Model)
 69. Signal Integrity Metrics (Fast 1100mv 100c Model)
 70. Setup Transfers
 71. Hold Transfers
 72. Recovery Transfers
 73. Removal Transfers
 74. Report TCCS
 75. Report RSKM
 76. Unconstrained Paths
 77. TimeQuest Timing Analyzer Messages



----------------
; Legal Notice ;
----------------
Copyright (C) 1991-2015 Altera Corporation. All rights reserved.
Your use of Altera Corporation's design tools, logic functions 
and other software and tools, and its AMPP partner logic 
functions, and any output files from any of the foregoing 
(including device programming or simulation files), and any 
associated documentation or information are expressly subject 
to the terms and conditions of the Altera Program License 
Subscription Agreement, the Altera Quartus II License Agreement,
the Altera MegaCore Function License Agreement, or other 
applicable license agreement, including, without limitation, 
that your use is for the sole purpose of programming logic 
devices manufactured by Altera and sold by Altera or its 
authorized distributors.  Please refer to the applicable 
agreement for further details.



+-------------------------------------------------------------------------+
; TimeQuest Timing Analyzer Summary                                       ;
+--------------------+----------------------------------------------------+
; Quartus II Version ; Version 15.0.0 Build 145 04/22/2015 SJ Web Edition ;
; Revision Name      ; videocapsule                                       ;
; Device Family      ; Cyclone V                                          ;
; Device Name        ; 5CSEBA6U23I7                                       ;
; Timing Models      ; Final                                              ;
; Delay Model        ; Combined                                           ;
; Rise/Fall Delays   ; Enabled                                            ;
+--------------------+----------------------------------------------------+


+------------------------------------------+
; Parallel Compilation                     ;
+----------------------------+-------------+
; Processors                 ; Number      ;
+----------------------------+-------------+
; Number detected on machine ; 12          ;
; Maximum allowed            ; 10          ;
;                            ;             ;
; Average used               ; 3.06        ;
; Maximum used               ; 10          ;
;                            ;             ;
; Usage by Processor         ; % Time Used ;
;     Processor 1            ; 100.0%      ;
;     Processors 2-10        ;  22.9%      ;
;     Processors 11-12       ;   0.0%      ;
+----------------------------+-------------+


+--------------------------------------------------------------------------------------------------+
; SDC File List                                                                                    ;
+--------------------------------------------------------------+--------+--------------------------+
; SDC File Path                                                ; Status ; Read at                  ;
+--------------------------------------------------------------+--------+--------------------------+
; sopc/niosii/synthesis/submodules/altera_reset_controller.sdc ; OK     ; Fri Feb 13 17:58:22 2026 ;
; sopc/niosii/synthesis/submodules/niosii_nios2_gen2_0_cpu.sdc ; OK     ; Fri Feb 13 17:58:22 2026 ;
+--------------------------------------------------------------+--------+--------------------------+


+----------------------------------------------------------------------------------------------------------------------------------------------------------------------------------------------------------+
; Clocks                                                                                                                                                                                                   ;
+---------------------+------+--------+-----------+-------+--------+------------+-----------+-------------+-------+--------+-----------+------------+----------+--------+--------+-------------------------+
; Clock Name          ; Type ; Period ; Frequency ; Rise  ; Fall   ; Duty Cycle ; Divide by ; Multiply by ; Phase ; Offset ; Edge List ; Edge Shift ; Inverted ; Master ; Source ; Targets                 ;
+---------------------+------+--------+-----------+-------+--------+------------+-----------+-------------+-------+--------+-----------+------------+----------+--------+--------+-------------------------+
; altera_reserved_tck ; Base ; 33.333 ; 30.0 MHz  ; 0.000 ; 16.666 ;            ;           ;             ;       ;        ;           ;            ;          ;        ;        ; { altera_reserved_tck } ;
+---------------------+------+--------+-----------+-------+--------+------------+-----------+-------------+-------+--------+-----------+------------+----------+--------+--------+-------------------------+


+----------------------------------------------------------+
; Slow 1100mV 100C Model Fmax Summary                      ;
+-----------+-----------------+---------------------+------+
; Fmax      ; Restricted Fmax ; Clock Name          ; Note ;
+-----------+-----------------+---------------------+------+
; 65.39 MHz ; 65.39 MHz       ; altera_reserved_tck ;      ;
+-----------+-----------------+---------------------+------+
This panel reports FMAX for every clock in the design, regardless of the user-specified clock periods.  FMAX is only computed for paths where the source and destination registers or ports are driven by the same clock.  Paths of different clocks, including generated clocks, are ignored.  For paths between a clock and its inversion, FMAX is computed as if the rising and falling edges are scaled along with FMAX, such that the duty cycle (in terms of a percentage) is maintained. Altera recommends that you always use clock constraints and other slack reports for sign-off analysis.


----------------------------------
; Timing Closure Recommendations ;
----------------------------------
HTML report is unavailable in plain text report export.


+---------------------------------------------+
; Slow 1100mV 100C Model Setup Summary        ;
+---------------------+-------+---------------+
; Clock               ; Slack ; End Point TNS ;
+---------------------+-------+---------------+
; altera_reserved_tck ; 9.020 ; 0.000         ;
+---------------------+-------+---------------+


+---------------------------------------------+
; Slow 1100mV 100C Model Hold Summary         ;
+---------------------+-------+---------------+
; Clock               ; Slack ; End Point TNS ;
+---------------------+-------+---------------+
; altera_reserved_tck ; 0.152 ; 0.000         ;
+---------------------+-------+---------------+


+----------------------------------------------+
; Slow 1100mV 100C Model Recovery Summary      ;
+---------------------+--------+---------------+
; Clock               ; Slack  ; End Point TNS ;
+---------------------+--------+---------------+
; altera_reserved_tck ; 14.273 ; 0.000         ;
+---------------------+--------+---------------+


+---------------------------------------------+
; Slow 1100mV 100C Model Removal Summary      ;
+---------------------+-------+---------------+
; Clock               ; Slack ; End Point TNS ;
+---------------------+-------+---------------+
; altera_reserved_tck ; 0.826 ; 0.000         ;
+---------------------+-------+---------------+


+----------------------------------------------------+
; Slow 1100mV 100C Model Minimum Pulse Width Summary ;
+---------------------+--------+---------------------+
; Clock               ; Slack  ; End Point TNS       ;
+---------------------+--------+---------------------+
; altera_reserved_tck ; 15.445 ; 0.000               ;
+---------------------+--------+---------------------+


+----------------------------------------------------------------------------------------------+
; Setup Times                                                                                  ;
+---------------------+---------------------+-------+-------+------------+---------------------+
; Data Port           ; Clock Port          ; Rise  ; Fall  ; Clock Edge ; Clock Reference     ;
+---------------------+---------------------+-------+-------+------------+---------------------+
; altera_reserved_tdi ; altera_reserved_tck ; 1.997 ; 2.450 ; Rise       ; altera_reserved_tck ;
; altera_reserved_tms ; altera_reserved_tck ; 2.450 ; 2.942 ; Rise       ; altera_reserved_tck ;
+---------------------+---------------------+-------+-------+------------+---------------------+


+----------------------------------------------------------------------------------------------+
; Hold Times                                                                                   ;
+---------------------+---------------------+-------+-------+------------+---------------------+
; Data Port           ; Clock Port          ; Rise  ; Fall  ; Clock Edge ; Clock Reference     ;
+---------------------+---------------------+-------+-------+------------+---------------------+
; altera_reserved_tdi ; altera_reserved_tck ; 0.875 ; 0.551 ; Rise       ; altera_reserved_tck ;
; altera_reserved_tms ; altera_reserved_tck ; 0.823 ; 0.509 ; Rise       ; altera_reserved_tck ;
+---------------------+---------------------+-------+-------+------------+---------------------+


+----------------------------------------------------------------------------------------------+
; Clock to Output Times                                                                        ;
+---------------------+---------------------+-------+-------+------------+---------------------+
; Data Port           ; Clock Port          ; Rise  ; Fall  ; Clock Edge ; Clock Reference     ;
+---------------------+---------------------+-------+-------+------------+---------------------+
; altera_reserved_tdo ; altera_reserved_tck ; 6.207 ; 6.267 ; Rise       ; altera_reserved_tck ;
; altera_reserved_tdo ; altera_reserved_tck ; 7.173 ; 7.280 ; Fall       ; altera_reserved_tck ;
+---------------------+---------------------+-------+-------+------------+---------------------+


+----------------------------------------------------------------------------------------------+
; Minimum Clock to Output Times                                                                ;
+---------------------+---------------------+-------+-------+------------+---------------------+
; Data Port           ; Clock Port          ; Rise  ; Fall  ; Clock Edge ; Clock Reference     ;
+---------------------+---------------------+-------+-------+------------+---------------------+
; altera_reserved_tdo ; altera_reserved_tck ; 5.869 ; 5.916 ; Rise       ; altera_reserved_tck ;
; altera_reserved_tdo ; altera_reserved_tck ; 5.836 ; 5.910 ; Fall       ; altera_reserved_tck ;
+---------------------+---------------------+-------+-------+------------+---------------------+


+--------------------------------------------------------------+
; Propagation Delay                                            ;
+------------+-------------+--------+--------+--------+--------+
; Input Port ; Output Port ; RR     ; RF     ; FR     ; FF     ;
+------------+-------------+--------+--------+--------+--------+
; clk_clk    ; hdmi_clk    ; 14.462 ; 14.299 ; 14.698 ; 14.535 ;
+------------+-------------+--------+--------+--------+--------+


+--------------------------------------------------------------+
; Minimum Propagation Delay                                    ;
+------------+-------------+--------+--------+--------+--------+
; Input Port ; Output Port ; RR     ; RF     ; FR     ; FF     ;
+------------+-------------+--------+--------+--------+--------+
; clk_clk    ; hdmi_clk    ; 11.580 ; 11.437 ; 11.819 ; 11.676 ;
+------------+-------------+--------+--------+--------+--------+


------------------------------------------------
; Slow 1100mV 100C Model Metastability Summary ;
------------------------------------------------
Worst-Case MTBF of Design is 1e+09 years or 3.15e+16 seconds.
Typical MTBF of Design is 1e+09 years or 3.15e+16 seconds.

Number of Synchronizer Chains Found: 2
Shortest Synchronizer Chain: 2 Registers
Fraction of Chains for which MTBFs Could Not be Calculated: 0.000
Worst Case Available Settling Time: 61.757 ns

Worst-Case MTBF values are calculated based on the worst-case silicon characteristics, with worst-case operating conditions.
  - Under worst-case conditions, an increase of 100ps in available settling time will increase MTBF values by a factor of 8.0
Typical MTBF values are calculated based on the nominal silicon characteristics, at nominal operating conditions.
  - Under typical conditions, an increase of 100ps in available settling time will increase MTBF values by a factor of 17.8



+----------------------------------------------------------+
; Slow 1100mV -40C Model Fmax Summary                      ;
+-----------+-----------------+---------------------+------+
; Fmax      ; Restricted Fmax ; Clock Name          ; Note ;
+-----------+-----------------+---------------------+------+
; 67.79 MHz ; 67.79 MHz       ; altera_reserved_tck ;      ;
+-----------+-----------------+---------------------+------+
This panel reports FMAX for every clock in the design, regardless of the user-specified clock periods.  FMAX is only computed for paths where the source and destination registers or ports are driven by the same clock.  Paths of different clocks, including generated clocks, are ignored.  For paths between a clock and its inversion, FMAX is computed as if the rising and falling edges are scaled along with FMAX, such that the duty cycle (in terms of a percentage) is maintained. Altera recommends that you always use clock constraints and other slack reports for sign-off analysis.


+---------------------------------------------+
; Slow 1100mV -40C Model Setup Summary        ;
+---------------------+-------+---------------+
; Clock               ; Slack ; End Point TNS ;
+---------------------+-------+---------------+
; altera_reserved_tck ; 9.291 ; 0.000         ;
+---------------------+-------+---------------+


+---------------------------------------------+
; Slow 1100mV -40C Model Hold Summary         ;
+---------------------+-------+---------------+
; Clock               ; Slack ; End Point TNS ;
+---------------------+-------+---------------+
; altera_reserved_tck ; 0.142 ; 0.000         ;
+---------------------+-------+---------------+


+----------------------------------------------+
; Slow 1100mV -40C Model Recovery Summary      ;
+---------------------+--------+---------------+
; Clock               ; Slack  ; End Point TNS ;
+---------------------+--------+---------------+
; altera_reserved_tck ; 14.433 ; 0.000         ;
+---------------------+--------+---------------+


+---------------------------------------------+
; Slow 1100mV -40C Model Removal Summary      ;
+---------------------+-------+---------------+
; Clock               ; Slack ; End Point TNS ;
+---------------------+-------+---------------+
; altera_reserved_tck ; 0.753 ; 0.000         ;
+---------------------+-------+---------------+


+----------------------------------------------------+
; Slow 1100mV -40C Model Minimum Pulse Width Summary ;
+---------------------+--------+---------------------+
; Clock               ; Slack  ; End Point TNS       ;
+---------------------+--------+---------------------+
; altera_reserved_tck ; 15.446 ; 0.000               ;
+---------------------+--------+---------------------+


+----------------------------------------------------------------------------------------------+
; Setup Times                                                                                  ;
+---------------------+---------------------+-------+-------+------------+---------------------+
; Data Port           ; Clock Port          ; Rise  ; Fall  ; Clock Edge ; Clock Reference     ;
+---------------------+---------------------+-------+-------+------------+---------------------+
; altera_reserved_tdi ; altera_reserved_tck ; 2.134 ; 2.607 ; Rise       ; altera_reserved_tck ;
; altera_reserved_tms ; altera_reserved_tck ; 2.518 ; 3.067 ; Rise       ; altera_reserved_tck ;
+---------------------+---------------------+-------+-------+------------+---------------------+


+----------------------------------------------------------------------------------------------+
; Hold Times                                                                                   ;
+---------------------+---------------------+-------+-------+------------+---------------------+
; Data Port           ; Clock Port          ; Rise  ; Fall  ; Clock Edge ; Clock Reference     ;
+---------------------+---------------------+-------+-------+------------+---------------------+
; altera_reserved_tdi ; altera_reserved_tck ; 0.959 ; 0.653 ; Rise       ; altera_reserved_tck ;
; altera_reserved_tms ; altera_reserved_tck ; 0.705 ; 0.377 ; Rise       ; altera_reserved_tck ;
+---------------------+---------------------+-------+-------+------------+---------------------+


+----------------------------------------------------------------------------------------------+
; Clock to Output Times                                                                        ;
+---------------------+---------------------+-------+-------+------------+---------------------+
; Data Port           ; Clock Port          ; Rise  ; Fall  ; Clock Edge ; Clock Reference     ;
+---------------------+---------------------+-------+-------+------------+---------------------+
; altera_reserved_tdo ; altera_reserved_tck ; 6.038 ; 6.064 ; Rise       ; altera_reserved_tck ;
; altera_reserved_tdo ; altera_reserved_tck ; 6.969 ; 6.888 ; Fall       ; altera_reserved_tck ;
+---------------------+---------------------+-------+-------+------------+---------------------+


+----------------------------------------------------------------------------------------------+
; Minimum Clock to Output Times                                                                ;
+---------------------+---------------------+-------+-------+------------+---------------------+
; Data Port           ; Clock Port          ; Rise  ; Fall  ; Clock Edge ; Clock Reference     ;
+---------------------+---------------------+-------+-------+------------+---------------------+
; altera_reserved_tdo ; altera_reserved_tck ; 5.743 ; 5.754 ; Rise       ; altera_reserved_tck ;
; altera_reserved_tdo ; altera_reserved_tck ; 5.649 ; 5.690 ; Fall       ; altera_reserved_tck ;
+---------------------+---------------------+-------+-------+------------+---------------------+


+--------------------------------------------------------------+
; Propagation Delay                                            ;
+------------+-------------+--------+--------+--------+--------+
; Input Port ; Output Port ; RR     ; RF     ; FR     ; FF     ;
+------------+-------------+--------+--------+--------+--------+
; clk_clk    ; hdmi_clk    ; 14.155 ; 13.923 ; 14.376 ; 14.144 ;
+------------+-------------+--------+--------+--------+--------+


+--------------------------------------------------------------+
; Minimum Propagation Delay                                    ;
+------------+-------------+--------+--------+--------+--------+
; Input Port ; Output Port ; RR     ; RF     ; FR     ; FF     ;
+------------+-------------+--------+--------+--------+--------+
; clk_clk    ; hdmi_clk    ; 11.487 ; 11.267 ; 11.704 ; 11.484 ;
+------------+-------------+--------+--------+--------+--------+


------------------------------------------------
; Slow 1100mV -40C Model Metastability Summary ;
------------------------------------------------
Worst-Case MTBF of Design is 1e+09 years or 3.15e+16 seconds.
Typical MTBF of Design is 1e+09 years or 3.15e+16 seconds.

Number of Synchronizer Chains Found: 2
Shortest Synchronizer Chain: 2 Registers
Fraction of Chains for which MTBFs Could Not be Calculated: 0.000
Worst Case Available Settling Time: 61.833 ns

Worst-Case MTBF values are calculated based on the worst-case silicon characteristics, with worst-case operating conditions.
  - Under worst-case conditions, an increase of 100ps in available settling time will increase MTBF values by a factor of 1.7
Typical MTBF values are calculated based on the nominal silicon characteristics, at nominal operating conditions.
  - Under typical conditions, an increase of 100ps in available settling time will increase MTBF values by a factor of 17.8



+----------------------------------------------+
; Fast 1100mV 100C Model Setup Summary         ;
+---------------------+--------+---------------+
; Clock               ; Slack  ; End Point TNS ;
+---------------------+--------+---------------+
; altera_reserved_tck ; 12.971 ; 0.000         ;
+---------------------+--------+---------------+


+---------------------------------------------+
; Fast 1100mV 100C Model Hold Summary         ;
+---------------------+-------+---------------+
; Clock               ; Slack ; End Point TNS ;
+---------------------+-------+---------------+
; altera_reserved_tck ; 0.022 ; 0.000         ;
+---------------------+-------+---------------+


+----------------------------------------------+
; Fast 1100mV 100C Model Recovery Summary      ;
+---------------------+--------+---------------+
; Clock               ; Slack  ; End Point TNS ;
+---------------------+--------+---------------+
; altera_reserved_tck ; 15.802 ; 0.000         ;
+---------------------+--------+---------------+


+---------------------------------------------+
; Fast 1100mV 100C Model Removal Summary      ;
+---------------------+-------+---------------+
; Clock               ; Slack ; End Point TNS ;
+---------------------+-------+---------------+
; altera_reserved_tck ; 0.309 ; 0.000         ;
+---------------------+-------+---------------+


+----------------------------------------------------+
; Fast 1100mV 100C Model Minimum Pulse Width Summary ;
+---------------------+--------+---------------------+
; Clock               ; Slack  ; End Point TNS       ;
+---------------------+--------+---------------------+
; altera_reserved_tck ; 15.385 ; 0.000               ;
+---------------------+--------+---------------------+


+----------------------------------------------------------------------------------------------+
; Setup Times                                                                                  ;
+---------------------+---------------------+-------+-------+------------+---------------------+
; Data Port           ; Clock Port          ; Rise  ; Fall  ; Clock Edge ; Clock Reference     ;
+---------------------+---------------------+-------+-------+------------+---------------------+
; altera_reserved_tdi ; altera_reserved_tck ; 1.095 ; 1.974 ; Rise       ; altera_reserved_tck ;
; altera_reserved_tms ; altera_reserved_tck ; 1.237 ; 2.186 ; Rise       ; altera_reserved_tck ;
+---------------------+---------------------+-------+-------+------------+---------------------+


+-----------------------------------------------------------------------------------------------+
; Hold Times                                                                                    ;
+---------------------+---------------------+-------+--------+------------+---------------------+
; Data Port           ; Clock Port          ; Rise  ; Fall   ; Clock Edge ; Clock Reference     ;
+---------------------+---------------------+-------+--------+------------+---------------------+
; altera_reserved_tdi ; altera_reserved_tck ; 0.432 ; -0.248 ; Rise       ; altera_reserved_tck ;
; altera_reserved_tms ; altera_reserved_tck ; 0.408 ; -0.348 ; Rise       ; altera_reserved_tck ;
+---------------------+---------------------+-------+--------+------------+---------------------+


+----------------------------------------------------------------------------------------------+
; Clock to Output Times                                                                        ;
+---------------------+---------------------+-------+-------+------------+---------------------+
; Data Port           ; Clock Port          ; Rise  ; Fall  ; Clock Edge ; Clock Reference     ;
+---------------------+---------------------+-------+-------+------------+---------------------+
; altera_reserved_tdo ; altera_reserved_tck ; 3.429 ; 3.484 ; Rise       ; altera_reserved_tck ;
; altera_reserved_tdo ; altera_reserved_tck ; 4.409 ; 4.469 ; Fall       ; altera_reserved_tck ;
+---------------------+---------------------+-------+-------+------------+---------------------+


+----------------------------------------------------------------------------------------------+
; Minimum Clock to Output Times                                                                ;
+---------------------+---------------------+-------+-------+------------+---------------------+
; Data Port           ; Clock Port          ; Rise  ; Fall  ; Clock Edge ; Clock Reference     ;
+---------------------+---------------------+-------+-------+------------+---------------------+
; altera_reserved_tdo ; altera_reserved_tck ; 3.318 ; 3.367 ; Rise       ; altera_reserved_tck ;
; altera_reserved_tdo ; altera_reserved_tck ; 3.819 ; 3.881 ; Fall       ; altera_reserved_tck ;
+---------------------+---------------------+-------+-------+------------+---------------------+


+----------------------------------------------------------+
; Propagation Delay                                        ;
+------------+-------------+-------+-------+-------+-------+
; Input Port ; Output Port ; RR    ; RF    ; FR    ; FF    ;
+------------+-------------+-------+-------+-------+-------+
; clk_clk    ; hdmi_clk    ; 7.417 ; 7.350 ; 8.044 ; 7.977 ;
+------------+-------------+-------+-------+-------+-------+


+----------------------------------------------------------+
; Minimum Propagation Delay                                ;
+------------+-------------+-------+-------+-------+-------+
; Input Port ; Output Port ; RR    ; RF    ; FR    ; FF    ;
+------------+-------------+-------+-------+-------+-------+
; clk_clk    ; hdmi_clk    ; 6.179 ; 6.107 ; 6.811 ; 6.739 ;
+------------+-------------+-------+-------+-------+-------+


------------------------------------------------
; Fast 1100mV 100C Model Metastability Summary ;
------------------------------------------------
Worst-Case MTBF of Design is 1e+09 years or 3.15e+16 seconds.
Typical MTBF of Design is 1e+09 years or 3.15e+16 seconds.

Number of Synchronizer Chains Found: 2
Shortest Synchronizer Chain: 2 Registers
Fraction of Chains for which MTBFs Could Not be Calculated: 0.000
Worst Case Available Settling Time: 63.564 ns

Worst-Case MTBF values are calculated based on the worst-case silicon characteristics, with worst-case operating conditions.
  - Under worst-case conditions, an increase of 100ps in available settling time will increase MTBF values by a factor of 8.0
Typical MTBF values are calculated based on the nominal silicon characteristics, at nominal operating conditions.
  - Under typical conditions, an increase of 100ps in available settling time will increase MTBF values by a factor of 17.8



+----------------------------------------------+
; Fast 1100mV -40C Model Setup Summary         ;
+---------------------+--------+---------------+
; Clock               ; Slack  ; End Point TNS ;
+---------------------+--------+---------------+
; altera_reserved_tck ; 13.661 ; 0.000         ;
+---------------------+--------+---------------+


+---------------------------------------------+
; Fast 1100mV -40C Model Hold Summary         ;
+---------------------+-------+---------------+
; Clock               ; Slack ; End Point TNS ;
+---------------------+-------+---------------+
; altera_reserved_tck ; 0.004 ; 0.000         ;
+---------------------+-------+---------------+


+----------------------------------------------+
; Fast 1100mV -40C Model Recovery Summary      ;
+---------------------+--------+---------------+
; Clock               ; Slack  ; End Point TNS ;
+---------------------+--------+---------------+
; altera_reserved_tck ; 16.065 ; 0.000         ;
+---------------------+--------+---------------+


+---------------------------------------------+
; Fast 1100mV -40C Model Removal Summary      ;
+---------------------+-------+---------------+
; Clock               ; Slack ; End Point TNS ;
+---------------------+-------+---------------+
; altera_reserved_tck ; 0.244 ; 0.000         ;
+---------------------+-------+---------------+


+----------------------------------------------------+
; Fast 1100mV -40C Model Minimum Pulse Width Summary ;
+---------------------+--------+---------------------+
; Clock               ; Slack  ; End Point TNS       ;
+---------------------+--------+---------------------+
; altera_reserved_tck ; 15.392 ; 0.000               ;
+---------------------+--------+---------------------+


+----------------------------------------------------------------------------------------------+
; Setup Times                                                                                  ;
+---------------------+---------------------+-------+-------+------------+---------------------+
; Data Port           ; Clock Port          ; Rise  ; Fall  ; Clock Edge ; Clock Reference     ;
+---------------------+---------------------+-------+-------+------------+---------------------+
; altera_reserved_tdi ; altera_reserved_tck ; 0.991 ; 1.843 ; Rise       ; altera_reserved_tck ;
; altera_reserved_tms ; altera_reserved_tck ; 1.124 ; 2.081 ; Rise       ; altera_reserved_tck ;
+---------------------+---------------------+-------+-------+------------+---------------------+


+-----------------------------------------------------------------------------------------------+
; Hold Times                                                                                    ;
+---------------------+---------------------+-------+--------+------------+---------------------+
; Data Port           ; Clock Port          ; Rise  ; Fall   ; Clock Edge ; Clock Reference     ;
+---------------------+---------------------+-------+--------+------------+---------------------+
; altera_reserved_tdi ; altera_reserved_tck ; 0.425 ; -0.328 ; Rise       ; altera_reserved_tck ;
; altera_reserved_tms ; altera_reserved_tck ; 0.345 ; -0.443 ; Rise       ; altera_reserved_tck ;
+---------------------+---------------------+-------+--------+------------+---------------------+


+----------------------------------------------------------------------------------------------+
; Clock to Output Times                                                                        ;
+---------------------+---------------------+-------+-------+------------+---------------------+
; Data Port           ; Clock Port          ; Rise  ; Fall  ; Clock Edge ; Clock Reference     ;
+---------------------+---------------------+-------+-------+------------+---------------------+
; altera_reserved_tdo ; altera_reserved_tck ; 2.989 ; 3.015 ; Rise       ; altera_reserved_tck ;
; altera_reserved_tdo ; altera_reserved_tck ; 4.014 ; 3.993 ; Fall       ; altera_reserved_tck ;
+---------------------+---------------------+-------+-------+------------+---------------------+


+----------------------------------------------------------------------------------------------+
; Minimum Clock to Output Times                                                                ;
+---------------------+---------------------+-------+-------+------------+---------------------+
; Data Port           ; Clock Port          ; Rise  ; Fall  ; Clock Edge ; Clock Reference     ;
+---------------------+---------------------+-------+-------+------------+---------------------+
; altera_reserved_tdo ; altera_reserved_tck ; 2.880 ; 2.899 ; Rise       ; altera_reserved_tck ;
; altera_reserved_tdo ; altera_reserved_tck ; 3.456 ; 3.488 ; Fall       ; altera_reserved_tck ;
+---------------------+---------------------+-------+-------+------------+---------------------+


+----------------------------------------------------------+
; Propagation Delay                                        ;
+------------+-------------+-------+-------+-------+-------+
; Input Port ; Output Port ; RR    ; RF    ; FR    ; FF    ;
+------------+-------------+-------+-------+-------+-------+
; clk_clk    ; hdmi_clk    ; 6.825 ; 6.743 ; 7.527 ; 7.445 ;
+------------+-------------+-------+-------+-------+-------+


+----------------------------------------------------------+
; Minimum Propagation Delay                                ;
+------------+-------------+-------+-------+-------+-------+
; Input Port ; Output Port ; RR    ; RF    ; FR    ; FF    ;
+------------+-------------+-------+-------+-------+-------+
; clk_clk    ; hdmi_clk    ; 5.656 ; 5.570 ; 6.362 ; 6.276 ;
+------------+-------------+-------+-------+-------+-------+


------------------------------------------------
; Fast 1100mV -40C Model Metastability Summary ;
------------------------------------------------
Worst-Case MTBF of Design is 1e+09 years or 3.15e+16 seconds.
Typical MTBF of Design is 1e+09 years or 3.15e+16 seconds.

Number of Synchronizer Chains Found: 2
Shortest Synchronizer Chain: 2 Registers
Fraction of Chains for which MTBFs Could Not be Calculated: 0.000
Worst Case Available Settling Time: 63.918 ns

Worst-Case MTBF values are calculated based on the worst-case silicon characteristics, with worst-case operating conditions.
  - Under worst-case conditions, an increase of 100ps in available settling time will increase MTBF values by a factor of 1.7
Typical MTBF values are calculated based on the nominal silicon characteristics, at nominal operating conditions.
  - Under typical conditions, an increase of 100ps in available settling time will increase MTBF values by a factor of 17.8



+---------------------------------------------------------------------------------+
; Multicorner Timing Analysis Summary                                             ;
+----------------------+-------+-------+----------+---------+---------------------+
; Clock                ; Setup ; Hold  ; Recovery ; Removal ; Minimum Pulse Width ;
+----------------------+-------+-------+----------+---------+---------------------+
; Worst-case Slack     ; 9.020 ; 0.004 ; 14.273   ; 0.244   ; 15.385              ;
;  altera_reserved_tck ; 9.020 ; 0.004 ; 14.273   ; 0.244   ; 15.385              ;
; Design-wide TNS      ; 0.0   ; 0.0   ; 0.0      ; 0.0     ; 0.0                 ;
;  altera_reserved_tck ; 0.000 ; 0.000 ; 0.000    ; 0.000   ; 0.000               ;
+----------------------+-------+-------+----------+---------+---------------------+


+----------------------------------------------------------------------------------------------+
; Setup Times                                                                                  ;
+---------------------+---------------------+-------+-------+------------+---------------------+
; Data Port           ; Clock Port          ; Rise  ; Fall  ; Clock Edge ; Clock Reference     ;
+---------------------+---------------------+-------+-------+------------+---------------------+
; altera_reserved_tdi ; altera_reserved_tck ; 2.134 ; 2.607 ; Rise       ; altera_reserved_tck ;
; altera_reserved_tms ; altera_reserved_tck ; 2.518 ; 3.067 ; Rise       ; altera_reserved_tck ;
+---------------------+---------------------+-------+-------+------------+---------------------+


+----------------------------------------------------------------------------------------------+
; Hold Times                                                                                   ;
+---------------------+---------------------+-------+-------+------------+---------------------+
; Data Port           ; Clock Port          ; Rise  ; Fall  ; Clock Edge ; Clock Reference     ;
+---------------------+---------------------+-------+-------+------------+---------------------+
; altera_reserved_tdi ; altera_reserved_tck ; 0.959 ; 0.653 ; Rise       ; altera_reserved_tck ;
; altera_reserved_tms ; altera_reserved_tck ; 0.823 ; 0.509 ; Rise       ; altera_reserved_tck ;
+---------------------+---------------------+-------+-------+------------+---------------------+


+----------------------------------------------------------------------------------------------+
; Clock to Output Times                                                                        ;
+---------------------+---------------------+-------+-------+------------+---------------------+
; Data Port           ; Clock Port          ; Rise  ; Fall  ; Clock Edge ; Clock Reference     ;
+---------------------+---------------------+-------+-------+------------+---------------------+
; altera_reserved_tdo ; altera_reserved_tck ; 6.207 ; 6.267 ; Rise       ; altera_reserved_tck ;
; altera_reserved_tdo ; altera_reserved_tck ; 7.173 ; 7.280 ; Fall       ; altera_reserved_tck ;
+---------------------+---------------------+-------+-------+------------+---------------------+


+----------------------------------------------------------------------------------------------+
; Minimum Clock to Output Times                                                                ;
+---------------------+---------------------+-------+-------+------------+---------------------+
; Data Port           ; Clock Port          ; Rise  ; Fall  ; Clock Edge ; Clock Reference     ;
+---------------------+---------------------+-------+-------+------------+---------------------+
; altera_reserved_tdo ; altera_reserved_tck ; 2.880 ; 2.899 ; Rise       ; altera_reserved_tck ;
; altera_reserved_tdo ; altera_reserved_tck ; 3.456 ; 3.488 ; Fall       ; altera_reserved_tck ;
+---------------------+---------------------+-------+-------+------------+---------------------+


+--------------------------------------------------------------+
; Propagation Delay                                            ;
+------------+-------------+--------+--------+--------+--------+
; Input Port ; Output Port ; RR     ; RF     ; FR     ; FF     ;
+------------+-------------+--------+--------+--------+--------+
; clk_clk    ; hdmi_clk    ; 14.462 ; 14.299 ; 14.698 ; 14.535 ;
+------------+-------------+--------+--------+--------+--------+


+----------------------------------------------------------+
; Minimum Propagation Delay                                ;
+------------+-------------+-------+-------+-------+-------+
; Input Port ; Output Port ; RR    ; RF    ; FR    ; FF    ;
+------------+-------------+-------+-------+-------+-------+
; clk_clk    ; hdmi_clk    ; 5.656 ; 5.570 ; 6.362 ; 6.276 ;
+------------+-------------+-------+-------+-------+-------+


+----------------------------------------------------------------------------------------------------------------------------------------------------------------------------------------------------------------------------------------------------------------------------------------------------------------------------------------------------------------------------------------------------------------------------------------+
; Board Trace Model Assignments                                                                                                                                                                                                                                                                                                                                                                                                          ;
+-------------------------------------+--------------+-------------------+-------------------------+-------------------------+---------------+---------------------+----------------+------------------+--------+------------------+------------------------+------------------------+--------------+---------------+-----------------+-------+---------------------+--------------------+---------------+-----------------+-------------+
; Pin                                 ; I/O Standard ; Near Tline Length ; Near Tline L per Length ; Near Tline C per Length ; Near Series R ; Near Differential R ; Near Pull-up R ; Near Pull-down R ; Near C ; Far Tline Length ; Far Tline L per Length ; Far Tline C per Length ; Far Series R ; Far Pull-up R ; Far Pull-down R ; Far C ; Termination Voltage ; Far Differential R ; EBD File Name ; EBD Signal Name ; EBD Far-end ;
+-------------------------------------+--------------+-------------------+-------------------------+-------------------------+---------------+---------------------+----------------+------------------+--------+------------------+------------------------+------------------------+--------------+---------------+-----------------+-------+---------------------+--------------------+---------------+-----------------+-------------+
; hdmi_de                             ; 3.3-V LVTTL  ; 0 in              ; 0 H/in                  ; 0 F/in                  ; short         ; -                   ; open           ; open             ; open   ; 0 in             ; 0 H/in                 ; 0 F/in                 ; short        ; open          ; open            ; open  ; 0 V                 ; -                  ; n/a           ; n/a             ; n/a         ;
; hdmi_hs                             ; 3.3-V LVTTL  ; 0 in              ; 0 H/in                  ; 0 F/in                  ; short         ; -                   ; open           ; open             ; open   ; 0 in             ; 0 H/in                 ; 0 F/in                 ; short        ; open          ; open            ; open  ; 0 V                 ; -                  ; n/a           ; n/a             ; n/a         ;
; hdmi_vs                             ; 3.3-V LVTTL  ; 0 in              ; 0 H/in                  ; 0 F/in                  ; short         ; -                   ; open           ; open             ; open   ; 0 in             ; 0 H/in                 ; 0 F/in                 ; short        ; open          ; open            ; open  ; 0 V                 ; -                  ; n/a           ; n/a             ; n/a         ;
; hdmi_clk                            ; 3.3-V LVTTL  ; 0 in              ; 0 H/in                  ; 0 F/in                  ; short         ; -                   ; open           ; open             ; open   ; 0 in             ; 0 H/in                 ; 0 F/in                 ; short        ; open          ; open            ; open  ; 0 V                 ; -                  ; n/a           ; n/a             ; n/a         ;
; hdmi_data[23]                       ; 3.3-V LVTTL  ; 0 in              ; 0 H/in                  ; 0 F/in                  ; short         ; -                   ; open           ; open             ; open   ; 0 in             ; 0 H/in                 ; 0 F/in                 ; short        ; open          ; open            ; open  ; 0 V                 ; -                  ; n/a           ; n/a             ; n/a         ;
; hdmi_data[22]                       ; 3.3-V LVTTL  ; 0 in              ; 0 H/in                  ; 0 F/in                  ; short         ; -                   ; open           ; open             ; open   ; 0 in             ; 0 H/in                 ; 0 F/in                 ; short        ; open          ; open            ; open  ; 0 V                 ; -                  ; n/a           ; n/a             ; n/a         ;
; hdmi_data[21]                       ; 3.3-V LVTTL  ; 0 in              ; 0 H/in                  ; 0 F/in                  ; short         ; -                   ; open           ; open             ; open   ; 0 in             ; 0 H/in                 ; 0 F/in                 ; short        ; open          ; open            ; open  ; 0 V                 ; -                  ; n/a           ; n/a             ; n/a         ;
; hdmi_data[20]                       ; 3.3-V LVTTL  ; 0 in              ; 0 H/in                  ; 0 F/in                  ; short         ; -                   ; open           ; open             ; open   ; 0 in             ; 0 H/in                 ; 0 F/in                 ; short        ; open          ; open            ; open  ; 0 V                 ; -                  ; n/a           ; n/a             ; n/a         ;
; hdmi_data[19]                       ; 3.3-V LVTTL  ; 0 in              ; 0 H/in                  ; 0 F/in                  ; short         ; -                   ; open           ; open             ; open   ; 0 in             ; 0 H/in                 ; 0 F/in                 ; short        ; open          ; open            ; open  ; 0 V                 ; -                  ; n/a           ; n/a             ; n/a         ;
; hdmi_data[18]                       ; 3.3-V LVTTL  ; 0 in              ; 0 H/in                  ; 0 F/in                  ; short         ; -                   ; open           ; open             ; open   ; 0 in             ; 0 H/in                 ; 0 F/in                 ; short        ; open          ; open            ; open  ; 0 V                 ; -                  ; n/a           ; n/a             ; n/a         ;
; hdmi_data[17]                       ; 3.3-V LVTTL  ; 0 in              ; 0 H/in                  ; 0 F/in                  ; short         ; -                   ; open           ; open             ; open   ; 0 in             ; 0 H/in                 ; 0 F/in                 ; short        ; open          ; open            ; open  ; 0 V                 ; -                  ; n/a           ; n/a             ; n/a         ;
; hdmi_data[16]                       ; 3.3-V LVTTL  ; 0 in              ; 0 H/in                  ; 0 F/in                  ; short         ; -                   ; open           ; open             ; open   ; 0 in             ; 0 H/in                 ; 0 F/in                 ; short        ; open          ; open            ; open  ; 0 V                 ; -                  ; n/a           ; n/a             ; n/a         ;
; hdmi_data[15]                       ; 3.3-V LVTTL  ; 0 in              ; 0 H/in                  ; 0 F/in                  ; short         ; -                   ; open           ; open             ; open   ; 0 in             ; 0 H/in                 ; 0 F/in                 ; short        ; open          ; open            ; open  ; 0 V                 ; -                  ; n/a           ; n/a             ; n/a         ;
; hdmi_data[14]                       ; 3.3-V LVTTL  ; 0 in              ; 0 H/in                  ; 0 F/in                  ; short         ; -                   ; open           ; open             ; open   ; 0 in             ; 0 H/in                 ; 0 F/in                 ; short        ; open          ; open            ; open  ; 0 V                 ; -                  ; n/a           ; n/a             ; n/a         ;
; hdmi_data[13]                       ; 3.3-V LVTTL  ; 0 in              ; 0 H/in                  ; 0 F/in                  ; short         ; -                   ; open           ; open             ; open   ; 0 in             ; 0 H/in                 ; 0 F/in                 ; short        ; open          ; open            ; open  ; 0 V                 ; -                  ; n/a           ; n/a             ; n/a         ;
; hdmi_data[12]                       ; 3.3-V LVTTL  ; 0 in              ; 0 H/in                  ; 0 F/in                  ; short         ; -                   ; open           ; open             ; open   ; 0 in             ; 0 H/in                 ; 0 F/in                 ; short        ; open          ; open            ; open  ; 0 V                 ; -                  ; n/a           ; n/a             ; n/a         ;
; hdmi_data[11]                       ; 3.3-V LVTTL  ; 0 in              ; 0 H/in                  ; 0 F/in                  ; short         ; -                   ; open           ; open             ; open   ; 0 in             ; 0 H/in                 ; 0 F/in                 ; short        ; open          ; open            ; open  ; 0 V                 ; -                  ; n/a           ; n/a             ; n/a         ;
; hdmi_data[10]                       ; 3.3-V LVTTL  ; 0 in              ; 0 H/in                  ; 0 F/in                  ; short         ; -                   ; open           ; open             ; open   ; 0 in             ; 0 H/in                 ; 0 F/in                 ; short        ; open          ; open            ; open  ; 0 V                 ; -                  ; n/a           ; n/a             ; n/a         ;
; hdmi_data[9]                        ; 3.3-V LVTTL  ; 0 in              ; 0 H/in                  ; 0 F/in                  ; short         ; -                   ; open           ; open             ; open   ; 0 in             ; 0 H/in                 ; 0 F/in                 ; short        ; open          ; open            ; open  ; 0 V                 ; -                  ; n/a           ; n/a             ; n/a         ;
; hdmi_data[8]                        ; 3.3-V LVTTL  ; 0 in              ; 0 H/in                  ; 0 F/in                  ; short         ; -                   ; open           ; open             ; open   ; 0 in             ; 0 H/in                 ; 0 F/in                 ; short        ; open          ; open            ; open  ; 0 V                 ; -                  ; n/a           ; n/a             ; n/a         ;
; hdmi_data[7]                        ; 3.3-V LVTTL  ; 0 in              ; 0 H/in                  ; 0 F/in                  ; short         ; -                   ; open           ; open             ; open   ; 0 in             ; 0 H/in                 ; 0 F/in                 ; short        ; open          ; open            ; open  ; 0 V                 ; -                  ; n/a           ; n/a             ; n/a         ;
; hdmi_data[6]                        ; 3.3-V LVTTL  ; 0 in              ; 0 H/in                  ; 0 F/in                  ; short         ; -                   ; open           ; open             ; open   ; 0 in             ; 0 H/in                 ; 0 F/in                 ; short        ; open          ; open            ; open  ; 0 V                 ; -                  ; n/a           ; n/a             ; n/a         ;
; hdmi_data[5]                        ; 3.3-V LVTTL  ; 0 in              ; 0 H/in                  ; 0 F/in                  ; short         ; -                   ; open           ; open             ; open   ; 0 in             ; 0 H/in                 ; 0 F/in                 ; short        ; open          ; open            ; open  ; 0 V                 ; -                  ; n/a           ; n/a             ; n/a         ;
; hdmi_data[4]                        ; 3.3-V LVTTL  ; 0 in              ; 0 H/in                  ; 0 F/in                  ; short         ; -                   ; open           ; open             ; open   ; 0 in             ; 0 H/in                 ; 0 F/in                 ; short        ; open          ; open            ; open  ; 0 V                 ; -                  ; n/a           ; n/a             ; n/a         ;
; hdmi_data[3]                        ; 3.3-V LVTTL  ; 0 in              ; 0 H/in                  ; 0 F/in                  ; short         ; -                   ; open           ; open             ; open   ; 0 in             ; 0 H/in                 ; 0 F/in                 ; short        ; open          ; open            ; open  ; 0 V                 ; -                  ; n/a           ; n/a             ; n/a         ;
; hdmi_data[2]                        ; 3.3-V LVTTL  ; 0 in              ; 0 H/in                  ; 0 F/in                  ; short         ; -                   ; open           ; open             ; open   ; 0 in             ; 0 H/in                 ; 0 F/in                 ; short        ; open          ; open            ; open  ; 0 V                 ; -                  ; n/a           ; n/a             ; n/a         ;
; hdmi_data[1]                        ; 3.3-V LVTTL  ; 0 in              ; 0 H/in                  ; 0 F/in                  ; short         ; -                   ; open           ; open             ; open   ; 0 in             ; 0 H/in                 ; 0 F/in                 ; short        ; open          ; open            ; open  ; 0 V                 ; -                  ; n/a           ; n/a             ; n/a         ;
; hdmi_data[0]                        ; 3.3-V LVTTL  ; 0 in              ; 0 H/in                  ; 0 F/in                  ; short         ; -                   ; open           ; open             ; open   ; 0 in             ; 0 H/in                 ; 0 F/in                 ; short        ; open          ; open            ; open  ; 0 V                 ; -                  ; n/a           ; n/a             ; n/a         ;
; pio_0_external_connection_export[7] ; 3.3-V LVTTL  ; 0 in              ; 0 H/in                  ; 0 F/in                  ; short         ; -                   ; open           ; open             ; open   ; 0 in             ; 0 H/in                 ; 0 F/in                 ; short        ; open          ; open            ; open  ; 0 V                 ; -                  ; n/a           ; n/a             ; n/a         ;
; pio_0_external_connection_export[6] ; 3.3-V LVTTL  ; 0 in              ; 0 H/in                  ; 0 F/in                  ; short         ; -                   ; open           ; open             ; open   ; 0 in             ; 0 H/in                 ; 0 F/in                 ; short        ; open          ; open            ; open  ; 0 V                 ; -                  ; n/a           ; n/a             ; n/a         ;
; pio_0_external_connection_export[5] ; 3.3-V LVTTL  ; 0 in              ; 0 H/in                  ; 0 F/in                  ; short         ; -                   ; open           ; open             ; open   ; 0 in             ; 0 H/in                 ; 0 F/in                 ; short        ; open          ; open            ; open  ; 0 V                 ; -                  ; n/a           ; n/a             ; n/a         ;
; pio_0_external_connection_export[4] ; 3.3-V LVTTL  ; 0 in              ; 0 H/in                  ; 0 F/in                  ; short         ; -                   ; open           ; open             ; open   ; 0 in             ; 0 H/in                 ; 0 F/in                 ; short        ; open          ; open            ; open  ; 0 V                 ; -                  ; n/a           ; n/a             ; n/a         ;
; pio_0_external_connection_export[3] ; 3.3-V LVTTL  ; 0 in              ; 0 H/in                  ; 0 F/in                  ; short         ; -                   ; open           ; open             ; open   ; 0 in             ; 0 H/in                 ; 0 F/in                 ; short        ; open          ; open            ; open  ; 0 V                 ; -                  ; n/a           ; n/a             ; n/a         ;
; pio_0_external_connection_export[2] ; 3.3-V LVTTL  ; 0 in              ; 0 H/in                  ; 0 F/in                  ; short         ; -                   ; open           ; open             ; open   ; 0 in             ; 0 H/in                 ; 0 F/in                 ; short        ; open          ; open            ; open  ; 0 V                 ; -                  ; n/a           ; n/a             ; n/a         ;
; pio_0_external_connection_export[1] ; 3.3-V LVTTL  ; 0 in              ; 0 H/in                  ; 0 F/in                  ; short         ; -                   ; open           ; open             ; open   ; 0 in             ; 0 H/in                 ; 0 F/in                 ; short        ; open          ; open            ; open  ; 0 V                 ; -                  ; n/a           ; n/a             ; n/a         ;
; pio_0_external_connection_export[0] ; 3.3-V LVTTL  ; 0 in              ; 0 H/in                  ; 0 F/in                  ; short         ; -                   ; open           ; open             ; open   ; 0 in             ; 0 H/in                 ; 0 F/in                 ; short        ; open          ; open            ; open  ; 0 V                 ; -                  ; n/a           ; n/a             ; n/a         ;
; altera_reserved_tdo                 ; 3.3-V LVTTL  ; 0 in              ; 0 H/in                  ; 0 F/in                  ; short         ; -                   ; open           ; open             ; open   ; 0 in             ; 0 H/in                 ; 0 F/in                 ; short        ; open          ; open            ; open  ; 0 V                 ; -                  ; n/a           ; n/a             ; n/a         ;
+-------------------------------------+--------------+-------------------+-------------------------+-------------------------+---------------+---------------------+----------------+------------------+--------+------------------+------------------------+------------------------+--------------+---------------+-----------------+-------+---------------------+--------------------+---------------+-----------------+-------------+


+------------------------------------------------------------------------+
; Input Transition Times                                                 ;
+---------------------+--------------+-----------------+-----------------+
; Pin                 ; I/O Standard ; 10-90 Rise Time ; 90-10 Fall Time ;
+---------------------+--------------+-----------------+-----------------+
; synchro_trame       ; 3.3-V LVTTL  ; 2640 ps         ; 2640 ps         ;
; clk_clk             ; 3.3-V LVTTL  ; 2640 ps         ; 2640 ps         ;
; reset_reset_n       ; 3.3-V LVTTL  ; 2640 ps         ; 2640 ps         ;
; RGB_value           ; 3.3-V LVTTL  ; 2640 ps         ; 2640 ps         ;
; altera_reserved_tms ; 3.3-V LVTTL  ; 2640 ps         ; 2640 ps         ;
; altera_reserved_tck ; 3.3-V LVTTL  ; 2640 ps         ; 2640 ps         ;
; altera_reserved_tdi ; 3.3-V LVTTL  ; 2640 ps         ; 2640 ps         ;
+---------------------+--------------+-----------------+-----------------+


+------------------------------------------------------------------------------------------------------------------------------------------------------------------------------------------------------------------------------------------------------------------------------------------------------------------------------------------------------------------------------------------------------------------------------------------------------------------------------------------------------------------------------------------------------------------------------------------------------------------------------------------------------------------------------------------------------------------+
; Signal Integrity Metrics (Slow 1100mv n40c Model)                                                                                                                                                                                                                                                                                                                                                                                                                                                                                                                                                                                                                                                                ;
+-------------------------------------+--------------+---------------------+---------------------+------------------------------+------------------------------+---------------------+---------------------+--------------------------------------+--------------------------------------+-----------------------------+-----------------------------+----------------------------+----------------------------+-----------------------------+-----------------------------+--------------------+--------------------+-------------------------------------+-------------------------------------+----------------------------+----------------------------+---------------------------+---------------------------+
; Pin                                 ; I/O Standard ; Board Delay on Rise ; Board Delay on Fall ; Steady State Voh at FPGA Pin ; Steady State Vol at FPGA Pin ; Voh Max at FPGA Pin ; Vol Min at FPGA Pin ; Ringback Voltage on Rise at FPGA Pin ; Ringback Voltage on Fall at FPGA Pin ; 10-90 Rise Time at FPGA Pin ; 90-10 Fall Time at FPGA Pin ; Monotonic Rise at FPGA Pin ; Monotonic Fall at FPGA Pin ; Steady State Voh at Far-end ; Steady State Vol at Far-end ; Voh Max at Far-end ; Vol Min at Far-end ; Ringback Voltage on Rise at Far-end ; Ringback Voltage on Fall at Far-end ; 10-90 Rise Time at Far-end ; 90-10 Fall Time at Far-end ; Monotonic Rise at Far-end ; Monotonic Fall at Far-end ;
+-------------------------------------+--------------+---------------------+---------------------+------------------------------+------------------------------+---------------------+---------------------+--------------------------------------+--------------------------------------+-----------------------------+-----------------------------+----------------------------+----------------------------+-----------------------------+-----------------------------+--------------------+--------------------+-------------------------------------+-------------------------------------+----------------------------+----------------------------+---------------------------+---------------------------+
; hdmi_de                             ; 3.3-V LVTTL  ; 0 s                 ; 0 s                 ; 3.08 V                       ; 1.47e-08 V                   ; 3.11 V              ; -0.195 V            ; 0.108 V                              ; 0.32 V                               ; 4.03e-10 s                  ; 1.44e-10 s                  ; Yes                        ; No                         ; 3.08 V                      ; 1.47e-08 V                  ; 3.11 V             ; -0.195 V           ; 0.108 V                             ; 0.32 V                              ; 4.03e-10 s                 ; 1.44e-10 s                 ; Yes                       ; No                        ;
; hdmi_hs                             ; 3.3-V LVTTL  ; 0 s                 ; 0 s                 ; 3.08 V                       ; 1.47e-08 V                   ; 3.11 V              ; -0.195 V            ; 0.108 V                              ; 0.32 V                               ; 4.03e-10 s                  ; 1.44e-10 s                  ; Yes                        ; No                         ; 3.08 V                      ; 1.47e-08 V                  ; 3.11 V             ; -0.195 V           ; 0.108 V                             ; 0.32 V                              ; 4.03e-10 s                 ; 1.44e-10 s                 ; Yes                       ; No                        ;
; hdmi_vs                             ; 3.3-V LVTTL  ; 0 s                 ; 0 s                 ; 3.08 V                       ; 1.47e-08 V                   ; 3.11 V              ; -0.195 V            ; 0.108 V                              ; 0.32 V                               ; 4.03e-10 s                  ; 1.44e-10 s                  ; Yes                        ; No                         ; 3.08 V                      ; 1.47e-08 V                  ; 3.11 V             ; -0.195 V           ; 0.108 V                             ; 0.32 V                              ; 4.03e-10 s                 ; 1.44e-10 s                 ; Yes                       ; No                        ;
; hdmi_clk                            ; 3.3-V LVTTL  ; 0 s                 ; 0 s                 ; 3.08 V                       ; 1.91e-08 V                   ; 3.17 V              ; -0.306 V            ; 0.142 V                              ; 0.425 V                              ; 4.17e-10 s                  ; 1.36e-10 s                  ; Yes                        ; No                         ; 3.08 V                      ; 1.91e-08 V                  ; 3.17 V             ; -0.306 V           ; 0.142 V                             ; 0.425 V                             ; 4.17e-10 s                 ; 1.36e-10 s                 ; Yes                       ; No                        ;
; hdmi_data[23]                       ; 3.3-V LVTTL  ; 0 s                 ; 0 s                 ; 3.08 V                       ; 1.91e-08 V                   ; 3.17 V              ; -0.306 V            ; 0.142 V                              ; 0.425 V                              ; 4.17e-10 s                  ; 1.36e-10 s                  ; Yes                        ; No                         ; 3.08 V                      ; 1.91e-08 V                  ; 3.17 V             ; -0.306 V           ; 0.142 V                             ; 0.425 V                             ; 4.17e-10 s                 ; 1.36e-10 s                 ; Yes                       ; No                        ;
; hdmi_data[22]                       ; 3.3-V LVTTL  ; 0 s                 ; 0 s                 ; 3.08 V                       ; 1.91e-08 V                   ; 3.17 V              ; -0.311 V            ; 0.143 V                              ; 0.424 V                              ; 4.17e-10 s                  ; 1.36e-10 s                  ; Yes                        ; No                         ; 3.08 V                      ; 1.91e-08 V                  ; 3.17 V             ; -0.311 V           ; 0.143 V                             ; 0.424 V                             ; 4.17e-10 s                 ; 1.36e-10 s                 ; Yes                       ; No                        ;
; hdmi_data[21]                       ; 3.3-V LVTTL  ; 0 s                 ; 0 s                 ; 3.08 V                       ; 1.91e-08 V                   ; 3.17 V              ; -0.311 V            ; 0.143 V                              ; 0.424 V                              ; 4.17e-10 s                  ; 1.36e-10 s                  ; Yes                        ; No                         ; 3.08 V                      ; 1.91e-08 V                  ; 3.17 V             ; -0.311 V           ; 0.143 V                             ; 0.424 V                             ; 4.17e-10 s                 ; 1.36e-10 s                 ; Yes                       ; No                        ;
; hdmi_data[20]                       ; 3.3-V LVTTL  ; 0 s                 ; 0 s                 ; 3.08 V                       ; 1.91e-08 V                   ; 3.17 V              ; -0.306 V            ; 0.142 V                              ; 0.425 V                              ; 4.17e-10 s                  ; 1.36e-10 s                  ; Yes                        ; No                         ; 3.08 V                      ; 1.91e-08 V                  ; 3.17 V             ; -0.306 V           ; 0.142 V                             ; 0.425 V                             ; 4.17e-10 s                 ; 1.36e-10 s                 ; Yes                       ; No                        ;
; hdmi_data[19]                       ; 3.3-V LVTTL  ; 0 s                 ; 0 s                 ; 3.08 V                       ; 1.91e-08 V                   ; 3.17 V              ; -0.311 V            ; 0.143 V                              ; 0.424 V                              ; 4.17e-10 s                  ; 1.36e-10 s                  ; Yes                        ; No                         ; 3.08 V                      ; 1.91e-08 V                  ; 3.17 V             ; -0.311 V           ; 0.143 V                             ; 0.424 V                             ; 4.17e-10 s                 ; 1.36e-10 s                 ; Yes                       ; No                        ;
; hdmi_data[18]                       ; 3.3-V LVTTL  ; 0 s                 ; 0 s                 ; 3.08 V                       ; 1.91e-08 V                   ; 3.17 V              ; -0.311 V            ; 0.143 V                              ; 0.424 V                              ; 4.17e-10 s                  ; 1.36e-10 s                  ; Yes                        ; No                         ; 3.08 V                      ; 1.91e-08 V                  ; 3.17 V             ; -0.311 V           ; 0.143 V                             ; 0.424 V                             ; 4.17e-10 s                 ; 1.36e-10 s                 ; Yes                       ; No                        ;
; hdmi_data[17]                       ; 3.3-V LVTTL  ; 0 s                 ; 0 s                 ; 3.08 V                       ; 1.91e-08 V                   ; 3.17 V              ; -0.311 V            ; 0.143 V                              ; 0.424 V                              ; 4.17e-10 s                  ; 1.36e-10 s                  ; Yes                        ; No                         ; 3.08 V                      ; 1.91e-08 V                  ; 3.17 V             ; -0.311 V           ; 0.143 V                             ; 0.424 V                             ; 4.17e-10 s                 ; 1.36e-10 s                 ; Yes                       ; No                        ;
; hdmi_data[16]                       ; 3.3-V LVTTL  ; 0 s                 ; 0 s                 ; 3.08 V                       ; 1.91e-08 V                   ; 3.17 V              ; -0.306 V            ; 0.142 V                              ; 0.425 V                              ; 4.17e-10 s                  ; 1.36e-10 s                  ; Yes                        ; No                         ; 3.08 V                      ; 1.91e-08 V                  ; 3.17 V             ; -0.306 V           ; 0.142 V                             ; 0.425 V                             ; 4.17e-10 s                 ; 1.36e-10 s                 ; Yes                       ; No                        ;
; hdmi_data[15]                       ; 3.3-V LVTTL  ; 0 s                 ; 0 s                 ; 3.08 V                       ; 1.91e-08 V                   ; 3.17 V              ; -0.306 V            ; 0.142 V                              ; 0.425 V                              ; 4.17e-10 s                  ; 1.36e-10 s                  ; Yes                        ; No                         ; 3.08 V                      ; 1.91e-08 V                  ; 3.17 V             ; -0.306 V           ; 0.142 V                             ; 0.425 V                             ; 4.17e-10 s                 ; 1.36e-10 s                 ; Yes                       ; No                        ;
; hdmi_data[14]                       ; 3.3-V LVTTL  ; 0 s                 ; 0 s                 ; 3.08 V                       ; 1.91e-08 V                   ; 3.17 V              ; -0.311 V            ; 0.143 V                              ; 0.424 V                              ; 4.17e-10 s                  ; 1.36e-10 s                  ; Yes                        ; No                         ; 3.08 V                      ; 1.91e-08 V                  ; 3.17 V             ; -0.311 V           ; 0.143 V                             ; 0.424 V                             ; 4.17e-10 s                 ; 1.36e-10 s                 ; Yes                       ; No                        ;
; hdmi_data[13]                       ; 3.3-V LVTTL  ; 0 s                 ; 0 s                 ; 3.08 V                       ; 1.91e-08 V                   ; 3.17 V              ; -0.311 V            ; 0.143 V                              ; 0.424 V                              ; 4.17e-10 s                  ; 1.36e-10 s                  ; Yes                        ; No                         ; 3.08 V                      ; 1.91e-08 V                  ; 3.17 V             ; -0.311 V           ; 0.143 V                             ; 0.424 V                             ; 4.17e-10 s                 ; 1.36e-10 s                 ; Yes                       ; No                        ;
; hdmi_data[12]                       ; 3.3-V LVTTL  ; 0 s                 ; 0 s                 ; 3.08 V                       ; 1.91e-08 V                   ; 3.17 V              ; -0.306 V            ; 0.142 V                              ; 0.425 V                              ; 4.17e-10 s                  ; 1.36e-10 s                  ; Yes                        ; No                         ; 3.08 V                      ; 1.91e-08 V                  ; 3.17 V             ; -0.306 V           ; 0.142 V                             ; 0.425 V                             ; 4.17e-10 s                 ; 1.36e-10 s                 ; Yes                       ; No                        ;
; hdmi_data[11]                       ; 3.3-V LVTTL  ; 0 s                 ; 0 s                 ; 3.08 V                       ; 1.91e-08 V                   ; 3.17 V              ; -0.311 V            ; 0.143 V                              ; 0.424 V                              ; 4.17e-10 s                  ; 1.36e-10 s                  ; Yes                        ; No                         ; 3.08 V                      ; 1.91e-08 V                  ; 3.17 V             ; -0.311 V           ; 0.143 V                             ; 0.424 V                             ; 4.17e-10 s                 ; 1.36e-10 s                 ; Yes                       ; No                        ;
; hdmi_data[10]                       ; 3.3-V LVTTL  ; 0 s                 ; 0 s                 ; 3.08 V                       ; 1.47e-08 V                   ; 3.11 V              ; -0.195 V            ; 0.108 V                              ; 0.32 V                               ; 4.03e-10 s                  ; 1.44e-10 s                  ; Yes                        ; No                         ; 3.08 V                      ; 1.47e-08 V                  ; 3.11 V             ; -0.195 V           ; 0.108 V                             ; 0.32 V                              ; 4.03e-10 s                 ; 1.44e-10 s                 ; Yes                       ; No                        ;
; hdmi_data[9]                        ; 3.3-V LVTTL  ; 0 s                 ; 0 s                 ; 3.08 V                       ; 1.91e-08 V                   ; 3.17 V              ; -0.311 V            ; 0.143 V                              ; 0.424 V                              ; 4.17e-10 s                  ; 1.36e-10 s                  ; Yes                        ; No                         ; 3.08 V                      ; 1.91e-08 V                  ; 3.17 V             ; -0.311 V           ; 0.143 V                             ; 0.424 V                             ; 4.17e-10 s                 ; 1.36e-10 s                 ; Yes                       ; No                        ;
; hdmi_data[8]                        ; 3.3-V LVTTL  ; 0 s                 ; 0 s                 ; 3.08 V                       ; 1.47e-08 V                   ; 3.11 V              ; -0.195 V            ; 0.108 V                              ; 0.32 V                               ; 4.03e-10 s                  ; 1.44e-10 s                  ; Yes                        ; No                         ; 3.08 V                      ; 1.47e-08 V                  ; 3.11 V             ; -0.195 V           ; 0.108 V                             ; 0.32 V                              ; 4.03e-10 s                 ; 1.44e-10 s                 ; Yes                       ; No                        ;
; hdmi_data[7]                        ; 3.3-V LVTTL  ; 0 s                 ; 0 s                 ; 3.08 V                       ; 1.91e-08 V                   ; 3.17 V              ; -0.306 V            ; 0.142 V                              ; 0.425 V                              ; 4.17e-10 s                  ; 1.36e-10 s                  ; Yes                        ; No                         ; 3.08 V                      ; 1.91e-08 V                  ; 3.17 V             ; -0.306 V           ; 0.142 V                             ; 0.425 V                             ; 4.17e-10 s                 ; 1.36e-10 s                 ; Yes                       ; No                        ;
; hdmi_data[6]                        ; 3.3-V LVTTL  ; 0 s                 ; 0 s                 ; 3.08 V                       ; 1.47e-08 V                   ; 3.11 V              ; -0.195 V            ; 0.108 V                              ; 0.32 V                               ; 4.03e-10 s                  ; 1.44e-10 s                  ; Yes                        ; No                         ; 3.08 V                      ; 1.47e-08 V                  ; 3.11 V             ; -0.195 V           ; 0.108 V                             ; 0.32 V                              ; 4.03e-10 s                 ; 1.44e-10 s                 ; Yes                       ; No                        ;
; hdmi_data[5]                        ; 3.3-V LVTTL  ; 0 s                 ; 0 s                 ; 3.08 V                       ; 2e-08 V                      ; 3.17 V              ; -0.245 V            ; 0.166 V                              ; 0.398 V                              ; 4.33e-10 s                  ; 1.46e-10 s                  ; Yes                        ; No                         ; 3.08 V                      ; 2e-08 V                     ; 3.17 V             ; -0.245 V           ; 0.166 V                             ; 0.398 V                             ; 4.33e-10 s                 ; 1.46e-10 s                 ; Yes                       ; No                        ;
; hdmi_data[4]                        ; 3.3-V LVTTL  ; 0 s                 ; 0 s                 ; 3.08 V                       ; 2e-08 V                      ; 3.17 V              ; -0.245 V            ; 0.166 V                              ; 0.398 V                              ; 4.33e-10 s                  ; 1.46e-10 s                  ; Yes                        ; No                         ; 3.08 V                      ; 2e-08 V                     ; 3.17 V             ; -0.245 V           ; 0.166 V                             ; 0.398 V                             ; 4.33e-10 s                 ; 1.46e-10 s                 ; Yes                       ; No                        ;
; hdmi_data[3]                        ; 3.3-V LVTTL  ; 0 s                 ; 0 s                 ; 3.08 V                       ; 1.47e-08 V                   ; 3.11 V              ; -0.195 V            ; 0.108 V                              ; 0.32 V                               ; 4.03e-10 s                  ; 1.44e-10 s                  ; Yes                        ; No                         ; 3.08 V                      ; 1.47e-08 V                  ; 3.11 V             ; -0.195 V           ; 0.108 V                             ; 0.32 V                              ; 4.03e-10 s                 ; 1.44e-10 s                 ; Yes                       ; No                        ;
; hdmi_data[2]                        ; 3.3-V LVTTL  ; 0 s                 ; 0 s                 ; 3.08 V                       ; 2e-08 V                      ; 3.17 V              ; -0.245 V            ; 0.166 V                              ; 0.398 V                              ; 4.33e-10 s                  ; 1.46e-10 s                  ; Yes                        ; No                         ; 3.08 V                      ; 2e-08 V                     ; 3.17 V             ; -0.245 V           ; 0.166 V                             ; 0.398 V                             ; 4.33e-10 s                 ; 1.46e-10 s                 ; Yes                       ; No                        ;
; hdmi_data[1]                        ; 3.3-V LVTTL  ; 0 s                 ; 0 s                 ; 3.08 V                       ; 2e-08 V                      ; 3.17 V              ; -0.245 V            ; 0.166 V                              ; 0.398 V                              ; 4.33e-10 s                  ; 1.46e-10 s                  ; Yes                        ; No                         ; 3.08 V                      ; 2e-08 V                     ; 3.17 V             ; -0.245 V           ; 0.166 V                             ; 0.398 V                             ; 4.33e-10 s                 ; 1.46e-10 s                 ; Yes                       ; No                        ;
; hdmi_data[0]                        ; 3.3-V LVTTL  ; 0 s                 ; 0 s                 ; 3.08 V                       ; 1.47e-08 V                   ; 3.11 V              ; -0.195 V            ; 0.108 V                              ; 0.32 V                               ; 4.03e-10 s                  ; 1.44e-10 s                  ; Yes                        ; No                         ; 3.08 V                      ; 1.47e-08 V                  ; 3.11 V             ; -0.195 V           ; 0.108 V                             ; 0.32 V                              ; 4.03e-10 s                 ; 1.44e-10 s                 ; Yes                       ; No                        ;
; pio_0_external_connection_export[7] ; 3.3-V LVTTL  ; 0 s                 ; 0 s                 ; 3.08 V                       ; 1.47e-08 V                   ; 3.11 V              ; -0.195 V            ; 0.108 V                              ; 0.32 V                               ; 4.03e-10 s                  ; 1.44e-10 s                  ; Yes                        ; No                         ; 3.08 V                      ; 1.47e-08 V                  ; 3.11 V             ; -0.195 V           ; 0.108 V                             ; 0.32 V                              ; 4.03e-10 s                 ; 1.44e-10 s                 ; Yes                       ; No                        ;
; pio_0_external_connection_export[6] ; 3.3-V LVTTL  ; 0 s                 ; 0 s                 ; 3.08 V                       ; 1.91e-08 V                   ; 3.17 V              ; -0.306 V            ; 0.142 V                              ; 0.425 V                              ; 4.17e-10 s                  ; 1.36e-10 s                  ; Yes                        ; No                         ; 3.08 V                      ; 1.91e-08 V                  ; 3.17 V             ; -0.306 V           ; 0.142 V                             ; 0.425 V                             ; 4.17e-10 s                 ; 1.36e-10 s                 ; Yes                       ; No                        ;
; pio_0_external_connection_export[5] ; 3.3-V LVTTL  ; 0 s                 ; 0 s                 ; 3.08 V                       ; 2e-08 V                      ; 3.17 V              ; -0.245 V            ; 0.166 V                              ; 0.398 V                              ; 4.33e-10 s                  ; 1.46e-10 s                  ; Yes                        ; No                         ; 3.08 V                      ; 2e-08 V                     ; 3.17 V             ; -0.245 V           ; 0.166 V                             ; 0.398 V                             ; 4.33e-10 s                 ; 1.46e-10 s                 ; Yes                       ; No                        ;
; pio_0_external_connection_export[4] ; 3.3-V LVTTL  ; 0 s                 ; 0 s                 ; 3.08 V                       ; 1.47e-08 V                   ; 3.11 V              ; -0.195 V            ; 0.108 V                              ; 0.32 V                               ; 4.03e-10 s                  ; 1.44e-10 s                  ; Yes                        ; No                         ; 3.08 V                      ; 1.47e-08 V                  ; 3.11 V             ; -0.195 V           ; 0.108 V                             ; 0.32 V                              ; 4.03e-10 s                 ; 1.44e-10 s                 ; Yes                       ; No                        ;
; pio_0_external_connection_export[3] ; 3.3-V LVTTL  ; 0 s                 ; 0 s                 ; 3.08 V                       ; 1.91e-08 V                   ; 3.17 V              ; -0.306 V            ; 0.142 V                              ; 0.425 V                              ; 4.17e-10 s                  ; 1.36e-10 s                  ; Yes                        ; No                         ; 3.08 V                      ; 1.91e-08 V                  ; 3.17 V             ; -0.306 V           ; 0.142 V                             ; 0.425 V                             ; 4.17e-10 s                 ; 1.36e-10 s                 ; Yes                       ; No                        ;
; pio_0_external_connection_export[2] ; 3.3-V LVTTL  ; 0 s                 ; 0 s                 ; 3.08 V                       ; 1.91e-08 V                   ; 3.17 V              ; -0.311 V            ; 0.143 V                              ; 0.424 V                              ; 4.17e-10 s                  ; 1.36e-10 s                  ; Yes                        ; No                         ; 3.08 V                      ; 1.91e-08 V                  ; 3.17 V             ; -0.311 V           ; 0.143 V                             ; 0.424 V                             ; 4.17e-10 s                 ; 1.36e-10 s                 ; Yes                       ; No                        ;
; pio_0_external_connection_export[1] ; 3.3-V LVTTL  ; 0 s                 ; 0 s                 ; 3.08 V                       ; 2e-08 V                      ; 3.17 V              ; -0.245 V            ; 0.166 V                              ; 0.398 V                              ; 4.33e-10 s                  ; 1.46e-10 s                  ; Yes                        ; No                         ; 3.08 V                      ; 2e-08 V                     ; 3.17 V             ; -0.245 V           ; 0.166 V                             ; 0.398 V                             ; 4.33e-10 s                 ; 1.46e-10 s                 ; Yes                       ; No                        ;
; pio_0_external_connection_export[0] ; 3.3-V LVTTL  ; 0 s                 ; 0 s                 ; 3.08 V                       ; 1.91e-08 V                   ; 3.17 V              ; -0.311 V            ; 0.143 V                              ; 0.424 V                              ; 4.17e-10 s                  ; 1.36e-10 s                  ; Yes                        ; No                         ; 3.08 V                      ; 1.91e-08 V                  ; 3.17 V             ; -0.311 V           ; 0.143 V                             ; 0.424 V                             ; 4.17e-10 s                 ; 1.36e-10 s                 ; Yes                       ; No                        ;
; altera_reserved_tdo                 ; 3.3-V LVTTL  ; 0 s                 ; 0 s                 ; 3.08 V                       ; 2.56e-08 V                   ; 3.11 V              ; -0.0792 V           ; 0.135 V                              ; 0.16 V                               ; 5.59e-10 s                  ; 2.59e-10 s                  ; Yes                        ; Yes                        ; 3.08 V                      ; 2.56e-08 V                  ; 3.11 V             ; -0.0792 V          ; 0.135 V                             ; 0.16 V                              ; 5.59e-10 s                 ; 2.59e-10 s                 ; Yes                       ; Yes                       ;
+-------------------------------------+--------------+---------------------+---------------------+------------------------------+------------------------------+---------------------+---------------------+--------------------------------------+--------------------------------------+-----------------------------+-----------------------------+----------------------------+----------------------------+-----------------------------+-----------------------------+--------------------+--------------------+-------------------------------------+-------------------------------------+----------------------------+----------------------------+---------------------------+---------------------------+


+------------------------------------------------------------------------------------------------------------------------------------------------------------------------------------------------------------------------------------------------------------------------------------------------------------------------------------------------------------------------------------------------------------------------------------------------------------------------------------------------------------------------------------------------------------------------------------------------------------------------------------------------------------------------------------------------------------------+
; Signal Integrity Metrics (Slow 1100mv 100c Model)                                                                                                                                                                                                                                                                                                                                                                                                                                                                                                                                                                                                                                                                ;
+-------------------------------------+--------------+---------------------+---------------------+------------------------------+------------------------------+---------------------+---------------------+--------------------------------------+--------------------------------------+-----------------------------+-----------------------------+----------------------------+----------------------------+-----------------------------+-----------------------------+--------------------+--------------------+-------------------------------------+-------------------------------------+----------------------------+----------------------------+---------------------------+---------------------------+
; Pin                                 ; I/O Standard ; Board Delay on Rise ; Board Delay on Fall ; Steady State Voh at FPGA Pin ; Steady State Vol at FPGA Pin ; Voh Max at FPGA Pin ; Vol Min at FPGA Pin ; Ringback Voltage on Rise at FPGA Pin ; Ringback Voltage on Fall at FPGA Pin ; 10-90 Rise Time at FPGA Pin ; 90-10 Fall Time at FPGA Pin ; Monotonic Rise at FPGA Pin ; Monotonic Fall at FPGA Pin ; Steady State Voh at Far-end ; Steady State Vol at Far-end ; Voh Max at Far-end ; Vol Min at Far-end ; Ringback Voltage on Rise at Far-end ; Ringback Voltage on Fall at Far-end ; 10-90 Rise Time at Far-end ; 90-10 Fall Time at Far-end ; Monotonic Rise at Far-end ; Monotonic Fall at Far-end ;
+-------------------------------------+--------------+---------------------+---------------------+------------------------------+------------------------------+---------------------+---------------------+--------------------------------------+--------------------------------------+-----------------------------+-----------------------------+----------------------------+----------------------------+-----------------------------+-----------------------------+--------------------+--------------------+-------------------------------------+-------------------------------------+----------------------------+----------------------------+---------------------------+---------------------------+
; hdmi_de                             ; 3.3-V LVTTL  ; 0 s                 ; 0 s                 ; 3.08 V                       ; 3.09e-05 V                   ; 3.09 V              ; -0.0462 V           ; 0.045 V                              ; 0.085 V                              ; 5.49e-10 s                  ; 3.06e-10 s                  ; Yes                        ; Yes                        ; 3.08 V                      ; 3.09e-05 V                  ; 3.09 V             ; -0.0462 V          ; 0.045 V                             ; 0.085 V                             ; 5.49e-10 s                 ; 3.06e-10 s                 ; Yes                       ; Yes                       ;
; hdmi_hs                             ; 3.3-V LVTTL  ; 0 s                 ; 0 s                 ; 3.08 V                       ; 3.09e-05 V                   ; 3.09 V              ; -0.0462 V           ; 0.045 V                              ; 0.085 V                              ; 5.49e-10 s                  ; 3.06e-10 s                  ; Yes                        ; Yes                        ; 3.08 V                      ; 3.09e-05 V                  ; 3.09 V             ; -0.0462 V          ; 0.045 V                             ; 0.085 V                             ; 5.49e-10 s                 ; 3.06e-10 s                 ; Yes                       ; Yes                       ;
; hdmi_vs                             ; 3.3-V LVTTL  ; 0 s                 ; 0 s                 ; 3.08 V                       ; 3.09e-05 V                   ; 3.09 V              ; -0.0462 V           ; 0.045 V                              ; 0.085 V                              ; 5.49e-10 s                  ; 3.06e-10 s                  ; Yes                        ; Yes                        ; 3.08 V                      ; 3.09e-05 V                  ; 3.09 V             ; -0.0462 V          ; 0.045 V                             ; 0.085 V                             ; 5.49e-10 s                 ; 3.06e-10 s                 ; Yes                       ; Yes                       ;
; hdmi_clk                            ; 3.3-V LVTTL  ; 0 s                 ; 0 s                 ; 3.08 V                       ; 3.73e-05 V                   ; 3.11 V              ; -0.104 V            ; 0.101 V                              ; 0.139 V                              ; 5.54e-10 s                  ; 3.16e-10 s                  ; Yes                        ; Yes                        ; 3.08 V                      ; 3.73e-05 V                  ; 3.11 V             ; -0.104 V           ; 0.101 V                             ; 0.139 V                             ; 5.54e-10 s                 ; 3.16e-10 s                 ; Yes                       ; Yes                       ;
; hdmi_data[23]                       ; 3.3-V LVTTL  ; 0 s                 ; 0 s                 ; 3.08 V                       ; 3.73e-05 V                   ; 3.11 V              ; -0.104 V            ; 0.101 V                              ; 0.139 V                              ; 5.54e-10 s                  ; 3.16e-10 s                  ; Yes                        ; Yes                        ; 3.08 V                      ; 3.73e-05 V                  ; 3.11 V             ; -0.104 V           ; 0.101 V                             ; 0.139 V                             ; 5.54e-10 s                 ; 3.16e-10 s                 ; Yes                       ; Yes                       ;
; hdmi_data[22]                       ; 3.3-V LVTTL  ; 0 s                 ; 0 s                 ; 3.08 V                       ; 3.73e-05 V                   ; 3.11 V              ; -0.105 V            ; 0.101 V                              ; 0.142 V                              ; 5.54e-10 s                  ; 3.16e-10 s                  ; Yes                        ; Yes                        ; 3.08 V                      ; 3.73e-05 V                  ; 3.11 V             ; -0.105 V           ; 0.101 V                             ; 0.142 V                             ; 5.54e-10 s                 ; 3.16e-10 s                 ; Yes                       ; Yes                       ;
; hdmi_data[21]                       ; 3.3-V LVTTL  ; 0 s                 ; 0 s                 ; 3.08 V                       ; 3.73e-05 V                   ; 3.11 V              ; -0.105 V            ; 0.101 V                              ; 0.142 V                              ; 5.54e-10 s                  ; 3.16e-10 s                  ; Yes                        ; Yes                        ; 3.08 V                      ; 3.73e-05 V                  ; 3.11 V             ; -0.105 V           ; 0.101 V                             ; 0.142 V                             ; 5.54e-10 s                 ; 3.16e-10 s                 ; Yes                       ; Yes                       ;
; hdmi_data[20]                       ; 3.3-V LVTTL  ; 0 s                 ; 0 s                 ; 3.08 V                       ; 3.73e-05 V                   ; 3.11 V              ; -0.104 V            ; 0.101 V                              ; 0.139 V                              ; 5.54e-10 s                  ; 3.16e-10 s                  ; Yes                        ; Yes                        ; 3.08 V                      ; 3.73e-05 V                  ; 3.11 V             ; -0.104 V           ; 0.101 V                             ; 0.139 V                             ; 5.54e-10 s                 ; 3.16e-10 s                 ; Yes                       ; Yes                       ;
; hdmi_data[19]                       ; 3.3-V LVTTL  ; 0 s                 ; 0 s                 ; 3.08 V                       ; 3.73e-05 V                   ; 3.11 V              ; -0.105 V            ; 0.101 V                              ; 0.142 V                              ; 5.54e-10 s                  ; 3.16e-10 s                  ; Yes                        ; Yes                        ; 3.08 V                      ; 3.73e-05 V                  ; 3.11 V             ; -0.105 V           ; 0.101 V                             ; 0.142 V                             ; 5.54e-10 s                 ; 3.16e-10 s                 ; Yes                       ; Yes                       ;
; hdmi_data[18]                       ; 3.3-V LVTTL  ; 0 s                 ; 0 s                 ; 3.08 V                       ; 3.73e-05 V                   ; 3.11 V              ; -0.105 V            ; 0.101 V                              ; 0.142 V                              ; 5.54e-10 s                  ; 3.16e-10 s                  ; Yes                        ; Yes                        ; 3.08 V                      ; 3.73e-05 V                  ; 3.11 V             ; -0.105 V           ; 0.101 V                             ; 0.142 V                             ; 5.54e-10 s                 ; 3.16e-10 s                 ; Yes                       ; Yes                       ;
; hdmi_data[17]                       ; 3.3-V LVTTL  ; 0 s                 ; 0 s                 ; 3.08 V                       ; 3.73e-05 V                   ; 3.11 V              ; -0.105 V            ; 0.101 V                              ; 0.142 V                              ; 5.54e-10 s                  ; 3.16e-10 s                  ; Yes                        ; Yes                        ; 3.08 V                      ; 3.73e-05 V                  ; 3.11 V             ; -0.105 V           ; 0.101 V                             ; 0.142 V                             ; 5.54e-10 s                 ; 3.16e-10 s                 ; Yes                       ; Yes                       ;
; hdmi_data[16]                       ; 3.3-V LVTTL  ; 0 s                 ; 0 s                 ; 3.08 V                       ; 3.73e-05 V                   ; 3.11 V              ; -0.104 V            ; 0.101 V                              ; 0.139 V                              ; 5.54e-10 s                  ; 3.16e-10 s                  ; Yes                        ; Yes                        ; 3.08 V                      ; 3.73e-05 V                  ; 3.11 V             ; -0.104 V           ; 0.101 V                             ; 0.139 V                             ; 5.54e-10 s                 ; 3.16e-10 s                 ; Yes                       ; Yes                       ;
; hdmi_data[15]                       ; 3.3-V LVTTL  ; 0 s                 ; 0 s                 ; 3.08 V                       ; 3.73e-05 V                   ; 3.11 V              ; -0.104 V            ; 0.101 V                              ; 0.139 V                              ; 5.54e-10 s                  ; 3.16e-10 s                  ; Yes                        ; Yes                        ; 3.08 V                      ; 3.73e-05 V                  ; 3.11 V             ; -0.104 V           ; 0.101 V                             ; 0.139 V                             ; 5.54e-10 s                 ; 3.16e-10 s                 ; Yes                       ; Yes                       ;
; hdmi_data[14]                       ; 3.3-V LVTTL  ; 0 s                 ; 0 s                 ; 3.08 V                       ; 3.73e-05 V                   ; 3.11 V              ; -0.105 V            ; 0.101 V                              ; 0.142 V                              ; 5.54e-10 s                  ; 3.16e-10 s                  ; Yes                        ; Yes                        ; 3.08 V                      ; 3.73e-05 V                  ; 3.11 V             ; -0.105 V           ; 0.101 V                             ; 0.142 V                             ; 5.54e-10 s                 ; 3.16e-10 s                 ; Yes                       ; Yes                       ;
; hdmi_data[13]                       ; 3.3-V LVTTL  ; 0 s                 ; 0 s                 ; 3.08 V                       ; 3.73e-05 V                   ; 3.11 V              ; -0.105 V            ; 0.101 V                              ; 0.142 V                              ; 5.54e-10 s                  ; 3.16e-10 s                  ; Yes                        ; Yes                        ; 3.08 V                      ; 3.73e-05 V                  ; 3.11 V             ; -0.105 V           ; 0.101 V                             ; 0.142 V                             ; 5.54e-10 s                 ; 3.16e-10 s                 ; Yes                       ; Yes                       ;
; hdmi_data[12]                       ; 3.3-V LVTTL  ; 0 s                 ; 0 s                 ; 3.08 V                       ; 3.73e-05 V                   ; 3.11 V              ; -0.104 V            ; 0.101 V                              ; 0.139 V                              ; 5.54e-10 s                  ; 3.16e-10 s                  ; Yes                        ; Yes                        ; 3.08 V                      ; 3.73e-05 V                  ; 3.11 V             ; -0.104 V           ; 0.101 V                             ; 0.139 V                             ; 5.54e-10 s                 ; 3.16e-10 s                 ; Yes                       ; Yes                       ;
; hdmi_data[11]                       ; 3.3-V LVTTL  ; 0 s                 ; 0 s                 ; 3.08 V                       ; 3.73e-05 V                   ; 3.11 V              ; -0.105 V            ; 0.101 V                              ; 0.142 V                              ; 5.54e-10 s                  ; 3.16e-10 s                  ; Yes                        ; Yes                        ; 3.08 V                      ; 3.73e-05 V                  ; 3.11 V             ; -0.105 V           ; 0.101 V                             ; 0.142 V                             ; 5.54e-10 s                 ; 3.16e-10 s                 ; Yes                       ; Yes                       ;
; hdmi_data[10]                       ; 3.3-V LVTTL  ; 0 s                 ; 0 s                 ; 3.08 V                       ; 3.09e-05 V                   ; 3.09 V              ; -0.0462 V           ; 0.045 V                              ; 0.085 V                              ; 5.49e-10 s                  ; 3.06e-10 s                  ; Yes                        ; Yes                        ; 3.08 V                      ; 3.09e-05 V                  ; 3.09 V             ; -0.0462 V          ; 0.045 V                             ; 0.085 V                             ; 5.49e-10 s                 ; 3.06e-10 s                 ; Yes                       ; Yes                       ;
; hdmi_data[9]                        ; 3.3-V LVTTL  ; 0 s                 ; 0 s                 ; 3.08 V                       ; 3.73e-05 V                   ; 3.11 V              ; -0.105 V            ; 0.101 V                              ; 0.142 V                              ; 5.54e-10 s                  ; 3.16e-10 s                  ; Yes                        ; Yes                        ; 3.08 V                      ; 3.73e-05 V                  ; 3.11 V             ; -0.105 V           ; 0.101 V                             ; 0.142 V                             ; 5.54e-10 s                 ; 3.16e-10 s                 ; Yes                       ; Yes                       ;
; hdmi_data[8]                        ; 3.3-V LVTTL  ; 0 s                 ; 0 s                 ; 3.08 V                       ; 3.09e-05 V                   ; 3.09 V              ; -0.0462 V           ; 0.045 V                              ; 0.085 V                              ; 5.49e-10 s                  ; 3.06e-10 s                  ; Yes                        ; Yes                        ; 3.08 V                      ; 3.09e-05 V                  ; 3.09 V             ; -0.0462 V          ; 0.045 V                             ; 0.085 V                             ; 5.49e-10 s                 ; 3.06e-10 s                 ; Yes                       ; Yes                       ;
; hdmi_data[7]                        ; 3.3-V LVTTL  ; 0 s                 ; 0 s                 ; 3.08 V                       ; 3.73e-05 V                   ; 3.11 V              ; -0.104 V            ; 0.101 V                              ; 0.139 V                              ; 5.54e-10 s                  ; 3.16e-10 s                  ; Yes                        ; Yes                        ; 3.08 V                      ; 3.73e-05 V                  ; 3.11 V             ; -0.104 V           ; 0.101 V                             ; 0.139 V                             ; 5.54e-10 s                 ; 3.16e-10 s                 ; Yes                       ; Yes                       ;
; hdmi_data[6]                        ; 3.3-V LVTTL  ; 0 s                 ; 0 s                 ; 3.08 V                       ; 3.09e-05 V                   ; 3.09 V              ; -0.0462 V           ; 0.045 V                              ; 0.085 V                              ; 5.49e-10 s                  ; 3.06e-10 s                  ; Yes                        ; Yes                        ; 3.08 V                      ; 3.09e-05 V                  ; 3.09 V             ; -0.0462 V          ; 0.045 V                             ; 0.085 V                             ; 5.49e-10 s                 ; 3.06e-10 s                 ; Yes                       ; Yes                       ;
; hdmi_data[5]                        ; 3.3-V LVTTL  ; 0 s                 ; 0 s                 ; 3.08 V                       ; 3.87e-05 V                   ; 3.11 V              ; -0.0814 V           ; 0.131 V                              ; 0.136 V                              ; 5.88e-10 s                  ; 3.2e-10 s                   ; Yes                        ; Yes                        ; 3.08 V                      ; 3.87e-05 V                  ; 3.11 V             ; -0.0814 V          ; 0.131 V                             ; 0.136 V                             ; 5.88e-10 s                 ; 3.2e-10 s                  ; Yes                       ; Yes                       ;
; hdmi_data[4]                        ; 3.3-V LVTTL  ; 0 s                 ; 0 s                 ; 3.08 V                       ; 3.87e-05 V                   ; 3.11 V              ; -0.0814 V           ; 0.131 V                              ; 0.136 V                              ; 5.88e-10 s                  ; 3.2e-10 s                   ; Yes                        ; Yes                        ; 3.08 V                      ; 3.87e-05 V                  ; 3.11 V             ; -0.0814 V          ; 0.131 V                             ; 0.136 V                             ; 5.88e-10 s                 ; 3.2e-10 s                  ; Yes                       ; Yes                       ;
; hdmi_data[3]                        ; 3.3-V LVTTL  ; 0 s                 ; 0 s                 ; 3.08 V                       ; 3.09e-05 V                   ; 3.09 V              ; -0.0462 V           ; 0.045 V                              ; 0.085 V                              ; 5.49e-10 s                  ; 3.06e-10 s                  ; Yes                        ; Yes                        ; 3.08 V                      ; 3.09e-05 V                  ; 3.09 V             ; -0.0462 V          ; 0.045 V                             ; 0.085 V                             ; 5.49e-10 s                 ; 3.06e-10 s                 ; Yes                       ; Yes                       ;
; hdmi_data[2]                        ; 3.3-V LVTTL  ; 0 s                 ; 0 s                 ; 3.08 V                       ; 3.87e-05 V                   ; 3.11 V              ; -0.0814 V           ; 0.131 V                              ; 0.136 V                              ; 5.88e-10 s                  ; 3.2e-10 s                   ; Yes                        ; Yes                        ; 3.08 V                      ; 3.87e-05 V                  ; 3.11 V             ; -0.0814 V          ; 0.131 V                             ; 0.136 V                             ; 5.88e-10 s                 ; 3.2e-10 s                  ; Yes                       ; Yes                       ;
; hdmi_data[1]                        ; 3.3-V LVTTL  ; 0 s                 ; 0 s                 ; 3.08 V                       ; 3.87e-05 V                   ; 3.11 V              ; -0.0814 V           ; 0.131 V                              ; 0.136 V                              ; 5.88e-10 s                  ; 3.2e-10 s                   ; Yes                        ; Yes                        ; 3.08 V                      ; 3.87e-05 V                  ; 3.11 V             ; -0.0814 V          ; 0.131 V                             ; 0.136 V                             ; 5.88e-10 s                 ; 3.2e-10 s                  ; Yes                       ; Yes                       ;
; hdmi_data[0]                        ; 3.3-V LVTTL  ; 0 s                 ; 0 s                 ; 3.08 V                       ; 3.09e-05 V                   ; 3.09 V              ; -0.0462 V           ; 0.045 V                              ; 0.085 V                              ; 5.49e-10 s                  ; 3.06e-10 s                  ; Yes                        ; Yes                        ; 3.08 V                      ; 3.09e-05 V                  ; 3.09 V             ; -0.0462 V          ; 0.045 V                             ; 0.085 V                             ; 5.49e-10 s                 ; 3.06e-10 s                 ; Yes                       ; Yes                       ;
; pio_0_external_connection_export[7] ; 3.3-V LVTTL  ; 0 s                 ; 0 s                 ; 3.08 V                       ; 3.09e-05 V                   ; 3.09 V              ; -0.0462 V           ; 0.045 V                              ; 0.085 V                              ; 5.49e-10 s                  ; 3.06e-10 s                  ; Yes                        ; Yes                        ; 3.08 V                      ; 3.09e-05 V                  ; 3.09 V             ; -0.0462 V          ; 0.045 V                             ; 0.085 V                             ; 5.49e-10 s                 ; 3.06e-10 s                 ; Yes                       ; Yes                       ;
; pio_0_external_connection_export[6] ; 3.3-V LVTTL  ; 0 s                 ; 0 s                 ; 3.08 V                       ; 3.73e-05 V                   ; 3.11 V              ; -0.104 V            ; 0.101 V                              ; 0.139 V                              ; 5.54e-10 s                  ; 3.16e-10 s                  ; Yes                        ; Yes                        ; 3.08 V                      ; 3.73e-05 V                  ; 3.11 V             ; -0.104 V           ; 0.101 V                             ; 0.139 V                             ; 5.54e-10 s                 ; 3.16e-10 s                 ; Yes                       ; Yes                       ;
; pio_0_external_connection_export[5] ; 3.3-V LVTTL  ; 0 s                 ; 0 s                 ; 3.08 V                       ; 3.87e-05 V                   ; 3.11 V              ; -0.0814 V           ; 0.131 V                              ; 0.136 V                              ; 5.88e-10 s                  ; 3.2e-10 s                   ; Yes                        ; Yes                        ; 3.08 V                      ; 3.87e-05 V                  ; 3.11 V             ; -0.0814 V          ; 0.131 V                             ; 0.136 V                             ; 5.88e-10 s                 ; 3.2e-10 s                  ; Yes                       ; Yes                       ;
; pio_0_external_connection_export[4] ; 3.3-V LVTTL  ; 0 s                 ; 0 s                 ; 3.08 V                       ; 3.09e-05 V                   ; 3.09 V              ; -0.0462 V           ; 0.045 V                              ; 0.085 V                              ; 5.49e-10 s                  ; 3.06e-10 s                  ; Yes                        ; Yes                        ; 3.08 V                      ; 3.09e-05 V                  ; 3.09 V             ; -0.0462 V          ; 0.045 V                             ; 0.085 V                             ; 5.49e-10 s                 ; 3.06e-10 s                 ; Yes                       ; Yes                       ;
; pio_0_external_connection_export[3] ; 3.3-V LVTTL  ; 0 s                 ; 0 s                 ; 3.08 V                       ; 3.73e-05 V                   ; 3.11 V              ; -0.104 V            ; 0.101 V                              ; 0.139 V                              ; 5.54e-10 s                  ; 3.16e-10 s                  ; Yes                        ; Yes                        ; 3.08 V                      ; 3.73e-05 V                  ; 3.11 V             ; -0.104 V           ; 0.101 V                             ; 0.139 V                             ; 5.54e-10 s                 ; 3.16e-10 s                 ; Yes                       ; Yes                       ;
; pio_0_external_connection_export[2] ; 3.3-V LVTTL  ; 0 s                 ; 0 s                 ; 3.08 V                       ; 3.73e-05 V                   ; 3.11 V              ; -0.105 V            ; 0.101 V                              ; 0.142 V                              ; 5.54e-10 s                  ; 3.16e-10 s                  ; Yes                        ; Yes                        ; 3.08 V                      ; 3.73e-05 V                  ; 3.11 V             ; -0.105 V           ; 0.101 V                             ; 0.142 V                             ; 5.54e-10 s                 ; 3.16e-10 s                 ; Yes                       ; Yes                       ;
; pio_0_external_connection_export[1] ; 3.3-V LVTTL  ; 0 s                 ; 0 s                 ; 3.08 V                       ; 3.87e-05 V                   ; 3.11 V              ; -0.0814 V           ; 0.131 V                              ; 0.136 V                              ; 5.88e-10 s                  ; 3.2e-10 s                   ; Yes                        ; Yes                        ; 3.08 V                      ; 3.87e-05 V                  ; 3.11 V             ; -0.0814 V          ; 0.131 V                             ; 0.136 V                             ; 5.88e-10 s                 ; 3.2e-10 s                  ; Yes                       ; Yes                       ;
; pio_0_external_connection_export[0] ; 3.3-V LVTTL  ; 0 s                 ; 0 s                 ; 3.08 V                       ; 3.73e-05 V                   ; 3.11 V              ; -0.105 V            ; 0.101 V                              ; 0.142 V                              ; 5.54e-10 s                  ; 3.16e-10 s                  ; Yes                        ; Yes                        ; 3.08 V                      ; 3.73e-05 V                  ; 3.11 V             ; -0.105 V           ; 0.101 V                             ; 0.142 V                             ; 5.54e-10 s                 ; 3.16e-10 s                 ; Yes                       ; Yes                       ;
; altera_reserved_tdo                 ; 3.3-V LVTTL  ; 0 s                 ; 0 s                 ; 3.08 V                       ; 5.15e-05 V                   ; 3.12 V              ; -0.037 V            ; 0.165 V                              ; 0.109 V                              ; 7.77e-10 s                  ; 4.14e-10 s                  ; No                         ; Yes                        ; 3.08 V                      ; 5.15e-05 V                  ; 3.12 V             ; -0.037 V           ; 0.165 V                             ; 0.109 V                             ; 7.77e-10 s                 ; 4.14e-10 s                 ; No                        ; Yes                       ;
+-------------------------------------+--------------+---------------------+---------------------+------------------------------+------------------------------+---------------------+---------------------+--------------------------------------+--------------------------------------+-----------------------------+-----------------------------+----------------------------+----------------------------+-----------------------------+-----------------------------+--------------------+--------------------+-------------------------------------+-------------------------------------+----------------------------+----------------------------+---------------------------+---------------------------+


+------------------------------------------------------------------------------------------------------------------------------------------------------------------------------------------------------------------------------------------------------------------------------------------------------------------------------------------------------------------------------------------------------------------------------------------------------------------------------------------------------------------------------------------------------------------------------------------------------------------------------------------------------------------------------------------------------------------+
; Signal Integrity Metrics (Fast 1100mv n40c Model)                                                                                                                                                                                                                                                                                                                                                                                                                                                                                                                                                                                                                                                                ;
+-------------------------------------+--------------+---------------------+---------------------+------------------------------+------------------------------+---------------------+---------------------+--------------------------------------+--------------------------------------+-----------------------------+-----------------------------+----------------------------+----------------------------+-----------------------------+-----------------------------+--------------------+--------------------+-------------------------------------+-------------------------------------+----------------------------+----------------------------+---------------------------+---------------------------+
; Pin                                 ; I/O Standard ; Board Delay on Rise ; Board Delay on Fall ; Steady State Voh at FPGA Pin ; Steady State Vol at FPGA Pin ; Voh Max at FPGA Pin ; Vol Min at FPGA Pin ; Ringback Voltage on Rise at FPGA Pin ; Ringback Voltage on Fall at FPGA Pin ; 10-90 Rise Time at FPGA Pin ; 90-10 Fall Time at FPGA Pin ; Monotonic Rise at FPGA Pin ; Monotonic Fall at FPGA Pin ; Steady State Voh at Far-end ; Steady State Vol at Far-end ; Voh Max at Far-end ; Vol Min at Far-end ; Ringback Voltage on Rise at Far-end ; Ringback Voltage on Fall at Far-end ; 10-90 Rise Time at Far-end ; 90-10 Fall Time at Far-end ; Monotonic Rise at Far-end ; Monotonic Fall at Far-end ;
+-------------------------------------+--------------+---------------------+---------------------+------------------------------+------------------------------+---------------------+---------------------+--------------------------------------+--------------------------------------+-----------------------------+-----------------------------+----------------------------+----------------------------+-----------------------------+-----------------------------+--------------------+--------------------+-------------------------------------+-------------------------------------+----------------------------+----------------------------+---------------------------+---------------------------+
; hdmi_de                             ; 3.3-V LVTTL  ; 0 s                 ; 0 s                 ; 3.63 V                       ; 3.38e-07 V                   ; 3.67 V              ; -0.403 V            ; 0.084 V                              ; 0.542 V                              ; 3.5e-10 s                   ; 1.32e-10 s                  ; Yes                        ; No                         ; 3.63 V                      ; 3.38e-07 V                  ; 3.67 V             ; -0.403 V           ; 0.084 V                             ; 0.542 V                             ; 3.5e-10 s                  ; 1.32e-10 s                 ; Yes                       ; No                        ;
; hdmi_hs                             ; 3.3-V LVTTL  ; 0 s                 ; 0 s                 ; 3.63 V                       ; 3.38e-07 V                   ; 3.67 V              ; -0.403 V            ; 0.084 V                              ; 0.542 V                              ; 3.5e-10 s                   ; 1.32e-10 s                  ; Yes                        ; No                         ; 3.63 V                      ; 3.38e-07 V                  ; 3.67 V             ; -0.403 V           ; 0.084 V                             ; 0.542 V                             ; 3.5e-10 s                  ; 1.32e-10 s                 ; Yes                       ; No                        ;
; hdmi_vs                             ; 3.3-V LVTTL  ; 0 s                 ; 0 s                 ; 3.63 V                       ; 3.38e-07 V                   ; 3.67 V              ; -0.403 V            ; 0.084 V                              ; 0.542 V                              ; 3.5e-10 s                   ; 1.32e-10 s                  ; Yes                        ; No                         ; 3.63 V                      ; 3.38e-07 V                  ; 3.67 V             ; -0.403 V           ; 0.084 V                             ; 0.542 V                             ; 3.5e-10 s                  ; 1.32e-10 s                 ; Yes                       ; No                        ;
; hdmi_clk                            ; 3.3-V LVTTL  ; 0 s                 ; 0 s                 ; 3.63 V                       ; 4.42e-07 V                   ; 3.75 V              ; -0.588 V            ; 0.329 V                              ; 0.704 V                              ; 2.77e-10 s                  ; 1.3e-10 s                   ; Yes                        ; No                         ; 3.63 V                      ; 4.42e-07 V                  ; 3.75 V             ; -0.588 V           ; 0.329 V                             ; 0.704 V                             ; 2.77e-10 s                 ; 1.3e-10 s                  ; Yes                       ; No                        ;
; hdmi_data[23]                       ; 3.3-V LVTTL  ; 0 s                 ; 0 s                 ; 3.63 V                       ; 4.42e-07 V                   ; 3.75 V              ; -0.588 V            ; 0.329 V                              ; 0.704 V                              ; 2.77e-10 s                  ; 1.3e-10 s                   ; Yes                        ; No                         ; 3.63 V                      ; 4.42e-07 V                  ; 3.75 V             ; -0.588 V           ; 0.329 V                             ; 0.704 V                             ; 2.77e-10 s                 ; 1.3e-10 s                  ; Yes                       ; No                        ;
; hdmi_data[22]                       ; 3.3-V LVTTL  ; 0 s                 ; 0 s                 ; 3.63 V                       ; 4.42e-07 V                   ; 3.75 V              ; -0.589 V            ; 0.329 V                              ; 0.706 V                              ; 2.77e-10 s                  ; 1.3e-10 s                   ; Yes                        ; No                         ; 3.63 V                      ; 4.42e-07 V                  ; 3.75 V             ; -0.589 V           ; 0.329 V                             ; 0.706 V                             ; 2.77e-10 s                 ; 1.3e-10 s                  ; Yes                       ; No                        ;
; hdmi_data[21]                       ; 3.3-V LVTTL  ; 0 s                 ; 0 s                 ; 3.63 V                       ; 4.42e-07 V                   ; 3.75 V              ; -0.589 V            ; 0.329 V                              ; 0.706 V                              ; 2.77e-10 s                  ; 1.3e-10 s                   ; Yes                        ; No                         ; 3.63 V                      ; 4.42e-07 V                  ; 3.75 V             ; -0.589 V           ; 0.329 V                             ; 0.706 V                             ; 2.77e-10 s                 ; 1.3e-10 s                  ; Yes                       ; No                        ;
; hdmi_data[20]                       ; 3.3-V LVTTL  ; 0 s                 ; 0 s                 ; 3.63 V                       ; 4.42e-07 V                   ; 3.75 V              ; -0.588 V            ; 0.329 V                              ; 0.704 V                              ; 2.77e-10 s                  ; 1.3e-10 s                   ; Yes                        ; No                         ; 3.63 V                      ; 4.42e-07 V                  ; 3.75 V             ; -0.588 V           ; 0.329 V                             ; 0.704 V                             ; 2.77e-10 s                 ; 1.3e-10 s                  ; Yes                       ; No                        ;
; hdmi_data[19]                       ; 3.3-V LVTTL  ; 0 s                 ; 0 s                 ; 3.63 V                       ; 4.42e-07 V                   ; 3.75 V              ; -0.589 V            ; 0.329 V                              ; 0.706 V                              ; 2.77e-10 s                  ; 1.3e-10 s                   ; Yes                        ; No                         ; 3.63 V                      ; 4.42e-07 V                  ; 3.75 V             ; -0.589 V           ; 0.329 V                             ; 0.706 V                             ; 2.77e-10 s                 ; 1.3e-10 s                  ; Yes                       ; No                        ;
; hdmi_data[18]                       ; 3.3-V LVTTL  ; 0 s                 ; 0 s                 ; 3.63 V                       ; 4.42e-07 V                   ; 3.75 V              ; -0.589 V            ; 0.329 V                              ; 0.706 V                              ; 2.77e-10 s                  ; 1.3e-10 s                   ; Yes                        ; No                         ; 3.63 V                      ; 4.42e-07 V                  ; 3.75 V             ; -0.589 V           ; 0.329 V                             ; 0.706 V                             ; 2.77e-10 s                 ; 1.3e-10 s                  ; Yes                       ; No                        ;
; hdmi_data[17]                       ; 3.3-V LVTTL  ; 0 s                 ; 0 s                 ; 3.63 V                       ; 4.42e-07 V                   ; 3.75 V              ; -0.589 V            ; 0.329 V                              ; 0.706 V                              ; 2.77e-10 s                  ; 1.3e-10 s                   ; Yes                        ; No                         ; 3.63 V                      ; 4.42e-07 V                  ; 3.75 V             ; -0.589 V           ; 0.329 V                             ; 0.706 V                             ; 2.77e-10 s                 ; 1.3e-10 s                  ; Yes                       ; No                        ;
; hdmi_data[16]                       ; 3.3-V LVTTL  ; 0 s                 ; 0 s                 ; 3.63 V                       ; 4.42e-07 V                   ; 3.75 V              ; -0.588 V            ; 0.329 V                              ; 0.704 V                              ; 2.77e-10 s                  ; 1.3e-10 s                   ; Yes                        ; No                         ; 3.63 V                      ; 4.42e-07 V                  ; 3.75 V             ; -0.588 V           ; 0.329 V                             ; 0.704 V                             ; 2.77e-10 s                 ; 1.3e-10 s                  ; Yes                       ; No                        ;
; hdmi_data[15]                       ; 3.3-V LVTTL  ; 0 s                 ; 0 s                 ; 3.63 V                       ; 4.42e-07 V                   ; 3.75 V              ; -0.588 V            ; 0.329 V                              ; 0.704 V                              ; 2.77e-10 s                  ; 1.3e-10 s                   ; Yes                        ; No                         ; 3.63 V                      ; 4.42e-07 V                  ; 3.75 V             ; -0.588 V           ; 0.329 V                             ; 0.704 V                             ; 2.77e-10 s                 ; 1.3e-10 s                  ; Yes                       ; No                        ;
; hdmi_data[14]                       ; 3.3-V LVTTL  ; 0 s                 ; 0 s                 ; 3.63 V                       ; 4.42e-07 V                   ; 3.75 V              ; -0.589 V            ; 0.329 V                              ; 0.706 V                              ; 2.77e-10 s                  ; 1.3e-10 s                   ; Yes                        ; No                         ; 3.63 V                      ; 4.42e-07 V                  ; 3.75 V             ; -0.589 V           ; 0.329 V                             ; 0.706 V                             ; 2.77e-10 s                 ; 1.3e-10 s                  ; Yes                       ; No                        ;
; hdmi_data[13]                       ; 3.3-V LVTTL  ; 0 s                 ; 0 s                 ; 3.63 V                       ; 4.42e-07 V                   ; 3.75 V              ; -0.589 V            ; 0.329 V                              ; 0.706 V                              ; 2.77e-10 s                  ; 1.3e-10 s                   ; Yes                        ; No                         ; 3.63 V                      ; 4.42e-07 V                  ; 3.75 V             ; -0.589 V           ; 0.329 V                             ; 0.706 V                             ; 2.77e-10 s                 ; 1.3e-10 s                  ; Yes                       ; No                        ;
; hdmi_data[12]                       ; 3.3-V LVTTL  ; 0 s                 ; 0 s                 ; 3.63 V                       ; 4.42e-07 V                   ; 3.75 V              ; -0.588 V            ; 0.329 V                              ; 0.704 V                              ; 2.77e-10 s                  ; 1.3e-10 s                   ; Yes                        ; No                         ; 3.63 V                      ; 4.42e-07 V                  ; 3.75 V             ; -0.588 V           ; 0.329 V                             ; 0.704 V                             ; 2.77e-10 s                 ; 1.3e-10 s                  ; Yes                       ; No                        ;
; hdmi_data[11]                       ; 3.3-V LVTTL  ; 0 s                 ; 0 s                 ; 3.63 V                       ; 4.42e-07 V                   ; 3.75 V              ; -0.589 V            ; 0.329 V                              ; 0.706 V                              ; 2.77e-10 s                  ; 1.3e-10 s                   ; Yes                        ; No                         ; 3.63 V                      ; 4.42e-07 V                  ; 3.75 V             ; -0.589 V           ; 0.329 V                             ; 0.706 V                             ; 2.77e-10 s                 ; 1.3e-10 s                  ; Yes                       ; No                        ;
; hdmi_data[10]                       ; 3.3-V LVTTL  ; 0 s                 ; 0 s                 ; 3.63 V                       ; 3.38e-07 V                   ; 3.67 V              ; -0.403 V            ; 0.084 V                              ; 0.542 V                              ; 3.5e-10 s                   ; 1.32e-10 s                  ; Yes                        ; No                         ; 3.63 V                      ; 3.38e-07 V                  ; 3.67 V             ; -0.403 V           ; 0.084 V                             ; 0.542 V                             ; 3.5e-10 s                  ; 1.32e-10 s                 ; Yes                       ; No                        ;
; hdmi_data[9]                        ; 3.3-V LVTTL  ; 0 s                 ; 0 s                 ; 3.63 V                       ; 4.42e-07 V                   ; 3.75 V              ; -0.589 V            ; 0.329 V                              ; 0.706 V                              ; 2.77e-10 s                  ; 1.3e-10 s                   ; Yes                        ; No                         ; 3.63 V                      ; 4.42e-07 V                  ; 3.75 V             ; -0.589 V           ; 0.329 V                             ; 0.706 V                             ; 2.77e-10 s                 ; 1.3e-10 s                  ; Yes                       ; No                        ;
; hdmi_data[8]                        ; 3.3-V LVTTL  ; 0 s                 ; 0 s                 ; 3.63 V                       ; 3.38e-07 V                   ; 3.67 V              ; -0.403 V            ; 0.084 V                              ; 0.542 V                              ; 3.5e-10 s                   ; 1.32e-10 s                  ; Yes                        ; No                         ; 3.63 V                      ; 3.38e-07 V                  ; 3.67 V             ; -0.403 V           ; 0.084 V                             ; 0.542 V                             ; 3.5e-10 s                  ; 1.32e-10 s                 ; Yes                       ; No                        ;
; hdmi_data[7]                        ; 3.3-V LVTTL  ; 0 s                 ; 0 s                 ; 3.63 V                       ; 4.42e-07 V                   ; 3.75 V              ; -0.588 V            ; 0.329 V                              ; 0.704 V                              ; 2.77e-10 s                  ; 1.3e-10 s                   ; Yes                        ; No                         ; 3.63 V                      ; 4.42e-07 V                  ; 3.75 V             ; -0.588 V           ; 0.329 V                             ; 0.704 V                             ; 2.77e-10 s                 ; 1.3e-10 s                  ; Yes                       ; No                        ;
; hdmi_data[6]                        ; 3.3-V LVTTL  ; 0 s                 ; 0 s                 ; 3.63 V                       ; 3.38e-07 V                   ; 3.67 V              ; -0.403 V            ; 0.084 V                              ; 0.542 V                              ; 3.5e-10 s                   ; 1.32e-10 s                  ; Yes                        ; No                         ; 3.63 V                      ; 3.38e-07 V                  ; 3.67 V             ; -0.403 V           ; 0.084 V                             ; 0.542 V                             ; 3.5e-10 s                  ; 1.32e-10 s                 ; Yes                       ; No                        ;
; hdmi_data[5]                        ; 3.3-V LVTTL  ; 0 s                 ; 0 s                 ; 3.63 V                       ; 4.64e-07 V                   ; 3.74 V              ; -0.508 V            ; 0.391 V                              ; 0.647 V                              ; 3.08e-10 s                  ; 1.34e-10 s                  ; No                         ; No                         ; 3.63 V                      ; 4.64e-07 V                  ; 3.74 V             ; -0.508 V           ; 0.391 V                             ; 0.647 V                             ; 3.08e-10 s                 ; 1.34e-10 s                 ; No                        ; No                        ;
; hdmi_data[4]                        ; 3.3-V LVTTL  ; 0 s                 ; 0 s                 ; 3.63 V                       ; 4.64e-07 V                   ; 3.74 V              ; -0.508 V            ; 0.391 V                              ; 0.647 V                              ; 3.08e-10 s                  ; 1.34e-10 s                  ; No                         ; No                         ; 3.63 V                      ; 4.64e-07 V                  ; 3.74 V             ; -0.508 V           ; 0.391 V                             ; 0.647 V                             ; 3.08e-10 s                 ; 1.34e-10 s                 ; No                        ; No                        ;
; hdmi_data[3]                        ; 3.3-V LVTTL  ; 0 s                 ; 0 s                 ; 3.63 V                       ; 3.38e-07 V                   ; 3.67 V              ; -0.403 V            ; 0.084 V                              ; 0.542 V                              ; 3.5e-10 s                   ; 1.32e-10 s                  ; Yes                        ; No                         ; 3.63 V                      ; 3.38e-07 V                  ; 3.67 V             ; -0.403 V           ; 0.084 V                             ; 0.542 V                             ; 3.5e-10 s                  ; 1.32e-10 s                 ; Yes                       ; No                        ;
; hdmi_data[2]                        ; 3.3-V LVTTL  ; 0 s                 ; 0 s                 ; 3.63 V                       ; 4.64e-07 V                   ; 3.74 V              ; -0.508 V            ; 0.391 V                              ; 0.647 V                              ; 3.08e-10 s                  ; 1.34e-10 s                  ; No                         ; No                         ; 3.63 V                      ; 4.64e-07 V                  ; 3.74 V             ; -0.508 V           ; 0.391 V                             ; 0.647 V                             ; 3.08e-10 s                 ; 1.34e-10 s                 ; No                        ; No                        ;
; hdmi_data[1]                        ; 3.3-V LVTTL  ; 0 s                 ; 0 s                 ; 3.63 V                       ; 4.64e-07 V                   ; 3.74 V              ; -0.508 V            ; 0.391 V                              ; 0.647 V                              ; 3.08e-10 s                  ; 1.34e-10 s                  ; No                         ; No                         ; 3.63 V                      ; 4.64e-07 V                  ; 3.74 V             ; -0.508 V           ; 0.391 V                             ; 0.647 V                             ; 3.08e-10 s                 ; 1.34e-10 s                 ; No                        ; No                        ;
; hdmi_data[0]                        ; 3.3-V LVTTL  ; 0 s                 ; 0 s                 ; 3.63 V                       ; 3.38e-07 V                   ; 3.67 V              ; -0.403 V            ; 0.084 V                              ; 0.542 V                              ; 3.5e-10 s                   ; 1.32e-10 s                  ; Yes                        ; No                         ; 3.63 V                      ; 3.38e-07 V                  ; 3.67 V             ; -0.403 V           ; 0.084 V                             ; 0.542 V                             ; 3.5e-10 s                  ; 1.32e-10 s                 ; Yes                       ; No                        ;
; pio_0_external_connection_export[7] ; 3.3-V LVTTL  ; 0 s                 ; 0 s                 ; 3.63 V                       ; 3.38e-07 V                   ; 3.67 V              ; -0.403 V            ; 0.084 V                              ; 0.542 V                              ; 3.5e-10 s                   ; 1.32e-10 s                  ; Yes                        ; No                         ; 3.63 V                      ; 3.38e-07 V                  ; 3.67 V             ; -0.403 V           ; 0.084 V                             ; 0.542 V                             ; 3.5e-10 s                  ; 1.32e-10 s                 ; Yes                       ; No                        ;
; pio_0_external_connection_export[6] ; 3.3-V LVTTL  ; 0 s                 ; 0 s                 ; 3.63 V                       ; 4.42e-07 V                   ; 3.75 V              ; -0.588 V            ; 0.329 V                              ; 0.704 V                              ; 2.77e-10 s                  ; 1.3e-10 s                   ; Yes                        ; No                         ; 3.63 V                      ; 4.42e-07 V                  ; 3.75 V             ; -0.588 V           ; 0.329 V                             ; 0.704 V                             ; 2.77e-10 s                 ; 1.3e-10 s                  ; Yes                       ; No                        ;
; pio_0_external_connection_export[5] ; 3.3-V LVTTL  ; 0 s                 ; 0 s                 ; 3.63 V                       ; 4.64e-07 V                   ; 3.74 V              ; -0.508 V            ; 0.391 V                              ; 0.647 V                              ; 3.08e-10 s                  ; 1.34e-10 s                  ; No                         ; No                         ; 3.63 V                      ; 4.64e-07 V                  ; 3.74 V             ; -0.508 V           ; 0.391 V                             ; 0.647 V                             ; 3.08e-10 s                 ; 1.34e-10 s                 ; No                        ; No                        ;
; pio_0_external_connection_export[4] ; 3.3-V LVTTL  ; 0 s                 ; 0 s                 ; 3.63 V                       ; 3.38e-07 V                   ; 3.67 V              ; -0.403 V            ; 0.084 V                              ; 0.542 V                              ; 3.5e-10 s                   ; 1.32e-10 s                  ; Yes                        ; No                         ; 3.63 V                      ; 3.38e-07 V                  ; 3.67 V             ; -0.403 V           ; 0.084 V                             ; 0.542 V                             ; 3.5e-10 s                  ; 1.32e-10 s                 ; Yes                       ; No                        ;
; pio_0_external_connection_export[3] ; 3.3-V LVTTL  ; 0 s                 ; 0 s                 ; 3.63 V                       ; 4.42e-07 V                   ; 3.75 V              ; -0.588 V            ; 0.329 V                              ; 0.704 V                              ; 2.77e-10 s                  ; 1.3e-10 s                   ; Yes                        ; No                         ; 3.63 V                      ; 4.42e-07 V                  ; 3.75 V             ; -0.588 V           ; 0.329 V                             ; 0.704 V                             ; 2.77e-10 s                 ; 1.3e-10 s                  ; Yes                       ; No                        ;
; pio_0_external_connection_export[2] ; 3.3-V LVTTL  ; 0 s                 ; 0 s                 ; 3.63 V                       ; 4.42e-07 V                   ; 3.75 V              ; -0.589 V            ; 0.329 V                              ; 0.706 V                              ; 2.77e-10 s                  ; 1.3e-10 s                   ; Yes                        ; No                         ; 3.63 V                      ; 4.42e-07 V                  ; 3.75 V             ; -0.589 V           ; 0.329 V                             ; 0.706 V                             ; 2.77e-10 s                 ; 1.3e-10 s                  ; Yes                       ; No                        ;
; pio_0_external_connection_export[1] ; 3.3-V LVTTL  ; 0 s                 ; 0 s                 ; 3.63 V                       ; 4.64e-07 V                   ; 3.74 V              ; -0.508 V            ; 0.391 V                              ; 0.647 V                              ; 3.08e-10 s                  ; 1.34e-10 s                  ; No                         ; No                         ; 3.63 V                      ; 4.64e-07 V                  ; 3.74 V             ; -0.508 V           ; 0.391 V                             ; 0.647 V                             ; 3.08e-10 s                 ; 1.34e-10 s                 ; No                        ; No                        ;
; pio_0_external_connection_export[0] ; 3.3-V LVTTL  ; 0 s                 ; 0 s                 ; 3.63 V                       ; 4.42e-07 V                   ; 3.75 V              ; -0.589 V            ; 0.329 V                              ; 0.706 V                              ; 2.77e-10 s                  ; 1.3e-10 s                   ; Yes                        ; No                         ; 3.63 V                      ; 4.42e-07 V                  ; 3.75 V             ; -0.589 V           ; 0.329 V                             ; 0.706 V                             ; 2.77e-10 s                 ; 1.3e-10 s                  ; Yes                       ; No                        ;
; altera_reserved_tdo                 ; 3.3-V LVTTL  ; 0 s                 ; 0 s                 ; 3.63 V                       ; 5.9e-07 V                    ; 3.68 V              ; -0.193 V            ; 0.293 V                              ; 0.245 V                              ; 4.06e-10 s                  ; 2.62e-10 s                  ; Yes                        ; No                         ; 3.63 V                      ; 5.9e-07 V                   ; 3.68 V             ; -0.193 V           ; 0.293 V                             ; 0.245 V                             ; 4.06e-10 s                 ; 2.62e-10 s                 ; Yes                       ; No                        ;
+-------------------------------------+--------------+---------------------+---------------------+------------------------------+------------------------------+---------------------+---------------------+--------------------------------------+--------------------------------------+-----------------------------+-----------------------------+----------------------------+----------------------------+-----------------------------+-----------------------------+--------------------+--------------------+-------------------------------------+-------------------------------------+----------------------------+----------------------------+---------------------------+---------------------------+


+------------------------------------------------------------------------------------------------------------------------------------------------------------------------------------------------------------------------------------------------------------------------------------------------------------------------------------------------------------------------------------------------------------------------------------------------------------------------------------------------------------------------------------------------------------------------------------------------------------------------------------------------------------------------------------------------------------------+
; Signal Integrity Metrics (Fast 1100mv 100c Model)                                                                                                                                                                                                                                                                                                                                                                                                                                                                                                                                                                                                                                                                ;
+-------------------------------------+--------------+---------------------+---------------------+------------------------------+------------------------------+---------------------+---------------------+--------------------------------------+--------------------------------------+-----------------------------+-----------------------------+----------------------------+----------------------------+-----------------------------+-----------------------------+--------------------+--------------------+-------------------------------------+-------------------------------------+----------------------------+----------------------------+---------------------------+---------------------------+
; Pin                                 ; I/O Standard ; Board Delay on Rise ; Board Delay on Fall ; Steady State Voh at FPGA Pin ; Steady State Vol at FPGA Pin ; Voh Max at FPGA Pin ; Vol Min at FPGA Pin ; Ringback Voltage on Rise at FPGA Pin ; Ringback Voltage on Fall at FPGA Pin ; 10-90 Rise Time at FPGA Pin ; 90-10 Fall Time at FPGA Pin ; Monotonic Rise at FPGA Pin ; Monotonic Fall at FPGA Pin ; Steady State Voh at Far-end ; Steady State Vol at Far-end ; Voh Max at Far-end ; Vol Min at Far-end ; Ringback Voltage on Rise at Far-end ; Ringback Voltage on Fall at Far-end ; 10-90 Rise Time at Far-end ; 90-10 Fall Time at Far-end ; Monotonic Rise at Far-end ; Monotonic Fall at Far-end ;
+-------------------------------------+--------------+---------------------+---------------------+------------------------------+------------------------------+---------------------+---------------------+--------------------------------------+--------------------------------------+-----------------------------+-----------------------------+----------------------------+----------------------------+-----------------------------+-----------------------------+--------------------+--------------------+-------------------------------------+-------------------------------------+----------------------------+----------------------------+---------------------------+---------------------------+
; hdmi_de                             ; 3.3-V LVTTL  ; 0 s                 ; 0 s                 ; 3.63 V                       ; 0.000307 V                   ; 3.64 V              ; -0.165 V            ; 0.022 V                              ; 0.425 V                              ; 4.58e-10 s                  ; 2e-10 s                     ; Yes                        ; No                         ; 3.63 V                      ; 0.000307 V                  ; 3.64 V             ; -0.165 V           ; 0.022 V                             ; 0.425 V                             ; 4.58e-10 s                 ; 2e-10 s                    ; Yes                       ; No                        ;
; hdmi_hs                             ; 3.3-V LVTTL  ; 0 s                 ; 0 s                 ; 3.63 V                       ; 0.000307 V                   ; 3.64 V              ; -0.165 V            ; 0.022 V                              ; 0.425 V                              ; 4.58e-10 s                  ; 2e-10 s                     ; Yes                        ; No                         ; 3.63 V                      ; 0.000307 V                  ; 3.64 V             ; -0.165 V           ; 0.022 V                             ; 0.425 V                             ; 4.58e-10 s                 ; 2e-10 s                    ; Yes                       ; No                        ;
; hdmi_vs                             ; 3.3-V LVTTL  ; 0 s                 ; 0 s                 ; 3.63 V                       ; 0.000307 V                   ; 3.64 V              ; -0.165 V            ; 0.022 V                              ; 0.425 V                              ; 4.58e-10 s                  ; 2e-10 s                     ; Yes                        ; No                         ; 3.63 V                      ; 0.000307 V                  ; 3.64 V             ; -0.165 V           ; 0.022 V                             ; 0.425 V                             ; 4.58e-10 s                 ; 2e-10 s                    ; Yes                       ; No                        ;
; hdmi_clk                            ; 3.3-V LVTTL  ; 0 s                 ; 0 s                 ; 3.63 V                       ; 0.000379 V                   ; 3.65 V              ; -0.289 V            ; 0.051 V                              ; 0.523 V                              ; 4.36e-10 s                  ; 1.95e-10 s                  ; Yes                        ; No                         ; 3.63 V                      ; 0.000379 V                  ; 3.65 V             ; -0.289 V           ; 0.051 V                             ; 0.523 V                             ; 4.36e-10 s                 ; 1.95e-10 s                 ; Yes                       ; No                        ;
; hdmi_data[23]                       ; 3.3-V LVTTL  ; 0 s                 ; 0 s                 ; 3.63 V                       ; 0.000379 V                   ; 3.65 V              ; -0.289 V            ; 0.051 V                              ; 0.523 V                              ; 4.36e-10 s                  ; 1.95e-10 s                  ; Yes                        ; No                         ; 3.63 V                      ; 0.000379 V                  ; 3.65 V             ; -0.289 V           ; 0.051 V                             ; 0.523 V                             ; 4.36e-10 s                 ; 1.95e-10 s                 ; Yes                       ; No                        ;
; hdmi_data[22]                       ; 3.3-V LVTTL  ; 0 s                 ; 0 s                 ; 3.63 V                       ; 0.000379 V                   ; 3.65 V              ; -0.292 V            ; 0.053 V                              ; 0.524 V                              ; 4.36e-10 s                  ; 1.95e-10 s                  ; Yes                        ; No                         ; 3.63 V                      ; 0.000379 V                  ; 3.65 V             ; -0.292 V           ; 0.053 V                             ; 0.524 V                             ; 4.36e-10 s                 ; 1.95e-10 s                 ; Yes                       ; No                        ;
; hdmi_data[21]                       ; 3.3-V LVTTL  ; 0 s                 ; 0 s                 ; 3.63 V                       ; 0.000379 V                   ; 3.65 V              ; -0.292 V            ; 0.053 V                              ; 0.524 V                              ; 4.36e-10 s                  ; 1.95e-10 s                  ; Yes                        ; No                         ; 3.63 V                      ; 0.000379 V                  ; 3.65 V             ; -0.292 V           ; 0.053 V                             ; 0.524 V                             ; 4.36e-10 s                 ; 1.95e-10 s                 ; Yes                       ; No                        ;
; hdmi_data[20]                       ; 3.3-V LVTTL  ; 0 s                 ; 0 s                 ; 3.63 V                       ; 0.000379 V                   ; 3.65 V              ; -0.289 V            ; 0.051 V                              ; 0.523 V                              ; 4.36e-10 s                  ; 1.95e-10 s                  ; Yes                        ; No                         ; 3.63 V                      ; 0.000379 V                  ; 3.65 V             ; -0.289 V           ; 0.051 V                             ; 0.523 V                             ; 4.36e-10 s                 ; 1.95e-10 s                 ; Yes                       ; No                        ;
; hdmi_data[19]                       ; 3.3-V LVTTL  ; 0 s                 ; 0 s                 ; 3.63 V                       ; 0.000379 V                   ; 3.65 V              ; -0.292 V            ; 0.053 V                              ; 0.524 V                              ; 4.36e-10 s                  ; 1.95e-10 s                  ; Yes                        ; No                         ; 3.63 V                      ; 0.000379 V                  ; 3.65 V             ; -0.292 V           ; 0.053 V                             ; 0.524 V                             ; 4.36e-10 s                 ; 1.95e-10 s                 ; Yes                       ; No                        ;
; hdmi_data[18]                       ; 3.3-V LVTTL  ; 0 s                 ; 0 s                 ; 3.63 V                       ; 0.000379 V                   ; 3.65 V              ; -0.292 V            ; 0.053 V                              ; 0.524 V                              ; 4.36e-10 s                  ; 1.95e-10 s                  ; Yes                        ; No                         ; 3.63 V                      ; 0.000379 V                  ; 3.65 V             ; -0.292 V           ; 0.053 V                             ; 0.524 V                             ; 4.36e-10 s                 ; 1.95e-10 s                 ; Yes                       ; No                        ;
; hdmi_data[17]                       ; 3.3-V LVTTL  ; 0 s                 ; 0 s                 ; 3.63 V                       ; 0.000379 V                   ; 3.65 V              ; -0.292 V            ; 0.053 V                              ; 0.524 V                              ; 4.36e-10 s                  ; 1.95e-10 s                  ; Yes                        ; No                         ; 3.63 V                      ; 0.000379 V                  ; 3.65 V             ; -0.292 V           ; 0.053 V                             ; 0.524 V                             ; 4.36e-10 s                 ; 1.95e-10 s                 ; Yes                       ; No                        ;
; hdmi_data[16]                       ; 3.3-V LVTTL  ; 0 s                 ; 0 s                 ; 3.63 V                       ; 0.000379 V                   ; 3.65 V              ; -0.289 V            ; 0.051 V                              ; 0.523 V                              ; 4.36e-10 s                  ; 1.95e-10 s                  ; Yes                        ; No                         ; 3.63 V                      ; 0.000379 V                  ; 3.65 V             ; -0.289 V           ; 0.051 V                             ; 0.523 V                             ; 4.36e-10 s                 ; 1.95e-10 s                 ; Yes                       ; No                        ;
; hdmi_data[15]                       ; 3.3-V LVTTL  ; 0 s                 ; 0 s                 ; 3.63 V                       ; 0.000379 V                   ; 3.65 V              ; -0.289 V            ; 0.051 V                              ; 0.523 V                              ; 4.36e-10 s                  ; 1.95e-10 s                  ; Yes                        ; No                         ; 3.63 V                      ; 0.000379 V                  ; 3.65 V             ; -0.289 V           ; 0.051 V                             ; 0.523 V                             ; 4.36e-10 s                 ; 1.95e-10 s                 ; Yes                       ; No                        ;
; hdmi_data[14]                       ; 3.3-V LVTTL  ; 0 s                 ; 0 s                 ; 3.63 V                       ; 0.000379 V                   ; 3.65 V              ; -0.292 V            ; 0.053 V                              ; 0.524 V                              ; 4.36e-10 s                  ; 1.95e-10 s                  ; Yes                        ; No                         ; 3.63 V                      ; 0.000379 V                  ; 3.65 V             ; -0.292 V           ; 0.053 V                             ; 0.524 V                             ; 4.36e-10 s                 ; 1.95e-10 s                 ; Yes                       ; No                        ;
; hdmi_data[13]                       ; 3.3-V LVTTL  ; 0 s                 ; 0 s                 ; 3.63 V                       ; 0.000379 V                   ; 3.65 V              ; -0.292 V            ; 0.053 V                              ; 0.524 V                              ; 4.36e-10 s                  ; 1.95e-10 s                  ; Yes                        ; No                         ; 3.63 V                      ; 0.000379 V                  ; 3.65 V             ; -0.292 V           ; 0.053 V                             ; 0.524 V                             ; 4.36e-10 s                 ; 1.95e-10 s                 ; Yes                       ; No                        ;
; hdmi_data[12]                       ; 3.3-V LVTTL  ; 0 s                 ; 0 s                 ; 3.63 V                       ; 0.000379 V                   ; 3.65 V              ; -0.289 V            ; 0.051 V                              ; 0.523 V                              ; 4.36e-10 s                  ; 1.95e-10 s                  ; Yes                        ; No                         ; 3.63 V                      ; 0.000379 V                  ; 3.65 V             ; -0.289 V           ; 0.051 V                             ; 0.523 V                             ; 4.36e-10 s                 ; 1.95e-10 s                 ; Yes                       ; No                        ;
; hdmi_data[11]                       ; 3.3-V LVTTL  ; 0 s                 ; 0 s                 ; 3.63 V                       ; 0.000379 V                   ; 3.65 V              ; -0.292 V            ; 0.053 V                              ; 0.524 V                              ; 4.36e-10 s                  ; 1.95e-10 s                  ; Yes                        ; No                         ; 3.63 V                      ; 0.000379 V                  ; 3.65 V             ; -0.292 V           ; 0.053 V                             ; 0.524 V                             ; 4.36e-10 s                 ; 1.95e-10 s                 ; Yes                       ; No                        ;
; hdmi_data[10]                       ; 3.3-V LVTTL  ; 0 s                 ; 0 s                 ; 3.63 V                       ; 0.000307 V                   ; 3.64 V              ; -0.165 V            ; 0.022 V                              ; 0.425 V                              ; 4.58e-10 s                  ; 2e-10 s                     ; Yes                        ; No                         ; 3.63 V                      ; 0.000307 V                  ; 3.64 V             ; -0.165 V           ; 0.022 V                             ; 0.425 V                             ; 4.58e-10 s                 ; 2e-10 s                    ; Yes                       ; No                        ;
; hdmi_data[9]                        ; 3.3-V LVTTL  ; 0 s                 ; 0 s                 ; 3.63 V                       ; 0.000379 V                   ; 3.65 V              ; -0.292 V            ; 0.053 V                              ; 0.524 V                              ; 4.36e-10 s                  ; 1.95e-10 s                  ; Yes                        ; No                         ; 3.63 V                      ; 0.000379 V                  ; 3.65 V             ; -0.292 V           ; 0.053 V                             ; 0.524 V                             ; 4.36e-10 s                 ; 1.95e-10 s                 ; Yes                       ; No                        ;
; hdmi_data[8]                        ; 3.3-V LVTTL  ; 0 s                 ; 0 s                 ; 3.63 V                       ; 0.000307 V                   ; 3.64 V              ; -0.165 V            ; 0.022 V                              ; 0.425 V                              ; 4.58e-10 s                  ; 2e-10 s                     ; Yes                        ; No                         ; 3.63 V                      ; 0.000307 V                  ; 3.64 V             ; -0.165 V           ; 0.022 V                             ; 0.425 V                             ; 4.58e-10 s                 ; 2e-10 s                    ; Yes                       ; No                        ;
; hdmi_data[7]                        ; 3.3-V LVTTL  ; 0 s                 ; 0 s                 ; 3.63 V                       ; 0.000379 V                   ; 3.65 V              ; -0.289 V            ; 0.051 V                              ; 0.523 V                              ; 4.36e-10 s                  ; 1.95e-10 s                  ; Yes                        ; No                         ; 3.63 V                      ; 0.000379 V                  ; 3.65 V             ; -0.289 V           ; 0.051 V                             ; 0.523 V                             ; 4.36e-10 s                 ; 1.95e-10 s                 ; Yes                       ; No                        ;
; hdmi_data[6]                        ; 3.3-V LVTTL  ; 0 s                 ; 0 s                 ; 3.63 V                       ; 0.000307 V                   ; 3.64 V              ; -0.165 V            ; 0.022 V                              ; 0.425 V                              ; 4.58e-10 s                  ; 2e-10 s                     ; Yes                        ; No                         ; 3.63 V                      ; 0.000307 V                  ; 3.64 V             ; -0.165 V           ; 0.022 V                             ; 0.425 V                             ; 4.58e-10 s                 ; 2e-10 s                    ; Yes                       ; No                        ;
; hdmi_data[5]                        ; 3.3-V LVTTL  ; 0 s                 ; 0 s                 ; 3.63 V                       ; 0.000395 V                   ; 3.65 V              ; -0.232 V            ; 0.065 V                              ; 0.547 V                              ; 4.68e-10 s                  ; 2.07e-10 s                  ; Yes                        ; No                         ; 3.63 V                      ; 0.000395 V                  ; 3.65 V             ; -0.232 V           ; 0.065 V                             ; 0.547 V                             ; 4.68e-10 s                 ; 2.07e-10 s                 ; Yes                       ; No                        ;
; hdmi_data[4]                        ; 3.3-V LVTTL  ; 0 s                 ; 0 s                 ; 3.63 V                       ; 0.000395 V                   ; 3.65 V              ; -0.232 V            ; 0.065 V                              ; 0.547 V                              ; 4.68e-10 s                  ; 2.07e-10 s                  ; Yes                        ; No                         ; 3.63 V                      ; 0.000395 V                  ; 3.65 V             ; -0.232 V           ; 0.065 V                             ; 0.547 V                             ; 4.68e-10 s                 ; 2.07e-10 s                 ; Yes                       ; No                        ;
; hdmi_data[3]                        ; 3.3-V LVTTL  ; 0 s                 ; 0 s                 ; 3.63 V                       ; 0.000307 V                   ; 3.64 V              ; -0.165 V            ; 0.022 V                              ; 0.425 V                              ; 4.58e-10 s                  ; 2e-10 s                     ; Yes                        ; No                         ; 3.63 V                      ; 0.000307 V                  ; 3.64 V             ; -0.165 V           ; 0.022 V                             ; 0.425 V                             ; 4.58e-10 s                 ; 2e-10 s                    ; Yes                       ; No                        ;
; hdmi_data[2]                        ; 3.3-V LVTTL  ; 0 s                 ; 0 s                 ; 3.63 V                       ; 0.000395 V                   ; 3.65 V              ; -0.232 V            ; 0.065 V                              ; 0.547 V                              ; 4.68e-10 s                  ; 2.07e-10 s                  ; Yes                        ; No                         ; 3.63 V                      ; 0.000395 V                  ; 3.65 V             ; -0.232 V           ; 0.065 V                             ; 0.547 V                             ; 4.68e-10 s                 ; 2.07e-10 s                 ; Yes                       ; No                        ;
; hdmi_data[1]                        ; 3.3-V LVTTL  ; 0 s                 ; 0 s                 ; 3.63 V                       ; 0.000395 V                   ; 3.65 V              ; -0.232 V            ; 0.065 V                              ; 0.547 V                              ; 4.68e-10 s                  ; 2.07e-10 s                  ; Yes                        ; No                         ; 3.63 V                      ; 0.000395 V                  ; 3.65 V             ; -0.232 V           ; 0.065 V                             ; 0.547 V                             ; 4.68e-10 s                 ; 2.07e-10 s                 ; Yes                       ; No                        ;
; hdmi_data[0]                        ; 3.3-V LVTTL  ; 0 s                 ; 0 s                 ; 3.63 V                       ; 0.000307 V                   ; 3.64 V              ; -0.165 V            ; 0.022 V                              ; 0.425 V                              ; 4.58e-10 s                  ; 2e-10 s                     ; Yes                        ; No                         ; 3.63 V                      ; 0.000307 V                  ; 3.64 V             ; -0.165 V           ; 0.022 V                             ; 0.425 V                             ; 4.58e-10 s                 ; 2e-10 s                    ; Yes                       ; No                        ;
; pio_0_external_connection_export[7] ; 3.3-V LVTTL  ; 0 s                 ; 0 s                 ; 3.63 V                       ; 0.000307 V                   ; 3.64 V              ; -0.165 V            ; 0.022 V                              ; 0.425 V                              ; 4.58e-10 s                  ; 2e-10 s                     ; Yes                        ; No                         ; 3.63 V                      ; 0.000307 V                  ; 3.64 V             ; -0.165 V           ; 0.022 V                             ; 0.425 V                             ; 4.58e-10 s                 ; 2e-10 s                    ; Yes                       ; No                        ;
; pio_0_external_connection_export[6] ; 3.3-V LVTTL  ; 0 s                 ; 0 s                 ; 3.63 V                       ; 0.000379 V                   ; 3.65 V              ; -0.289 V            ; 0.051 V                              ; 0.523 V                              ; 4.36e-10 s                  ; 1.95e-10 s                  ; Yes                        ; No                         ; 3.63 V                      ; 0.000379 V                  ; 3.65 V             ; -0.289 V           ; 0.051 V                             ; 0.523 V                             ; 4.36e-10 s                 ; 1.95e-10 s                 ; Yes                       ; No                        ;
; pio_0_external_connection_export[5] ; 3.3-V LVTTL  ; 0 s                 ; 0 s                 ; 3.63 V                       ; 0.000395 V                   ; 3.65 V              ; -0.232 V            ; 0.065 V                              ; 0.547 V                              ; 4.68e-10 s                  ; 2.07e-10 s                  ; Yes                        ; No                         ; 3.63 V                      ; 0.000395 V                  ; 3.65 V             ; -0.232 V           ; 0.065 V                             ; 0.547 V                             ; 4.68e-10 s                 ; 2.07e-10 s                 ; Yes                       ; No                        ;
; pio_0_external_connection_export[4] ; 3.3-V LVTTL  ; 0 s                 ; 0 s                 ; 3.63 V                       ; 0.000307 V                   ; 3.64 V              ; -0.165 V            ; 0.022 V                              ; 0.425 V                              ; 4.58e-10 s                  ; 2e-10 s                     ; Yes                        ; No                         ; 3.63 V                      ; 0.000307 V                  ; 3.64 V             ; -0.165 V           ; 0.022 V                             ; 0.425 V                             ; 4.58e-10 s                 ; 2e-10 s                    ; Yes                       ; No                        ;
; pio_0_external_connection_export[3] ; 3.3-V LVTTL  ; 0 s                 ; 0 s                 ; 3.63 V                       ; 0.000379 V                   ; 3.65 V              ; -0.289 V            ; 0.051 V                              ; 0.523 V                              ; 4.36e-10 s                  ; 1.95e-10 s                  ; Yes                        ; No                         ; 3.63 V                      ; 0.000379 V                  ; 3.65 V             ; -0.289 V           ; 0.051 V                             ; 0.523 V                             ; 4.36e-10 s                 ; 1.95e-10 s                 ; Yes                       ; No                        ;
; pio_0_external_connection_export[2] ; 3.3-V LVTTL  ; 0 s                 ; 0 s                 ; 3.63 V                       ; 0.000379 V                   ; 3.65 V              ; -0.292 V            ; 0.053 V                              ; 0.524 V                              ; 4.36e-10 s                  ; 1.95e-10 s                  ; Yes                        ; No                         ; 3.63 V                      ; 0.000379 V                  ; 3.65 V             ; -0.292 V           ; 0.053 V                             ; 0.524 V                             ; 4.36e-10 s                 ; 1.95e-10 s                 ; Yes                       ; No                        ;
; pio_0_external_connection_export[1] ; 3.3-V LVTTL  ; 0 s                 ; 0 s                 ; 3.63 V                       ; 0.000395 V                   ; 3.65 V              ; -0.232 V            ; 0.065 V                              ; 0.547 V                              ; 4.68e-10 s                  ; 2.07e-10 s                  ; Yes                        ; No                         ; 3.63 V                      ; 0.000395 V                  ; 3.65 V             ; -0.232 V           ; 0.065 V                             ; 0.547 V                             ; 4.68e-10 s                 ; 2.07e-10 s                 ; Yes                       ; No                        ;
; pio_0_external_connection_export[0] ; 3.3-V LVTTL  ; 0 s                 ; 0 s                 ; 3.63 V                       ; 0.000379 V                   ; 3.65 V              ; -0.292 V            ; 0.053 V                              ; 0.524 V                              ; 4.36e-10 s                  ; 1.95e-10 s                  ; Yes                        ; No                         ; 3.63 V                      ; 0.000379 V                  ; 3.65 V             ; -0.292 V           ; 0.053 V                             ; 0.524 V                             ; 4.36e-10 s                 ; 1.95e-10 s                 ; Yes                       ; No                        ;
; altera_reserved_tdo                 ; 3.3-V LVTTL  ; 0 s                 ; 0 s                 ; 3.63 V                       ; 0.000519 V                   ; 3.68 V              ; -0.039 V            ; 0.235 V                              ; 0.074 V                              ; 6e-10 s                     ; 3e-10 s                     ; No                         ; Yes                        ; 3.63 V                      ; 0.000519 V                  ; 3.68 V             ; -0.039 V           ; 0.235 V                             ; 0.074 V                             ; 6e-10 s                    ; 3e-10 s                    ; No                        ; Yes                       ;
+-------------------------------------+--------------+---------------------+---------------------+------------------------------+------------------------------+---------------------+---------------------+--------------------------------------+--------------------------------------+-----------------------------+-----------------------------+----------------------------+----------------------------+-----------------------------+-----------------------------+--------------------+--------------------+-------------------------------------+-------------------------------------+----------------------------+----------------------------+---------------------------+---------------------------+


+---------------------------------------------------------------------------------------+
; Setup Transfers                                                                       ;
+---------------------+---------------------+----------+----------+----------+----------+
; From Clock          ; To Clock            ; RR Paths ; FR Paths ; RF Paths ; FF Paths ;
+---------------------+---------------------+----------+----------+----------+----------+
; altera_reserved_tck ; altera_reserved_tck ; 1854     ; 0        ; 31       ; 2        ;
+---------------------+---------------------+----------+----------+----------+----------+
Entries labeled "false path" only account for clock-to-clock false paths and not path-based false paths. As a result, actual path counts may be lower than reported.


+---------------------------------------------------------------------------------------+
; Hold Transfers                                                                        ;
+---------------------+---------------------+----------+----------+----------+----------+
; From Clock          ; To Clock            ; RR Paths ; FR Paths ; RF Paths ; FF Paths ;
+---------------------+---------------------+----------+----------+----------+----------+
; altera_reserved_tck ; altera_reserved_tck ; 1854     ; 0        ; 31       ; 2        ;
+---------------------+---------------------+----------+----------+----------+----------+
Entries labeled "false path" only account for clock-to-clock false paths and not path-based false paths. As a result, actual path counts may be lower than reported.


+---------------------------------------------------------------------------------------+
; Recovery Transfers                                                                    ;
+---------------------+---------------------+----------+----------+----------+----------+
; From Clock          ; To Clock            ; RR Paths ; FR Paths ; RF Paths ; FF Paths ;
+---------------------+---------------------+----------+----------+----------+----------+
; altera_reserved_tck ; altera_reserved_tck ; 104      ; 0        ; 3        ; 0        ;
+---------------------+---------------------+----------+----------+----------+----------+
Entries labeled "false path" only account for clock-to-clock false paths and not path-based false paths. As a result, actual path counts may be lower than reported.


+---------------------------------------------------------------------------------------+
; Removal Transfers                                                                     ;
+---------------------+---------------------+----------+----------+----------+----------+
; From Clock          ; To Clock            ; RR Paths ; FR Paths ; RF Paths ; FF Paths ;
+---------------------+---------------------+----------+----------+----------+----------+
; altera_reserved_tck ; altera_reserved_tck ; 104      ; 0        ; 3        ; 0        ;
+---------------------+---------------------+----------+----------+----------+----------+
Entries labeled "false path" only account for clock-to-clock false paths and not path-based false paths. As a result, actual path counts may be lower than reported.


---------------
; Report TCCS ;
---------------
No dedicated SERDES Transmitter circuitry present in device or used in design


---------------
; Report RSKM ;
---------------
No non-DPA dedicated SERDES Receiver circuitry present in device or used in design


+------------------------------------------------+
; Unconstrained Paths                            ;
+---------------------------------+-------+------+
; Property                        ; Setup ; Hold ;
+---------------------------------+-------+------+
; Illegal Clocks                  ; 0     ; 0    ;
; Unconstrained Clocks            ; 1     ; 1    ;
; Unconstrained Input Ports       ; 4     ; 4    ;
; Unconstrained Input Port Paths  ; 86    ; 86   ;
; Unconstrained Output Ports      ; 37    ; 37   ;
; Unconstrained Output Port Paths ; 1077  ; 1077 ;
+---------------------------------+-------+------+


+------------------------------------+
; TimeQuest Timing Analyzer Messages ;
+------------------------------------+
Info: *******************************************************************
Info: Running Quartus II 64-Bit TimeQuest Timing Analyzer
    Info: Version 15.0.0 Build 145 04/22/2015 SJ Web Edition
    Info: Processing started: Fri Feb 13 17:58:17 2026
Info: Command: quartus_sta videocapsule -c videocapsule
Info: qsta_default_script.tcl version: #11
Info (11104): Parallel Compilation has detected 12 hyper-threaded processors. However, the extra hyper-threaded processors will not be used by default. Parallel Compilation will use 10 of the 10 physical processors detected instead.
Info (21077): Low junction temperature is -40 degrees C
Info (21077): High junction temperature is 100 degrees C
Info (332164): Evaluating HDL-embedded SDC commands
    Info (332165): Entity GHVD5181
        Info (332166): set_disable_timing [get_cells -hierarchical QXXQ6833_0]
        Info (332166): set_disable_timing [get_cells -hierarchical JEQQ5299_0]
        Info (332166): set_disable_timing [get_cells -hierarchical JEQQ5299_1]
        Info (332166): set_disable_timing [get_cells -hierarchical JEQQ5299_2]
        Info (332166): set_disable_timing [get_cells -hierarchical JEQQ5299_3]
        Info (332166): set_disable_timing [get_cells -hierarchical JEQQ5299_4]
        Info (332166): set_disable_timing [get_cells -hierarchical JEQQ5299_5]
        Info (332166): set_disable_timing [get_cells -hierarchical JEQQ5299_6]
        Info (332166): set_disable_timing [get_cells -hierarchical JEQQ5299_7]
        Info (332166): set_disable_timing [get_cells -hierarchical BITP7563_0]
    Info (332165): Entity alt_jtag_atlantic
        Info (332166): set_false_path -from [get_registers {*|alt_jtag_atlantic:*|jupdate}] -to [get_registers {*|alt_jtag_atlantic:*|jupdate1*}] 
        Info (332166): set_false_path -from [get_registers {*|alt_jtag_atlantic:*|rdata[*]}] -to [get_registers {*|alt_jtag_atlantic*|td_shift[*]}]
        Info (332166): set_false_path -from [get_registers {*|alt_jtag_atlantic:*|rdata[*]}] -to [get_registers {*|alt_jtag_atlantic*|td_shift[*]}]
        Info (332166): set_false_path -from [get_registers {*|alt_jtag_atlantic:*|rdata[*]}] -to [get_registers {*|alt_jtag_atlantic*|td_shift[*]}]
        Info (332166): set_false_path -from [get_registers {*|alt_jtag_atlantic:*|rdata[*]}] -to [get_registers {*|alt_jtag_atlantic*|td_shift[*]}]
        Info (332166): set_false_path -from [get_registers {*|alt_jtag_atlantic:*|rdata[*]}] -to [get_registers {*|alt_jtag_atlantic*|td_shift[*]}]
        Info (332166): set_false_path -from [get_registers {*|alt_jtag_atlantic:*|rdata[*]}] -to [get_registers {*|alt_jtag_atlantic*|td_shift[*]}]
        Info (332166): set_false_path -from [get_registers {*|alt_jtag_atlantic:*|rdata[*]}] -to [get_registers {*|alt_jtag_atlantic*|td_shift[*]}]
        Info (332166): set_false_path -from [get_registers {*|alt_jtag_atlantic:*|rdata[*]}] -to [get_registers {*|alt_jtag_atlantic*|td_shift[*]}]
        Info (332166): set_false_path -from [get_registers {*|alt_jtag_atlantic:*|read}] -to [get_registers {*|alt_jtag_atlantic:*|read1*}] 
        Info (332166): set_false_path -from [get_registers {*|alt_jtag_atlantic:*|read_req}]
        Info (332166): set_false_path -from [get_registers {*|alt_jtag_atlantic:*|rvalid}] -to [get_registers {*|alt_jtag_atlantic*|td_shift[*]}]
        Info (332166): set_false_path -from [get_registers {*|t_dav}] -to [get_registers {*|alt_jtag_atlantic:*|tck_t_dav}]
        Info (332166): set_false_path -from [get_registers {*|alt_jtag_atlantic:*|user_saw_rvalid}] -to [get_registers {*|alt_jtag_atlantic:*|rvalid0*}]
        Info (332166): set_false_path -from [get_registers {*|alt_jtag_atlantic:*|wdata[*]}] -to [get_registers {*}]
        Info (332166): set_false_path -from [get_registers {*|alt_jtag_atlantic:*|wdata[*]}] -to [get_registers {*}]
        Info (332166): set_false_path -from [get_registers {*|alt_jtag_atlantic:*|wdata[*]}] -to [get_registers {*}]
        Info (332166): set_false_path -from [get_registers {*|alt_jtag_atlantic:*|wdata[*]}] -to [get_registers {*}]
        Info (332166): set_false_path -from [get_registers {*|alt_jtag_atlantic:*|wdata[*]}] -to [get_registers {*}]
        Info (332166): set_false_path -from [get_registers {*|alt_jtag_atlantic:*|wdata[*]}] -to [get_registers {*}]
        Info (332166): set_false_path -from [get_registers {*|alt_jtag_atlantic:*|wdata[*]}] -to [get_registers {*}]
        Info (332166): set_false_path -from [get_registers {*|alt_jtag_atlantic:*|wdata[*]}] -to [get_registers {*}]
        Info (332166): set_false_path -from [get_registers {*|alt_jtag_atlantic:*|write}] -to [get_registers {*|alt_jtag_atlantic:*|write1*}] 
        Info (332166): set_false_path -from [get_registers {*|alt_jtag_atlantic:*|write_stalled}] -to [get_registers {*|alt_jtag_atlantic:*|t_ena*}]
        Info (332166): set_false_path -from [get_registers {*|alt_jtag_atlantic:*|write_stalled}] -to [get_registers {*|alt_jtag_atlantic:*|t_pause*}]
        Info (332166): set_false_path -from [get_registers {*|alt_jtag_atlantic:*|write_valid}]
    Info (332165): Entity altera_std_synchronizer
        Info (332166): set_false_path -to [get_keepers {*altera_std_synchronizer:*|din_s1}]
    Info (332165): Entity pzdyqx_impl
        Info (332166): set_false_path -from [get_keepers {altera_reserved_tdi}] -to [get_keepers {pzdyqx*}]
    Info (332165): Entity sld_hub
        Info (332166): create_clock -name altera_reserved_tck [get_ports {altera_reserved_tck}] -period 30MHz   
        Info (332166): if { [string equal quartus_fit $::TimeQuestInfo(nameofexecutable)] } { set_max_delay -to [get_ports { altera_reserved_tdo } ] 0 }
        Info (332166): set_clock_groups -asynchronous -group {altera_reserved_tck}
Info (332104): Reading SDC File: 'sopc/niosii/synthesis/submodules/altera_reset_controller.sdc'
Info (332104): Reading SDC File: 'sopc/niosii/synthesis/submodules/niosii_nios2_gen2_0_cpu.sdc'
Warning (332060): Node: clk_clk was determined to be a clock but was found without an associated clock assignment.
    Info (13166): Register ram_affichage:inst7|altsyncram:altsyncram_component|altsyncram_6uu3:auto_generated|ram_block1a332~portb_address_reg4 is being clocked by clk_clk
Info (332143): No user constrained clock uncertainty found in the design. Calling "derive_clock_uncertainty"
Info (332123): Deriving Clock Uncertainty. Please refer to report_sdc in TimeQuest to see clock uncertainties.
Warning (332056): PLL cross checking found inconsistent PLL clock settings:
    Warning (332056): Node: inst2|pll_inst|altera_pll_i|general[0].gpll~FRACTIONAL_PLL|vcoph[0] was found missing 1 generated clock that corresponds to a base clock with a period of: 20.000
Info: Found TIMEQUEST_REPORT_SCRIPT_INCLUDE_DEFAULT_ANALYSIS = ON
Info: Analyzing Slow 1100mV 100C Model
Info (332146): Worst-case setup slack is 9.020
    Info (332119):     Slack       End Point TNS Clock 
    Info (332119): ========= =================== =====================
    Info (332119):     9.020               0.000 altera_reserved_tck 
Info (332146): Worst-case hold slack is 0.152
    Info (332119):     Slack       End Point TNS Clock 
    Info (332119): ========= =================== =====================
    Info (332119):     0.152               0.000 altera_reserved_tck 
Info (332146): Worst-case recovery slack is 14.273
    Info (332119):     Slack       End Point TNS Clock 
    Info (332119): ========= =================== =====================
    Info (332119):    14.273               0.000 altera_reserved_tck 
Info (332146): Worst-case removal slack is 0.826
    Info (332119):     Slack       End Point TNS Clock 
    Info (332119): ========= =================== =====================
    Info (332119):     0.826               0.000 altera_reserved_tck 
Info (332146): Worst-case minimum pulse width slack is 15.445
    Info (332119):     Slack       End Point TNS Clock 
    Info (332119): ========= =================== =====================
    Info (332119):    15.445               0.000 altera_reserved_tck 
Info (332114): Report Metastability: Found 2 synchronizer chains.
    Info (332114): Worst-Case MTBF of Design is 1e+09 years or 3.15e+16 seconds.
    Info (332114): Typical MTBF of Design is 1e+09 years or 3.15e+16 seconds.

    Info (332114): Number of Synchronizer Chains Found: 2
    Info (332114): Shortest Synchronizer Chain: 2 Registers
    Info (332114): Fraction of Chains for which MTBFs Could Not be Calculated: 0.000
    Info (332114): Worst Case Available Settling Time: 61.757 ns
    Info (332114): 
    Info (332114): Worst-Case MTBF values are calculated based on the worst-case silicon characteristics, with worst-case operating conditions.
    Info (332114):   - Under worst-case conditions, an increase of 100ps in available settling time will increase MTBF values by a factor of 8.0
    Info (332114): Typical MTBF values are calculated based on the nominal silicon characteristics, at nominal operating conditions.
    Info (332114):   - Under typical conditions, an increase of 100ps in available settling time will increase MTBF values by a factor of 17.8
Info: Analyzing Slow 1100mV -40C Model
Info (334003): Started post-fitting delay annotation
Info (334004): Delay annotation completed successfully
Warning (332060): Node: clk_clk was determined to be a clock but was found without an associated clock assignment.
    Info (13166): Register ram_affichage:inst7|altsyncram:altsyncram_component|altsyncram_6uu3:auto_generated|ram_block1a332~portb_address_reg4 is being clocked by clk_clk
Info (332123): Deriving Clock Uncertainty. Please refer to report_sdc in TimeQuest to see clock uncertainties.
Warning (332056): PLL cross checking found inconsistent PLL clock settings:
    Warning (332056): Node: inst2|pll_inst|altera_pll_i|general[0].gpll~FRACTIONAL_PLL|vcoph[0] was found missing 1 generated clock that corresponds to a base clock with a period of: 20.000
Info (332146): Worst-case setup slack is 9.291
    Info (332119):     Slack       End Point TNS Clock 
    Info (332119): ========= =================== =====================
    Info (332119):     9.291               0.000 altera_reserved_tck 
Info (332146): Worst-case hold slack is 0.142
    Info (332119):     Slack       End Point TNS Clock 
    Info (332119): ========= =================== =====================
    Info (332119):     0.142               0.000 altera_reserved_tck 
Info (332146): Worst-case recovery slack is 14.433
    Info (332119):     Slack       End Point TNS Clock 
    Info (332119): ========= =================== =====================
    Info (332119):    14.433               0.000 altera_reserved_tck 
Info (332146): Worst-case removal slack is 0.753
    Info (332119):     Slack       End Point TNS Clock 
    Info (332119): ========= =================== =====================
    Info (332119):     0.753               0.000 altera_reserved_tck 
Info (332146): Worst-case minimum pulse width slack is 15.446
    Info (332119):     Slack       End Point TNS Clock 
    Info (332119): ========= =================== =====================
    Info (332119):    15.446               0.000 altera_reserved_tck 
Info (332114): Report Metastability: Found 2 synchronizer chains.
    Info (332114): Worst-Case MTBF of Design is 1e+09 years or 3.15e+16 seconds.
    Info (332114): Typical MTBF of Design is 1e+09 years or 3.15e+16 seconds.

    Info (332114): Number of Synchronizer Chains Found: 2
    Info (332114): Shortest Synchronizer Chain: 2 Registers
    Info (332114): Fraction of Chains for which MTBFs Could Not be Calculated: 0.000
    Info (332114): Worst Case Available Settling Time: 61.833 ns
    Info (332114): 
    Info (332114): Worst-Case MTBF values are calculated based on the worst-case silicon characteristics, with worst-case operating conditions.
    Info (332114):   - Under worst-case conditions, an increase of 100ps in available settling time will increase MTBF values by a factor of 1.7
    Info (332114): Typical MTBF values are calculated based on the nominal silicon characteristics, at nominal operating conditions.
    Info (332114):   - Under typical conditions, an increase of 100ps in available settling time will increase MTBF values by a factor of 17.8
Info: Analyzing Fast 1100mV 100C Model
Info (334003): Started post-fitting delay annotation
Info (334004): Delay annotation completed successfully
Warning (332060): Node: clk_clk was determined to be a clock but was found without an associated clock assignment.
    Info (13166): Register ram_affichage:inst7|altsyncram:altsyncram_component|altsyncram_6uu3:auto_generated|ram_block1a332~portb_address_reg4 is being clocked by clk_clk
Info (332123): Deriving Clock Uncertainty. Please refer to report_sdc in TimeQuest to see clock uncertainties.
Warning (332056): PLL cross checking found inconsistent PLL clock settings:
    Warning (332056): Node: inst2|pll_inst|altera_pll_i|general[0].gpll~FRACTIONAL_PLL|vcoph[0] was found missing 1 generated clock that corresponds to a base clock with a period of: 20.000
Info (332146): Worst-case setup slack is 12.971
    Info (332119):     Slack       End Point TNS Clock 
    Info (332119): ========= =================== =====================
    Info (332119):    12.971               0.000 altera_reserved_tck 
Info (332146): Worst-case hold slack is 0.022
    Info (332119):     Slack       End Point TNS Clock 
    Info (332119): ========= =================== =====================
    Info (332119):     0.022               0.000 altera_reserved_tck 
Info (332146): Worst-case recovery slack is 15.802
    Info (332119):     Slack       End Point TNS Clock 
    Info (332119): ========= =================== =====================
    Info (332119):    15.802               0.000 altera_reserved_tck 
Info (332146): Worst-case removal slack is 0.309
    Info (332119):     Slack       End Point TNS Clock 
    Info (332119): ========= =================== =====================
    Info (332119):     0.309               0.000 altera_reserved_tck 
Info (332146): Worst-case minimum pulse width slack is 15.385
    Info (332119):     Slack       End Point TNS Clock 
    Info (332119): ========= =================== =====================
    Info (332119):    15.385               0.000 altera_reserved_tck 
Info (332114): Report Metastability: Found 2 synchronizer chains.
    Info (332114): Worst-Case MTBF of Design is 1e+09 years or 3.15e+16 seconds.
    Info (332114): Typical MTBF of Design is 1e+09 years or 3.15e+16 seconds.

    Info (332114): Number of Synchronizer Chains Found: 2
    Info (332114): Shortest Synchronizer Chain: 2 Registers
    Info (332114): Fraction of Chains for which MTBFs Could Not be Calculated: 0.000
    Info (332114): Worst Case Available Settling Time: 63.564 ns
    Info (332114): 
    Info (332114): Worst-Case MTBF values are calculated based on the worst-case silicon characteristics, with worst-case operating conditions.
    Info (332114):   - Under worst-case conditions, an increase of 100ps in available settling time will increase MTBF values by a factor of 8.0
    Info (332114): Typical MTBF values are calculated based on the nominal silicon characteristics, at nominal operating conditions.
    Info (332114):   - Under typical conditions, an increase of 100ps in available settling time will increase MTBF values by a factor of 17.8
Info: Analyzing Fast 1100mV -40C Model
Warning (332060): Node: clk_clk was determined to be a clock but was found without an associated clock assignment.
    Info (13166): Register ram_affichage:inst7|altsyncram:altsyncram_component|altsyncram_6uu3:auto_generated|ram_block1a332~portb_address_reg4 is being clocked by clk_clk
Info (332123): Deriving Clock Uncertainty. Please refer to report_sdc in TimeQuest to see clock uncertainties.
Warning (332056): PLL cross checking found inconsistent PLL clock settings:
    Warning (332056): Node: inst2|pll_inst|altera_pll_i|general[0].gpll~FRACTIONAL_PLL|vcoph[0] was found missing 1 generated clock that corresponds to a base clock with a period of: 20.000
Info (332146): Worst-case setup slack is 13.661
    Info (332119):     Slack       End Point TNS Clock 
    Info (332119): ========= =================== =====================
    Info (332119):    13.661               0.000 altera_reserved_tck 
Info (332146): Worst-case hold slack is 0.004
    Info (332119):     Slack       End Point TNS Clock 
    Info (332119): ========= =================== =====================
    Info (332119):     0.004               0.000 altera_reserved_tck 
Info (332146): Worst-case recovery slack is 16.065
    Info (332119):     Slack       End Point TNS Clock 
    Info (332119): ========= =================== =====================
    Info (332119):    16.065               0.000 altera_reserved_tck 
Info (332146): Worst-case removal slack is 0.244
    Info (332119):     Slack       End Point TNS Clock 
    Info (332119): ========= =================== =====================
    Info (332119):     0.244               0.000 altera_reserved_tck 
Info (332146): Worst-case minimum pulse width slack is 15.392
    Info (332119):     Slack       End Point TNS Clock 
    Info (332119): ========= =================== =====================
    Info (332119):    15.392               0.000 altera_reserved_tck 
Info (332114): Report Metastability: Found 2 synchronizer chains.
    Info (332114): Worst-Case MTBF of Design is 1e+09 years or 3.15e+16 seconds.
    Info (332114): Typical MTBF of Design is 1e+09 years or 3.15e+16 seconds.

    Info (332114): Number of Synchronizer Chains Found: 2
    Info (332114): Shortest Synchronizer Chain: 2 Registers
    Info (332114): Fraction of Chains for which MTBFs Could Not be Calculated: 0.000
    Info (332114): Worst Case Available Settling Time: 63.918 ns
    Info (332114): 
    Info (332114): Worst-Case MTBF values are calculated based on the worst-case silicon characteristics, with worst-case operating conditions.
    Info (332114):   - Under worst-case conditions, an increase of 100ps in available settling time will increase MTBF values by a factor of 1.7
    Info (332114): Typical MTBF values are calculated based on the nominal silicon characteristics, at nominal operating conditions.
    Info (332114):   - Under typical conditions, an increase of 100ps in available settling time will increase MTBF values by a factor of 17.8
Info (332102): Design is not fully constrained for setup requirements
Info (332102): Design is not fully constrained for hold requirements
Info: Quartus II 64-Bit TimeQuest Timing Analyzer was successful. 0 errors, 12 warnings
    Info: Peak virtual memory: 5593 megabytes
    Info: Processing ended: Fri Feb 13 17:58:54 2026
    Info: Elapsed time: 00:00:37
    Info: Total CPU time (on all processors): 00:01:24


