Fitter report for videocapsule
Fri Feb 13 17:57:32 2026
Quartus II 64-Bit Version 15.0.0 Build 145 04/22/2015 SJ Web Edition


---------------------
; Table of Contents ;
---------------------
  1. Legal Notice
  2. Fitter Summary
  3. Fitter Settings
  4. Parallel Compilation
  5. I/O Assignment Warnings
  6. Fitter Netlist Optimizations
  7. Ignored Assignments
  8. Incremental Compilation Preservation Summary
  9. Incremental Compilation Partition Settings
 10. Incremental Compilation Placement Preservation
 11. Pin-Out File
 12. Fitter Resource Usage Summary
 13. Fitter Partition Statistics
 14. Input Pins
 15. Output Pins
 16. I/O Bank Usage
 17. All Package Pins
 18. Optimized GXB Elements
 19. PLL Usage Summary
 20. Fitter Resource Utilization by Entity
 21. Delay Chain Summary
 22. Pad To Core Delay Chain Fanout
 23. Control Signals
 24. Global & Other Fast Signals
 25. Non-Global High Fan-Out Signals
 26. Fitter RAM Summary
 27. Fitter DSP Block Usage Summary
 28. DSP Block Details
 29. Routing Usage Summary
 30. I/O Rules Summary
 31. I/O Rules Details
 32. I/O Rules Matrix
 33. Fitter Device Options
 34. Operating Settings and Conditions
 35. Estimated Delay Added for Hold Timing Summary
 36. Estimated Delay Added for Hold Timing Details
 37. Fitter Messages
 38. Fitter Suppressed Messages



----------------
; Legal Notice ;
----------------
Copyright (C) 1991-2015 Altera Corporation. All rights reserved.
Your use of Altera Corporation's design tools, logic functions 
and other software and tools, and its AMPP partner logic 
functions, and any output files from any of the foregoing 
(including device programming or simulation files), and any 
associated documentation or information are expressly subject 
to the terms and conditions of the Altera Program License 
Subscription Agreement, the Altera Quartus II License Agreement,
the Altera MegaCore Function License Agreement, or other 
applicable license agreement, including, without limitation, 
that your use is for the sole purpose of programming logic 
devices manufactured by Altera and sold by Altera or its 
authorized distributors.  Please refer to the applicable 
agreement for further details.



+------------------------------------------------------------------------------+
; Fitter Summary                                                               ;
+---------------------------------+--------------------------------------------+
; Fitter Status                   ; Successful - Fri Feb 13 17:57:32 2026      ;
; Quartus II 64-Bit Version       ; 15.0.0 Build 145 04/22/2015 SJ Web Edition ;
; Revision Name                   ; videocapsule                               ;
; Top-level Entity Name           ; videocapsule                               ;
; Family                          ; Cyclone V                                  ;
; Device                          ; 5CSEBA6U23I7                               ;
; Timing Models                   ; Final                                      ;
; Logic utilization (in ALMs)     ; 2,494 / 41,910 ( 6 % )                     ;
; Total registers                 ; 2423                                       ;
; Total pins                      ; 40 / 314 ( 13 % )                          ;
; Total virtual pins              ; 0                                          ;
; Total block memory bits         ; 3,859,840 / 5,662,720 ( 68 % )             ;
; Total RAM Blocks                ; 479 / 553 ( 87 % )                         ;
; Total DSP Blocks                ; 3 / 112 ( 3 % )                            ;
; Total HSSI RX PCSs              ; 0                                          ;
; Total HSSI PMA RX Deserializers ; 0                                          ;
; Total HSSI TX PCSs              ; 0                                          ;
; Total HSSI PMA TX Serializers   ; 0                                          ;
; Total PLLs                      ; 1 / 6 ( 17 % )                             ;
; Total DLLs                      ; 0 / 4 ( 0 % )                              ;
+---------------------------------+--------------------------------------------+


+------------------------------------------------------------------------------------------------------------------------------------------------------------+
; Fitter Settings                                                                                                                                            ;
+----------------------------------------------------------------------------+---------------------------------------+---------------------------------------+
; Option                                                                     ; Setting                               ; Default Value                         ;
+----------------------------------------------------------------------------+---------------------------------------+---------------------------------------+
; Device                                                                     ; 5CSEBA6U23I7                          ;                                       ;
; Minimum Core Junction Temperature                                          ; -40                                   ;                                       ;
; Maximum Core Junction Temperature                                          ; 100                                   ;                                       ;
; Device I/O Standard                                                        ; 2.5 V                                 ;                                       ;
; Use smart compilation                                                      ; Off                                   ; Off                                   ;
; Enable parallel Assembler and TimeQuest Timing Analyzer during compilation ; On                                    ; On                                    ;
; Enable compact report table                                                ; Off                                   ; Off                                   ;
; Router Timing Optimization Level                                           ; Normal                                ; Normal                                ;
; Perform Clocking Topology Analysis During Routing                          ; Off                                   ; Off                                   ;
; Placement Effort Multiplier                                                ; 1.0                                   ; 1.0                                   ;
; Device initialization clock source                                         ; INIT_INTOSC                           ; INIT_INTOSC                           ;
; Optimize Hold Timing                                                       ; All Paths                             ; All Paths                             ;
; Optimize Multi-Corner Timing                                               ; On                                    ; On                                    ;
; Auto RAM to MLAB Conversion                                                ; On                                    ; On                                    ;
; Equivalent RAM and MLAB Power Up                                           ; Auto                                  ; Auto                                  ;
; Equivalent RAM and MLAB Paused Read Capabilities                           ; Care                                  ; Care                                  ;
; PowerPlay Power Optimization During Fitting                                ; Normal compilation                    ; Normal compilation                    ;
; SSN Optimization                                                           ; Off                                   ; Off                                   ;
; Optimize Timing                                                            ; Normal compilation                    ; Normal compilation                    ;
; Optimize Timing for ECOs                                                   ; Off                                   ; Off                                   ;
; Regenerate Full Fit Report During ECO Compiles                             ; Off                                   ; Off                                   ;
; Optimize IOC Register Placement for Timing                                 ; Normal                                ; Normal                                ;
; Final Placement Optimizations                                              ; Automatically                         ; Automatically                         ;
; Fitter Aggressive Routability Optimizations                                ; Automatically                         ; Automatically                         ;
; Fitter Initial Placement Seed                                              ; 1                                     ; 1                                     ;
; Weak Pull-Up Resistor                                                      ; Off                                   ; Off                                   ;
; Enable Bus-Hold Circuitry                                                  ; Off                                   ; Off                                   ;
; Auto Packed Registers                                                      ; Auto                                  ; Auto                                  ;
; Auto Delay Chains                                                          ; On                                    ; On                                    ;
; Auto Delay Chains for High Fanout Input Pins                               ; Off                                   ; Off                                   ;
; Treat Bidirectional Pin as Output Pin                                      ; Off                                   ; Off                                   ;
; Perform Physical Synthesis for Combinational Logic for Fitting             ; Off                                   ; Off                                   ;
; Perform Physical Synthesis for Combinational Logic for Performance         ; Off                                   ; Off                                   ;
; Perform Register Duplication for Performance                               ; Off                                   ; Off                                   ;
; Perform Register Retiming for Performance                                  ; Off                                   ; Off                                   ;
; Perform Asynchronous Signal Pipelining                                     ; Off                                   ; Off                                   ;
; Fitter Effort                                                              ; Auto Fit                              ; Auto Fit                              ;
; Physical Synthesis Effort Level                                            ; Normal                                ; Normal                                ;
; Logic Cell Insertion - Logic Duplication                                   ; Auto                                  ; Auto                                  ;
; Auto Register Duplication                                                  ; Auto                                  ; Auto                                  ;
; Auto Global Clock                                                          ; On                                    ; On                                    ;
; Auto Global Register Control Signals                                       ; On                                    ; On                                    ;
; Reserve all unused pins                                                    ; As input tri-stated with weak pull-up ; As input tri-stated with weak pull-up ;
; Synchronizer Identification                                                ; Off                                   ; Off                                   ;
; Enable Beneficial Skew Optimization                                        ; On                                    ; On                                    ;
; Optimize Design for Metastability                                          ; On                                    ; On                                    ;
; Active Serial clock source                                                 ; FREQ_100MHz                           ; FREQ_100MHz                           ;
; Force Fitter to Avoid Periphery Placement Warnings                         ; Off                                   ; Off                                   ;
; Clamping Diode                                                             ; Off                                   ; Off                                   ;
; Enable input tri-state on active configuration pins in user mode           ; Off                                   ; Off                                   ;
; Advanced Physical Optimization                                             ; On                                    ; On                                    ;
+----------------------------------------------------------------------------+---------------------------------------+---------------------------------------+


+------------------------------------------+
; Parallel Compilation                     ;
+----------------------------+-------------+
; Processors                 ; Number      ;
+----------------------------+-------------+
; Number detected on machine ; 12          ;
; Maximum allowed            ; 10          ;
;                            ;             ;
; Average used               ; 2.18        ;
; Maximum used               ; 10          ;
;                            ;             ;
; Usage by Processor         ; % Time Used ;
;     Processor 1            ; 100.0%      ;
;     Processors 2-4         ;  19.1%      ;
;     Processors 5-8         ;  10.3%      ;
;     Processors 9-10        ;   9.6%      ;
;     Processors 11-12       ;   0.0%      ;
+----------------------------+-------------+


+----------------------------------------------------------------------------+
; I/O Assignment Warnings                                                    ;
+-------------------------------------+--------------------------------------+
; Pin Name                            ; Reason                               ;
+-------------------------------------+--------------------------------------+
; hdmi_de                             ; Missing drive strength and slew rate ;
; hdmi_hs                             ; Missing drive strength and slew rate ;
; hdmi_vs                             ; Missing drive strength and slew rate ;
; hdmi_clk                            ; Missing drive strength and slew rate ;
; hdmi_data[23]                       ; Missing drive strength and slew rate ;
; hdmi_data[22]                       ; Missing drive strength and slew rate ;
; hdmi_data[21]                       ; Missing drive strength and slew rate ;
; hdmi_data[20]                       ; Missing drive strength and slew rate ;
; hdmi_data[19]                       ; Missing drive strength and slew rate ;
; hdmi_data[18]                       ; Missing drive strength and slew rate ;
; hdmi_data[17]                       ; Missing drive strength and slew rate ;
; hdmi_data[16]                       ; Missing drive strength and slew rate ;
; hdmi_data[15]                       ; Missing drive strength and slew rate ;
; hdmi_data[14]                       ; Missing drive strength and slew rate ;
; hdmi_data[13]                       ; Missing drive strength and slew rate ;
; hdmi_data[12]                       ; Missing drive strength and slew rate ;
; hdmi_data[11]                       ; Missing drive strength and slew rate ;
; hdmi_data[10]                       ; Missing drive strength and slew rate ;
; hdmi_data[9]                        ; Missing drive strength and slew rate ;
; hdmi_data[8]                        ; Missing drive strength and slew rate ;
; hdmi_data[7]                        ; Missing drive strength and slew rate ;
; hdmi_data[6]                        ; Missing drive strength and slew rate ;
; hdmi_data[5]                        ; Missing drive strength and slew rate ;
; hdmi_data[4]                        ; Missing drive strength and slew rate ;
; hdmi_data[3]                        ; Missing drive strength and slew rate ;
; hdmi_data[2]                        ; Missing drive strength and slew rate ;
; hdmi_data[1]                        ; Missing drive strength and slew rate ;
; hdmi_data[0]                        ; Missing drive strength and slew rate ;
; pio_0_external_connection_export[7] ; Missing drive strength and slew rate ;
; pio_0_external_connection_export[6] ; Missing drive strength and slew rate ;
; pio_0_external_connection_export[5] ; Missing drive strength and slew rate ;
; pio_0_external_connection_export[4] ; Missing drive strength and slew rate ;
; pio_0_external_connection_export[3] ; Missing drive strength and slew rate ;
; pio_0_external_connection_export[2] ; Missing drive strength and slew rate ;
; pio_0_external_connection_export[1] ; Missing drive strength and slew rate ;
; pio_0_external_connection_export[0] ; Missing drive strength and slew rate ;
+-------------------------------------+--------------------------------------+


+---------------------------------------------------------------------------------------------------------------------------------------------------------------------------------------------------------------------------------------------------------------------------------------------------------------------------------------------------------------------------------------------------------------------------------------------------------------------------------------------------------------------------------------------------------------------------------------------------------------------------------------------------------------------------------------------------------------------------------------------------------------------------------------------------------------------------------------------------------------------------------------------------------------------------------------------+
; Fitter Netlist Optimizations                                                                                                                                                                                                                                                                                                                                                                                                                                                                                                                                                                                                                                                                                                                                                                                                                                                                                                                ;
+---------------------------------------------------------------------------------------------------------------------------------------------------------------------------------------------------------------------------------------------------------------------------------------------------------------------------------------------------------------------------------+-----------------+---------------------------------------------------+----------------------------+-----------+----------------+--------------------------------------------------------------------------------------------------------------------------------------------------------------------------------------------------------------------------------------------------------------------------------------------------------------------------------------------------------------------------------+------------------+-----------------------+
; Node                                                                                                                                                                                                                                                                                                                                                                            ; Action          ; Operation                                         ; Reason                     ; Node Port ; Node Port Name ; Destination Node                                                                                                                                                                                                                                                                                                                                                               ; Destination Port ; Destination Port Name ;
+---------------------------------------------------------------------------------------------------------------------------------------------------------------------------------------------------------------------------------------------------------------------------------------------------------------------------------------------------------------------------------+-----------------+---------------------------------------------------+----------------------------+-----------+----------------+--------------------------------------------------------------------------------------------------------------------------------------------------------------------------------------------------------------------------------------------------------------------------------------------------------------------------------------------------------------------------------+------------------+-----------------------+
; clk_clk~inputCLKENA0                                                                                                                                                                                                                                                                                                                                                            ; Created         ; Placement                                         ; Fitter Periphery Placement ;           ;                ;                                                                                                                                                                                                                                                                                                                                                                                ;                  ;                       ;
; pll2:inst11|pll2_0002:pll2_inst|altera_pll:altera_pll_i|outclk_wire[0]~CLKENA0                                                                                                                                                                                                                                                                                                  ; Created         ; Placement                                         ; Fitter Periphery Placement ;           ;                ;                                                                                                                                                                                                                                                                                                                                                                                ;                  ;                       ;
; pll:inst2|pll_0002:pll_inst|altera_pll:altera_pll_i|outclk_wire[0]~CLKENA0                                                                                                                                                                                                                                                                                                      ; Created         ; Placement                                         ; Fitter Periphery Placement ;           ;                ;                                                                                                                                                                                                                                                                                                                                                                                ;                  ;                       ;
; pll2:inst11|pll2_0002:pll2_inst|altera_pll:altera_pll_i|general[0].gpll~FRACTIONAL_PLL_O_CNTNEN                                                                                                                                                                                                                                                                                 ; Merged          ; Placement                                         ; Fitter Periphery Placement ; CNTNEN    ;                ; pll:inst2|pll_0002:pll_inst|altera_pll:altera_pll_i|general[0].gpll~FRACTIONAL_PLL_O_CNTNEN                                                                                                                                                                                                                                                                                    ; CNTNEN           ;                       ;
; pll2:inst11|pll2_0002:pll2_inst|altera_pll:altera_pll_i|general[0].gpll~PLL_RECONFIG_O_SHIFT                                                                                                                                                                                                                                                                                    ; Merged          ; Placement                                         ; Fitter Periphery Placement ; SHIFT     ;                ; pll:inst2|pll_0002:pll_inst|altera_pll:altera_pll_i|general[0].gpll~PLL_RECONFIG_O_SHIFT                                                                                                                                                                                                                                                                                       ; SHIFT            ;                       ;
; pll2:inst11|pll2_0002:pll2_inst|altera_pll:altera_pll_i|general[0].gpll~PLL_REFCLK_SELECT_O_CLKOUT                                                                                                                                                                                                                                                                              ; Merged          ; Placement                                         ; Fitter Periphery Placement ; CLKOUT    ;                ; pll:inst2|pll_0002:pll_inst|altera_pll:altera_pll_i|general[0].gpll~PLL_REFCLK_SELECT_O_CLKOUT                                                                                                                                                                                                                                                                                 ; CLKOUT           ;                       ;
; niosii:inst13|niosii_jtag_uart_0:jtag_uart_0|alt_jtag_atlantic:niosii_jtag_uart_0_alt_jtag_atlantic|rdata[0]                                                                                                                                                                                                                                                                    ; Packed Register ; Register Packing                                  ; Timing optimization        ; Q         ;                ; niosii:inst13|niosii_jtag_uart_0:jtag_uart_0|niosii_jtag_uart_0_scfifo_w:the_niosii_jtag_uart_0_scfifo_w|scfifo:wfifo|scfifo_3291:auto_generated|a_dpfifo_a891:dpfifo|dpram_7s81:FIFOram|altsyncram_b8s1:altsyncram1|q_b[0]                                                                                                                                                    ; PORTBDATAOUT     ;                       ;
; niosii:inst13|niosii_jtag_uart_0:jtag_uart_0|alt_jtag_atlantic:niosii_jtag_uart_0_alt_jtag_atlantic|rdata[1]                                                                                                                                                                                                                                                                    ; Packed Register ; Register Packing                                  ; Timing optimization        ; Q         ;                ; niosii:inst13|niosii_jtag_uart_0:jtag_uart_0|niosii_jtag_uart_0_scfifo_w:the_niosii_jtag_uart_0_scfifo_w|scfifo:wfifo|scfifo_3291:auto_generated|a_dpfifo_a891:dpfifo|dpram_7s81:FIFOram|altsyncram_b8s1:altsyncram1|q_b[1]                                                                                                                                                    ; PORTBDATAOUT     ;                       ;
; niosii:inst13|niosii_jtag_uart_0:jtag_uart_0|alt_jtag_atlantic:niosii_jtag_uart_0_alt_jtag_atlantic|rdata[2]                                                                                                                                                                                                                                                                    ; Packed Register ; Register Packing                                  ; Timing optimization        ; Q         ;                ; niosii:inst13|niosii_jtag_uart_0:jtag_uart_0|niosii_jtag_uart_0_scfifo_w:the_niosii_jtag_uart_0_scfifo_w|scfifo:wfifo|scfifo_3291:auto_generated|a_dpfifo_a891:dpfifo|dpram_7s81:FIFOram|altsyncram_b8s1:altsyncram1|q_b[2]                                                                                                                                                    ; PORTBDATAOUT     ;                       ;
; niosii:inst13|niosii_jtag_uart_0:jtag_uart_0|alt_jtag_atlantic:niosii_jtag_uart_0_alt_jtag_atlantic|rdata[3]                                                                                                                                                                                                                                                                    ; Packed Register ; Register Packing                                  ; Timing optimization        ; Q         ;                ; niosii:inst13|niosii_jtag_uart_0:jtag_uart_0|niosii_jtag_uart_0_scfifo_w:the_niosii_jtag_uart_0_scfifo_w|scfifo:wfifo|scfifo_3291:auto_generated|a_dpfifo_a891:dpfifo|dpram_7s81:FIFOram|altsyncram_b8s1:altsyncram1|q_b[3]                                                                                                                                                    ; PORTBDATAOUT     ;                       ;
; niosii:inst13|niosii_jtag_uart_0:jtag_uart_0|alt_jtag_atlantic:niosii_jtag_uart_0_alt_jtag_atlantic|rdata[4]                                                                                                                                                                                                                                                                    ; Packed Register ; Register Packing                                  ; Timing optimization        ; Q         ;                ; niosii:inst13|niosii_jtag_uart_0:jtag_uart_0|niosii_jtag_uart_0_scfifo_w:the_niosii_jtag_uart_0_scfifo_w|scfifo:wfifo|scfifo_3291:auto_generated|a_dpfifo_a891:dpfifo|dpram_7s81:FIFOram|altsyncram_b8s1:altsyncram1|q_b[4]                                                                                                                                                    ; PORTBDATAOUT     ;                       ;
; niosii:inst13|niosii_jtag_uart_0:jtag_uart_0|alt_jtag_atlantic:niosii_jtag_uart_0_alt_jtag_atlantic|rdata[5]                                                                                                                                                                                                                                                                    ; Packed Register ; Register Packing                                  ; Timing optimization        ; Q         ;                ; niosii:inst13|niosii_jtag_uart_0:jtag_uart_0|niosii_jtag_uart_0_scfifo_w:the_niosii_jtag_uart_0_scfifo_w|scfifo:wfifo|scfifo_3291:auto_generated|a_dpfifo_a891:dpfifo|dpram_7s81:FIFOram|altsyncram_b8s1:altsyncram1|q_b[5]                                                                                                                                                    ; PORTBDATAOUT     ;                       ;
; niosii:inst13|niosii_jtag_uart_0:jtag_uart_0|alt_jtag_atlantic:niosii_jtag_uart_0_alt_jtag_atlantic|rdata[6]                                                                                                                                                                                                                                                                    ; Packed Register ; Register Packing                                  ; Timing optimization        ; Q         ;                ; niosii:inst13|niosii_jtag_uart_0:jtag_uart_0|niosii_jtag_uart_0_scfifo_w:the_niosii_jtag_uart_0_scfifo_w|scfifo:wfifo|scfifo_3291:auto_generated|a_dpfifo_a891:dpfifo|dpram_7s81:FIFOram|altsyncram_b8s1:altsyncram1|q_b[6]                                                                                                                                                    ; PORTBDATAOUT     ;                       ;
; niosii:inst13|niosii_jtag_uart_0:jtag_uart_0|alt_jtag_atlantic:niosii_jtag_uart_0_alt_jtag_atlantic|rdata[7]                                                                                                                                                                                                                                                                    ; Packed Register ; Register Packing                                  ; Timing optimization        ; Q         ;                ; niosii:inst13|niosii_jtag_uart_0:jtag_uart_0|niosii_jtag_uart_0_scfifo_w:the_niosii_jtag_uart_0_scfifo_w|scfifo:wfifo|scfifo_3291:auto_generated|a_dpfifo_a891:dpfifo|dpram_7s81:FIFOram|altsyncram_b8s1:altsyncram1|q_b[7]                                                                                                                                                    ; PORTBDATAOUT     ;                       ;
; niosii:inst13|niosii_nios2_gen2_0:nios2_gen2_0|niosii_nios2_gen2_0_cpu:cpu|D_bht_data[0]                                                                                                                                                                                                                                                                                        ; Packed Register ; Register Packing                                  ; Timing optimization        ; Q         ;                ; niosii:inst13|niosii_nios2_gen2_0:nios2_gen2_0|niosii_nios2_gen2_0_cpu:cpu|niosii_nios2_gen2_0_cpu_bht_module:niosii_nios2_gen2_0_cpu_bht|altsyncram:the_altsyncram|altsyncram_pdj1:auto_generated|q_b[0]                                                                                                                                                                      ; PORTBDATAOUT     ;                       ;
; niosii:inst13|niosii_nios2_gen2_0:nios2_gen2_0|niosii_nios2_gen2_0_cpu:cpu|D_bht_data[1]                                                                                                                                                                                                                                                                                        ; Packed Register ; Register Packing                                  ; Timing optimization        ; Q         ;                ; niosii:inst13|niosii_nios2_gen2_0:nios2_gen2_0|niosii_nios2_gen2_0_cpu:cpu|niosii_nios2_gen2_0_cpu_bht_module:niosii_nios2_gen2_0_cpu_bht|altsyncram:the_altsyncram|altsyncram_pdj1:auto_generated|q_b[1]                                                                                                                                                                      ; PORTBDATAOUT     ;                       ;
; niosii:inst13|niosii_nios2_gen2_0:nios2_gen2_0|niosii_nios2_gen2_0_cpu:cpu|E_src2[16]                                                                                                                                                                                                                                                                                           ; Packed Register ; Register Packing                                  ; Timing optimization        ; Q         ;                ; niosii:inst13|niosii_nios2_gen2_0:nios2_gen2_0|niosii_nios2_gen2_0_cpu:cpu|niosii_nios2_gen2_0_cpu_mult_cell:the_niosii_nios2_gen2_0_cpu_mult_cell|altera_mult_add:the_altmult_add_p2|altera_mult_add_37p2:auto_generated|altera_mult_add_rtl:altera_mult_add_rtl1|ama_multiplier_function:multiplier_block|ama_register_function:multiplier_register_block_0|data_out_wire[0] ; AX               ;                       ;
; niosii:inst13|niosii_nios2_gen2_0:nios2_gen2_0|niosii_nios2_gen2_0_cpu:cpu|E_src2[16]                                                                                                                                                                                                                                                                                           ; Duplicated      ; Register Packing                                  ; Timing optimization        ; Q         ;                ; niosii:inst13|niosii_nios2_gen2_0:nios2_gen2_0|niosii_nios2_gen2_0_cpu:cpu|E_src2[16]~_Duplicate_1                                                                                                                                                                                                                                                                             ; Q                ;                       ;
; niosii:inst13|niosii_nios2_gen2_0:nios2_gen2_0|niosii_nios2_gen2_0_cpu:cpu|E_src2[16]~SCLR_LUT                                                                                                                                                                                                                                                                                  ; Created         ; Register Packing                                  ; Timing optimization        ;           ;                ;                                                                                                                                                                                                                                                                                                                                                                                ;                  ;                       ;
; niosii:inst13|niosii_nios2_gen2_0:nios2_gen2_0|niosii_nios2_gen2_0_cpu:cpu|E_src2[17]                                                                                                                                                                                                                                                                                           ; Packed Register ; Register Packing                                  ; Timing optimization        ; Q         ;                ; niosii:inst13|niosii_nios2_gen2_0:nios2_gen2_0|niosii_nios2_gen2_0_cpu:cpu|niosii_nios2_gen2_0_cpu_mult_cell:the_niosii_nios2_gen2_0_cpu_mult_cell|altera_mult_add:the_altmult_add_p2|altera_mult_add_37p2:auto_generated|altera_mult_add_rtl:altera_mult_add_rtl1|ama_multiplier_function:multiplier_block|ama_register_function:multiplier_register_block_0|data_out_wire[0] ; AX               ;                       ;
; niosii:inst13|niosii_nios2_gen2_0:nios2_gen2_0|niosii_nios2_gen2_0_cpu:cpu|E_src2[17]                                                                                                                                                                                                                                                                                           ; Duplicated      ; Register Packing                                  ; Timing optimization        ; Q         ;                ; niosii:inst13|niosii_nios2_gen2_0:nios2_gen2_0|niosii_nios2_gen2_0_cpu:cpu|E_src2[17]~_Duplicate_1                                                                                                                                                                                                                                                                             ; Q                ;                       ;
; niosii:inst13|niosii_nios2_gen2_0:nios2_gen2_0|niosii_nios2_gen2_0_cpu:cpu|E_src2[17]~SCLR_LUT                                                                                                                                                                                                                                                                                  ; Created         ; Register Packing                                  ; Timing optimization        ;           ;                ;                                                                                                                                                                                                                                                                                                                                                                                ;                  ;                       ;
; niosii:inst13|niosii_nios2_gen2_0:nios2_gen2_0|niosii_nios2_gen2_0_cpu:cpu|E_src2[18]                                                                                                                                                                                                                                                                                           ; Packed Register ; Register Packing                                  ; Timing optimization        ; Q         ;                ; niosii:inst13|niosii_nios2_gen2_0:nios2_gen2_0|niosii_nios2_gen2_0_cpu:cpu|niosii_nios2_gen2_0_cpu_mult_cell:the_niosii_nios2_gen2_0_cpu_mult_cell|altera_mult_add:the_altmult_add_p2|altera_mult_add_37p2:auto_generated|altera_mult_add_rtl:altera_mult_add_rtl1|ama_multiplier_function:multiplier_block|ama_register_function:multiplier_register_block_0|data_out_wire[0] ; AX               ;                       ;
; niosii:inst13|niosii_nios2_gen2_0:nios2_gen2_0|niosii_nios2_gen2_0_cpu:cpu|E_src2[18]                                                                                                                                                                                                                                                                                           ; Duplicated      ; Register Packing                                  ; Timing optimization        ; Q         ;                ; niosii:inst13|niosii_nios2_gen2_0:nios2_gen2_0|niosii_nios2_gen2_0_cpu:cpu|E_src2[18]~_Duplicate_1                                                                                                                                                                                                                                                                             ; Q                ;                       ;
; niosii:inst13|niosii_nios2_gen2_0:nios2_gen2_0|niosii_nios2_gen2_0_cpu:cpu|E_src2[18]~SCLR_LUT                                                                                                                                                                                                                                                                                  ; Created         ; Register Packing                                  ; Timing optimization        ;           ;                ;                                                                                                                                                                                                                                                                                                                                                                                ;                  ;                       ;
; niosii:inst13|niosii_nios2_gen2_0:nios2_gen2_0|niosii_nios2_gen2_0_cpu:cpu|E_src2[19]                                                                                                                                                                                                                                                                                           ; Packed Register ; Register Packing                                  ; Timing optimization        ; Q         ;                ; niosii:inst13|niosii_nios2_gen2_0:nios2_gen2_0|niosii_nios2_gen2_0_cpu:cpu|niosii_nios2_gen2_0_cpu_mult_cell:the_niosii_nios2_gen2_0_cpu_mult_cell|altera_mult_add:the_altmult_add_p2|altera_mult_add_37p2:auto_generated|altera_mult_add_rtl:altera_mult_add_rtl1|ama_multiplier_function:multiplier_block|ama_register_function:multiplier_register_block_0|data_out_wire[0] ; AX               ;                       ;
; niosii:inst13|niosii_nios2_gen2_0:nios2_gen2_0|niosii_nios2_gen2_0_cpu:cpu|E_src2[19]                                                                                                                                                                                                                                                                                           ; Duplicated      ; Register Packing                                  ; Timing optimization        ; Q         ;                ; niosii:inst13|niosii_nios2_gen2_0:nios2_gen2_0|niosii_nios2_gen2_0_cpu:cpu|E_src2[19]~_Duplicate_1                                                                                                                                                                                                                                                                             ; Q                ;                       ;
; niosii:inst13|niosii_nios2_gen2_0:nios2_gen2_0|niosii_nios2_gen2_0_cpu:cpu|E_src2[19]~SCLR_LUT                                                                                                                                                                                                                                                                                  ; Created         ; Register Packing                                  ; Timing optimization        ;           ;                ;                                                                                                                                                                                                                                                                                                                                                                                ;                  ;                       ;
; niosii:inst13|niosii_nios2_gen2_0:nios2_gen2_0|niosii_nios2_gen2_0_cpu:cpu|E_src2[20]                                                                                                                                                                                                                                                                                           ; Packed Register ; Register Packing                                  ; Timing optimization        ; Q         ;                ; niosii:inst13|niosii_nios2_gen2_0:nios2_gen2_0|niosii_nios2_gen2_0_cpu:cpu|niosii_nios2_gen2_0_cpu_mult_cell:the_niosii_nios2_gen2_0_cpu_mult_cell|altera_mult_add:the_altmult_add_p2|altera_mult_add_37p2:auto_generated|altera_mult_add_rtl:altera_mult_add_rtl1|ama_multiplier_function:multiplier_block|ama_register_function:multiplier_register_block_0|data_out_wire[0] ; AX               ;                       ;
; niosii:inst13|niosii_nios2_gen2_0:nios2_gen2_0|niosii_nios2_gen2_0_cpu:cpu|E_src2[20]                                                                                                                                                                                                                                                                                           ; Duplicated      ; Register Packing                                  ; Timing optimization        ; Q         ;                ; niosii:inst13|niosii_nios2_gen2_0:nios2_gen2_0|niosii_nios2_gen2_0_cpu:cpu|E_src2[20]~_Duplicate_1                                                                                                                                                                                                                                                                             ; Q                ;                       ;
; niosii:inst13|niosii_nios2_gen2_0:nios2_gen2_0|niosii_nios2_gen2_0_cpu:cpu|E_src2[20]~SCLR_LUT                                                                                                                                                                                                                                                                                  ; Created         ; Register Packing                                  ; Timing optimization        ;           ;                ;                                                                                                                                                                                                                                                                                                                                                                                ;                  ;                       ;
; niosii:inst13|niosii_nios2_gen2_0:nios2_gen2_0|niosii_nios2_gen2_0_cpu:cpu|E_src2[21]                                                                                                                                                                                                                                                                                           ; Packed Register ; Register Packing                                  ; Timing optimization        ; Q         ;                ; niosii:inst13|niosii_nios2_gen2_0:nios2_gen2_0|niosii_nios2_gen2_0_cpu:cpu|niosii_nios2_gen2_0_cpu_mult_cell:the_niosii_nios2_gen2_0_cpu_mult_cell|altera_mult_add:the_altmult_add_p2|altera_mult_add_37p2:auto_generated|altera_mult_add_rtl:altera_mult_add_rtl1|ama_multiplier_function:multiplier_block|ama_register_function:multiplier_register_block_0|data_out_wire[0] ; AX               ;                       ;
; niosii:inst13|niosii_nios2_gen2_0:nios2_gen2_0|niosii_nios2_gen2_0_cpu:cpu|E_src2[21]                                                                                                                                                                                                                                                                                           ; Duplicated      ; Register Packing                                  ; Timing optimization        ; Q         ;                ; niosii:inst13|niosii_nios2_gen2_0:nios2_gen2_0|niosii_nios2_gen2_0_cpu:cpu|E_src2[21]~_Duplicate_1                                                                                                                                                                                                                                                                             ; Q                ;                       ;
; niosii:inst13|niosii_nios2_gen2_0:nios2_gen2_0|niosii_nios2_gen2_0_cpu:cpu|E_src2[21]~SCLR_LUT                                                                                                                                                                                                                                                                                  ; Created         ; Register Packing                                  ; Timing optimization        ;           ;                ;                                                                                                                                                                                                                                                                                                                                                                                ;                  ;                       ;
; niosii:inst13|niosii_nios2_gen2_0:nios2_gen2_0|niosii_nios2_gen2_0_cpu:cpu|E_src2[22]                                                                                                                                                                                                                                                                                           ; Packed Register ; Register Packing                                  ; Timing optimization        ; Q         ;                ; niosii:inst13|niosii_nios2_gen2_0:nios2_gen2_0|niosii_nios2_gen2_0_cpu:cpu|niosii_nios2_gen2_0_cpu_mult_cell:the_niosii_nios2_gen2_0_cpu_mult_cell|altera_mult_add:the_altmult_add_p2|altera_mult_add_37p2:auto_generated|altera_mult_add_rtl:altera_mult_add_rtl1|ama_multiplier_function:multiplier_block|ama_register_function:multiplier_register_block_0|data_out_wire[0] ; AX               ;                       ;
; niosii:inst13|niosii_nios2_gen2_0:nios2_gen2_0|niosii_nios2_gen2_0_cpu:cpu|E_src2[22]                                                                                                                                                                                                                                                                                           ; Duplicated      ; Register Packing                                  ; Timing optimization        ; Q         ;                ; niosii:inst13|niosii_nios2_gen2_0:nios2_gen2_0|niosii_nios2_gen2_0_cpu:cpu|E_src2[22]~_Duplicate_1                                                                                                                                                                                                                                                                             ; Q                ;                       ;
; niosii:inst13|niosii_nios2_gen2_0:nios2_gen2_0|niosii_nios2_gen2_0_cpu:cpu|E_src2[22]~SCLR_LUT                                                                                                                                                                                                                                                                                  ; Created         ; Register Packing                                  ; Timing optimization        ;           ;                ;                                                                                                                                                                                                                                                                                                                                                                                ;                  ;                       ;
; niosii:inst13|niosii_nios2_gen2_0:nios2_gen2_0|niosii_nios2_gen2_0_cpu:cpu|E_src2[23]                                                                                                                                                                                                                                                                                           ; Packed Register ; Register Packing                                  ; Timing optimization        ; Q         ;                ; niosii:inst13|niosii_nios2_gen2_0:nios2_gen2_0|niosii_nios2_gen2_0_cpu:cpu|niosii_nios2_gen2_0_cpu_mult_cell:the_niosii_nios2_gen2_0_cpu_mult_cell|altera_mult_add:the_altmult_add_p2|altera_mult_add_37p2:auto_generated|altera_mult_add_rtl:altera_mult_add_rtl1|ama_multiplier_function:multiplier_block|ama_register_function:multiplier_register_block_0|data_out_wire[0] ; AX               ;                       ;
; niosii:inst13|niosii_nios2_gen2_0:nios2_gen2_0|niosii_nios2_gen2_0_cpu:cpu|E_src2[23]                                                                                                                                                                                                                                                                                           ; Duplicated      ; Register Packing                                  ; Timing optimization        ; Q         ;                ; niosii:inst13|niosii_nios2_gen2_0:nios2_gen2_0|niosii_nios2_gen2_0_cpu:cpu|E_src2[23]~_Duplicate_1                                                                                                                                                                                                                                                                             ; Q                ;                       ;
; niosii:inst13|niosii_nios2_gen2_0:nios2_gen2_0|niosii_nios2_gen2_0_cpu:cpu|E_src2[23]~SCLR_LUT                                                                                                                                                                                                                                                                                  ; Created         ; Register Packing                                  ; Timing optimization        ;           ;                ;                                                                                                                                                                                                                                                                                                                                                                                ;                  ;                       ;
; niosii:inst13|niosii_nios2_gen2_0:nios2_gen2_0|niosii_nios2_gen2_0_cpu:cpu|E_src2[24]                                                                                                                                                                                                                                                                                           ; Packed Register ; Register Packing                                  ; Timing optimization        ; Q         ;                ; niosii:inst13|niosii_nios2_gen2_0:nios2_gen2_0|niosii_nios2_gen2_0_cpu:cpu|niosii_nios2_gen2_0_cpu_mult_cell:the_niosii_nios2_gen2_0_cpu_mult_cell|altera_mult_add:the_altmult_add_p2|altera_mult_add_37p2:auto_generated|altera_mult_add_rtl:altera_mult_add_rtl1|ama_multiplier_function:multiplier_block|ama_register_function:multiplier_register_block_0|data_out_wire[0] ; AX               ;                       ;
; niosii:inst13|niosii_nios2_gen2_0:nios2_gen2_0|niosii_nios2_gen2_0_cpu:cpu|E_src2[24]                                                                                                                                                                                                                                                                                           ; Duplicated      ; Register Packing                                  ; Timing optimization        ; Q         ;                ; niosii:inst13|niosii_nios2_gen2_0:nios2_gen2_0|niosii_nios2_gen2_0_cpu:cpu|E_src2[24]~_Duplicate_1                                                                                                                                                                                                                                                                             ; Q                ;                       ;
; niosii:inst13|niosii_nios2_gen2_0:nios2_gen2_0|niosii_nios2_gen2_0_cpu:cpu|E_src2[24]~SCLR_LUT                                                                                                                                                                                                                                                                                  ; Created         ; Register Packing                                  ; Timing optimization        ;           ;                ;                                                                                                                                                                                                                                                                                                                                                                                ;                  ;                       ;
; niosii:inst13|niosii_nios2_gen2_0:nios2_gen2_0|niosii_nios2_gen2_0_cpu:cpu|E_src2[25]                                                                                                                                                                                                                                                                                           ; Packed Register ; Register Packing                                  ; Timing optimization        ; Q         ;                ; niosii:inst13|niosii_nios2_gen2_0:nios2_gen2_0|niosii_nios2_gen2_0_cpu:cpu|niosii_nios2_gen2_0_cpu_mult_cell:the_niosii_nios2_gen2_0_cpu_mult_cell|altera_mult_add:the_altmult_add_p2|altera_mult_add_37p2:auto_generated|altera_mult_add_rtl:altera_mult_add_rtl1|ama_multiplier_function:multiplier_block|ama_register_function:multiplier_register_block_0|data_out_wire[0] ; AX               ;                       ;
; niosii:inst13|niosii_nios2_gen2_0:nios2_gen2_0|niosii_nios2_gen2_0_cpu:cpu|E_src2[25]                                                                                                                                                                                                                                                                                           ; Duplicated      ; Register Packing                                  ; Timing optimization        ; Q         ;                ; niosii:inst13|niosii_nios2_gen2_0:nios2_gen2_0|niosii_nios2_gen2_0_cpu:cpu|E_src2[25]~_Duplicate_1                                                                                                                                                                                                                                                                             ; Q                ;                       ;
; niosii:inst13|niosii_nios2_gen2_0:nios2_gen2_0|niosii_nios2_gen2_0_cpu:cpu|E_src2[25]~SCLR_LUT                                                                                                                                                                                                                                                                                  ; Created         ; Register Packing                                  ; Timing optimization        ;           ;                ;                                                                                                                                                                                                                                                                                                                                                                                ;                  ;                       ;
; niosii:inst13|niosii_nios2_gen2_0:nios2_gen2_0|niosii_nios2_gen2_0_cpu:cpu|E_src2[26]                                                                                                                                                                                                                                                                                           ; Packed Register ; Register Packing                                  ; Timing optimization        ; Q         ;                ; niosii:inst13|niosii_nios2_gen2_0:nios2_gen2_0|niosii_nios2_gen2_0_cpu:cpu|niosii_nios2_gen2_0_cpu_mult_cell:the_niosii_nios2_gen2_0_cpu_mult_cell|altera_mult_add:the_altmult_add_p2|altera_mult_add_37p2:auto_generated|altera_mult_add_rtl:altera_mult_add_rtl1|ama_multiplier_function:multiplier_block|ama_register_function:multiplier_register_block_0|data_out_wire[0] ; AX               ;                       ;
; niosii:inst13|niosii_nios2_gen2_0:nios2_gen2_0|niosii_nios2_gen2_0_cpu:cpu|E_src2[26]                                                                                                                                                                                                                                                                                           ; Duplicated      ; Register Packing                                  ; Timing optimization        ; Q         ;                ; niosii:inst13|niosii_nios2_gen2_0:nios2_gen2_0|niosii_nios2_gen2_0_cpu:cpu|E_src2[26]~_Duplicate_1                                                                                                                                                                                                                                                                             ; Q                ;                       ;
; niosii:inst13|niosii_nios2_gen2_0:nios2_gen2_0|niosii_nios2_gen2_0_cpu:cpu|E_src2[26]~SCLR_LUT                                                                                                                                                                                                                                                                                  ; Created         ; Register Packing                                  ; Timing optimization        ;           ;                ;                                                                                                                                                                                                                                                                                                                                                                                ;                  ;                       ;
; niosii:inst13|niosii_nios2_gen2_0:nios2_gen2_0|niosii_nios2_gen2_0_cpu:cpu|E_src2[27]                                                                                                                                                                                                                                                                                           ; Packed Register ; Register Packing                                  ; Timing optimization        ; Q         ;                ; niosii:inst13|niosii_nios2_gen2_0:nios2_gen2_0|niosii_nios2_gen2_0_cpu:cpu|niosii_nios2_gen2_0_cpu_mult_cell:the_niosii_nios2_gen2_0_cpu_mult_cell|altera_mult_add:the_altmult_add_p2|altera_mult_add_37p2:auto_generated|altera_mult_add_rtl:altera_mult_add_rtl1|ama_multiplier_function:multiplier_block|ama_register_function:multiplier_register_block_0|data_out_wire[0] ; AX               ;                       ;
; niosii:inst13|niosii_nios2_gen2_0:nios2_gen2_0|niosii_nios2_gen2_0_cpu:cpu|E_src2[27]                                                                                                                                                                                                                                                                                           ; Duplicated      ; Register Packing                                  ; Timing optimization        ; Q         ;                ; niosii:inst13|niosii_nios2_gen2_0:nios2_gen2_0|niosii_nios2_gen2_0_cpu:cpu|E_src2[27]~_Duplicate_1                                                                                                                                                                                                                                                                             ; Q                ;                       ;
; niosii:inst13|niosii_nios2_gen2_0:nios2_gen2_0|niosii_nios2_gen2_0_cpu:cpu|E_src2[27]~SCLR_LUT                                                                                                                                                                                                                                                                                  ; Created         ; Register Packing                                  ; Timing optimization        ;           ;                ;                                                                                                                                                                                                                                                                                                                                                                                ;                  ;                       ;
; niosii:inst13|niosii_nios2_gen2_0:nios2_gen2_0|niosii_nios2_gen2_0_cpu:cpu|E_src2[28]                                                                                                                                                                                                                                                                                           ; Packed Register ; Register Packing                                  ; Timing optimization        ; Q         ;                ; niosii:inst13|niosii_nios2_gen2_0:nios2_gen2_0|niosii_nios2_gen2_0_cpu:cpu|niosii_nios2_gen2_0_cpu_mult_cell:the_niosii_nios2_gen2_0_cpu_mult_cell|altera_mult_add:the_altmult_add_p2|altera_mult_add_37p2:auto_generated|altera_mult_add_rtl:altera_mult_add_rtl1|ama_multiplier_function:multiplier_block|ama_register_function:multiplier_register_block_0|data_out_wire[0] ; AX               ;                       ;
; niosii:inst13|niosii_nios2_gen2_0:nios2_gen2_0|niosii_nios2_gen2_0_cpu:cpu|E_src2[28]                                                                                                                                                                                                                                                                                           ; Duplicated      ; Register Packing                                  ; Timing optimization        ; Q         ;                ; niosii:inst13|niosii_nios2_gen2_0:nios2_gen2_0|niosii_nios2_gen2_0_cpu:cpu|E_src2[28]~_Duplicate_1                                                                                                                                                                                                                                                                             ; Q                ;                       ;
; niosii:inst13|niosii_nios2_gen2_0:nios2_gen2_0|niosii_nios2_gen2_0_cpu:cpu|E_src2[28]~SCLR_LUT                                                                                                                                                                                                                                                                                  ; Created         ; Register Packing                                  ; Timing optimization        ;           ;                ;                                                                                                                                                                                                                                                                                                                                                                                ;                  ;                       ;
; niosii:inst13|niosii_nios2_gen2_0:nios2_gen2_0|niosii_nios2_gen2_0_cpu:cpu|E_src2[29]                                                                                                                                                                                                                                                                                           ; Packed Register ; Register Packing                                  ; Timing optimization        ; Q         ;                ; niosii:inst13|niosii_nios2_gen2_0:nios2_gen2_0|niosii_nios2_gen2_0_cpu:cpu|niosii_nios2_gen2_0_cpu_mult_cell:the_niosii_nios2_gen2_0_cpu_mult_cell|altera_mult_add:the_altmult_add_p2|altera_mult_add_37p2:auto_generated|altera_mult_add_rtl:altera_mult_add_rtl1|ama_multiplier_function:multiplier_block|ama_register_function:multiplier_register_block_0|data_out_wire[0] ; AX               ;                       ;
; niosii:inst13|niosii_nios2_gen2_0:nios2_gen2_0|niosii_nios2_gen2_0_cpu:cpu|E_src2[29]                                                                                                                                                                                                                                                                                           ; Duplicated      ; Register Packing                                  ; Timing optimization        ; Q         ;                ; niosii:inst13|niosii_nios2_gen2_0:nios2_gen2_0|niosii_nios2_gen2_0_cpu:cpu|E_src2[29]~_Duplicate_1                                                                                                                                                                                                                                                                             ; Q                ;                       ;
; niosii:inst13|niosii_nios2_gen2_0:nios2_gen2_0|niosii_nios2_gen2_0_cpu:cpu|E_src2[29]~SCLR_LUT                                                                                                                                                                                                                                                                                  ; Created         ; Register Packing                                  ; Timing optimization        ;           ;                ;                                                                                                                                                                                                                                                                                                                                                                                ;                  ;                       ;
; niosii:inst13|niosii_nios2_gen2_0:nios2_gen2_0|niosii_nios2_gen2_0_cpu:cpu|E_src2[30]                                                                                                                                                                                                                                                                                           ; Packed Register ; Register Packing                                  ; Timing optimization        ; Q         ;                ; niosii:inst13|niosii_nios2_gen2_0:nios2_gen2_0|niosii_nios2_gen2_0_cpu:cpu|niosii_nios2_gen2_0_cpu_mult_cell:the_niosii_nios2_gen2_0_cpu_mult_cell|altera_mult_add:the_altmult_add_p2|altera_mult_add_37p2:auto_generated|altera_mult_add_rtl:altera_mult_add_rtl1|ama_multiplier_function:multiplier_block|ama_register_function:multiplier_register_block_0|data_out_wire[0] ; AX               ;                       ;
; niosii:inst13|niosii_nios2_gen2_0:nios2_gen2_0|niosii_nios2_gen2_0_cpu:cpu|E_src2[30]                                                                                                                                                                                                                                                                                           ; Duplicated      ; Register Packing                                  ; Timing optimization        ; Q         ;                ; niosii:inst13|niosii_nios2_gen2_0:nios2_gen2_0|niosii_nios2_gen2_0_cpu:cpu|E_src2[30]~_Duplicate_1                                                                                                                                                                                                                                                                             ; Q                ;                       ;
; niosii:inst13|niosii_nios2_gen2_0:nios2_gen2_0|niosii_nios2_gen2_0_cpu:cpu|E_src2[30]~SCLR_LUT                                                                                                                                                                                                                                                                                  ; Created         ; Register Packing                                  ; Timing optimization        ;           ;                ;                                                                                                                                                                                                                                                                                                                                                                                ;                  ;                       ;
; niosii:inst13|niosii_nios2_gen2_0:nios2_gen2_0|niosii_nios2_gen2_0_cpu:cpu|E_src2[31]                                                                                                                                                                                                                                                                                           ; Packed Register ; Register Packing                                  ; Timing optimization        ; Q         ;                ; niosii:inst13|niosii_nios2_gen2_0:nios2_gen2_0|niosii_nios2_gen2_0_cpu:cpu|niosii_nios2_gen2_0_cpu_mult_cell:the_niosii_nios2_gen2_0_cpu_mult_cell|altera_mult_add:the_altmult_add_p2|altera_mult_add_37p2:auto_generated|altera_mult_add_rtl:altera_mult_add_rtl1|ama_multiplier_function:multiplier_block|ama_register_function:multiplier_register_block_0|data_out_wire[0] ; AX               ;                       ;
; niosii:inst13|niosii_nios2_gen2_0:nios2_gen2_0|niosii_nios2_gen2_0_cpu:cpu|E_src2[31]                                                                                                                                                                                                                                                                                           ; Duplicated      ; Register Packing                                  ; Timing optimization        ; Q         ;                ; niosii:inst13|niosii_nios2_gen2_0:nios2_gen2_0|niosii_nios2_gen2_0_cpu:cpu|E_src2[31]~_Duplicate_1                                                                                                                                                                                                                                                                             ; Q                ;                       ;
; niosii:inst13|niosii_nios2_gen2_0:nios2_gen2_0|niosii_nios2_gen2_0_cpu:cpu|niosii_nios2_gen2_0_cpu_mult_cell:the_niosii_nios2_gen2_0_cpu_mult_cell|altera_mult_add:the_altmult_add_p1|altera_mult_add_37p2:auto_generated|altera_mult_add_rtl:altera_mult_add_rtl1|ama_multiplier_function:multiplier_block|ama_register_function:multiplier_register_block_0|data_out_wire[0]  ; Packed Register ; Register Packing                                  ; Timing optimization        ; Q         ;                ; niosii:inst13|niosii_nios2_gen2_0:nios2_gen2_0|niosii_nios2_gen2_0_cpu:cpu|niosii_nios2_gen2_0_cpu_mult_cell:the_niosii_nios2_gen2_0_cpu_mult_cell|altera_mult_add:the_altmult_add_p1|altera_mult_add_37p2:auto_generated|altera_mult_add_rtl:altera_mult_add_rtl1|ama_multiplier_function:multiplier_block|data_out_wire_0[0]                                                 ; RESULTA          ;                       ;
; niosii:inst13|niosii_nios2_gen2_0:nios2_gen2_0|niosii_nios2_gen2_0_cpu:cpu|niosii_nios2_gen2_0_cpu_mult_cell:the_niosii_nios2_gen2_0_cpu_mult_cell|altera_mult_add:the_altmult_add_p1|altera_mult_add_37p2:auto_generated|altera_mult_add_rtl:altera_mult_add_rtl1|ama_multiplier_function:multiplier_block|ama_register_function:multiplier_register_block_0|data_out_wire[1]  ; Packed Register ; Register Packing                                  ; Timing optimization        ; Q         ;                ; niosii:inst13|niosii_nios2_gen2_0:nios2_gen2_0|niosii_nios2_gen2_0_cpu:cpu|niosii_nios2_gen2_0_cpu_mult_cell:the_niosii_nios2_gen2_0_cpu_mult_cell|altera_mult_add:the_altmult_add_p1|altera_mult_add_37p2:auto_generated|altera_mult_add_rtl:altera_mult_add_rtl1|ama_multiplier_function:multiplier_block|ama_register_function:multiplier_register_block_0|data_out_wire[0] ; RESULTA          ;                       ;
; niosii:inst13|niosii_nios2_gen2_0:nios2_gen2_0|niosii_nios2_gen2_0_cpu:cpu|niosii_nios2_gen2_0_cpu_mult_cell:the_niosii_nios2_gen2_0_cpu_mult_cell|altera_mult_add:the_altmult_add_p1|altera_mult_add_37p2:auto_generated|altera_mult_add_rtl:altera_mult_add_rtl1|ama_multiplier_function:multiplier_block|ama_register_function:multiplier_register_block_0|data_out_wire[2]  ; Packed Register ; Register Packing                                  ; Timing optimization        ; Q         ;                ; niosii:inst13|niosii_nios2_gen2_0:nios2_gen2_0|niosii_nios2_gen2_0_cpu:cpu|niosii_nios2_gen2_0_cpu_mult_cell:the_niosii_nios2_gen2_0_cpu_mult_cell|altera_mult_add:the_altmult_add_p1|altera_mult_add_37p2:auto_generated|altera_mult_add_rtl:altera_mult_add_rtl1|ama_multiplier_function:multiplier_block|ama_register_function:multiplier_register_block_0|data_out_wire[0] ; RESULTA          ;                       ;
; niosii:inst13|niosii_nios2_gen2_0:nios2_gen2_0|niosii_nios2_gen2_0_cpu:cpu|niosii_nios2_gen2_0_cpu_mult_cell:the_niosii_nios2_gen2_0_cpu_mult_cell|altera_mult_add:the_altmult_add_p1|altera_mult_add_37p2:auto_generated|altera_mult_add_rtl:altera_mult_add_rtl1|ama_multiplier_function:multiplier_block|ama_register_function:multiplier_register_block_0|data_out_wire[3]  ; Packed Register ; Register Packing                                  ; Timing optimization        ; Q         ;                ; niosii:inst13|niosii_nios2_gen2_0:nios2_gen2_0|niosii_nios2_gen2_0_cpu:cpu|niosii_nios2_gen2_0_cpu_mult_cell:the_niosii_nios2_gen2_0_cpu_mult_cell|altera_mult_add:the_altmult_add_p1|altera_mult_add_37p2:auto_generated|altera_mult_add_rtl:altera_mult_add_rtl1|ama_multiplier_function:multiplier_block|ama_register_function:multiplier_register_block_0|data_out_wire[0] ; RESULTA          ;                       ;
; niosii:inst13|niosii_nios2_gen2_0:nios2_gen2_0|niosii_nios2_gen2_0_cpu:cpu|niosii_nios2_gen2_0_cpu_mult_cell:the_niosii_nios2_gen2_0_cpu_mult_cell|altera_mult_add:the_altmult_add_p1|altera_mult_add_37p2:auto_generated|altera_mult_add_rtl:altera_mult_add_rtl1|ama_multiplier_function:multiplier_block|ama_register_function:multiplier_register_block_0|data_out_wire[4]  ; Packed Register ; Register Packing                                  ; Timing optimization        ; Q         ;                ; niosii:inst13|niosii_nios2_gen2_0:nios2_gen2_0|niosii_nios2_gen2_0_cpu:cpu|niosii_nios2_gen2_0_cpu_mult_cell:the_niosii_nios2_gen2_0_cpu_mult_cell|altera_mult_add:the_altmult_add_p1|altera_mult_add_37p2:auto_generated|altera_mult_add_rtl:altera_mult_add_rtl1|ama_multiplier_function:multiplier_block|ama_register_function:multiplier_register_block_0|data_out_wire[0] ; RESULTA          ;                       ;
; niosii:inst13|niosii_nios2_gen2_0:nios2_gen2_0|niosii_nios2_gen2_0_cpu:cpu|niosii_nios2_gen2_0_cpu_mult_cell:the_niosii_nios2_gen2_0_cpu_mult_cell|altera_mult_add:the_altmult_add_p1|altera_mult_add_37p2:auto_generated|altera_mult_add_rtl:altera_mult_add_rtl1|ama_multiplier_function:multiplier_block|ama_register_function:multiplier_register_block_0|data_out_wire[5]  ; Packed Register ; Register Packing                                  ; Timing optimization        ; Q         ;                ; niosii:inst13|niosii_nios2_gen2_0:nios2_gen2_0|niosii_nios2_gen2_0_cpu:cpu|niosii_nios2_gen2_0_cpu_mult_cell:the_niosii_nios2_gen2_0_cpu_mult_cell|altera_mult_add:the_altmult_add_p1|altera_mult_add_37p2:auto_generated|altera_mult_add_rtl:altera_mult_add_rtl1|ama_multiplier_function:multiplier_block|ama_register_function:multiplier_register_block_0|data_out_wire[0] ; RESULTA          ;                       ;
; niosii:inst13|niosii_nios2_gen2_0:nios2_gen2_0|niosii_nios2_gen2_0_cpu:cpu|niosii_nios2_gen2_0_cpu_mult_cell:the_niosii_nios2_gen2_0_cpu_mult_cell|altera_mult_add:the_altmult_add_p1|altera_mult_add_37p2:auto_generated|altera_mult_add_rtl:altera_mult_add_rtl1|ama_multiplier_function:multiplier_block|ama_register_function:multiplier_register_block_0|data_out_wire[6]  ; Packed Register ; Register Packing                                  ; Timing optimization        ; Q         ;                ; niosii:inst13|niosii_nios2_gen2_0:nios2_gen2_0|niosii_nios2_gen2_0_cpu:cpu|niosii_nios2_gen2_0_cpu_mult_cell:the_niosii_nios2_gen2_0_cpu_mult_cell|altera_mult_add:the_altmult_add_p1|altera_mult_add_37p2:auto_generated|altera_mult_add_rtl:altera_mult_add_rtl1|ama_multiplier_function:multiplier_block|ama_register_function:multiplier_register_block_0|data_out_wire[0] ; RESULTA          ;                       ;
; niosii:inst13|niosii_nios2_gen2_0:nios2_gen2_0|niosii_nios2_gen2_0_cpu:cpu|niosii_nios2_gen2_0_cpu_mult_cell:the_niosii_nios2_gen2_0_cpu_mult_cell|altera_mult_add:the_altmult_add_p1|altera_mult_add_37p2:auto_generated|altera_mult_add_rtl:altera_mult_add_rtl1|ama_multiplier_function:multiplier_block|ama_register_function:multiplier_register_block_0|data_out_wire[7]  ; Packed Register ; Register Packing                                  ; Timing optimization        ; Q         ;                ; niosii:inst13|niosii_nios2_gen2_0:nios2_gen2_0|niosii_nios2_gen2_0_cpu:cpu|niosii_nios2_gen2_0_cpu_mult_cell:the_niosii_nios2_gen2_0_cpu_mult_cell|altera_mult_add:the_altmult_add_p1|altera_mult_add_37p2:auto_generated|altera_mult_add_rtl:altera_mult_add_rtl1|ama_multiplier_function:multiplier_block|ama_register_function:multiplier_register_block_0|data_out_wire[0] ; RESULTA          ;                       ;
; niosii:inst13|niosii_nios2_gen2_0:nios2_gen2_0|niosii_nios2_gen2_0_cpu:cpu|niosii_nios2_gen2_0_cpu_mult_cell:the_niosii_nios2_gen2_0_cpu_mult_cell|altera_mult_add:the_altmult_add_p1|altera_mult_add_37p2:auto_generated|altera_mult_add_rtl:altera_mult_add_rtl1|ama_multiplier_function:multiplier_block|ama_register_function:multiplier_register_block_0|data_out_wire[8]  ; Packed Register ; Register Packing                                  ; Timing optimization        ; Q         ;                ; niosii:inst13|niosii_nios2_gen2_0:nios2_gen2_0|niosii_nios2_gen2_0_cpu:cpu|niosii_nios2_gen2_0_cpu_mult_cell:the_niosii_nios2_gen2_0_cpu_mult_cell|altera_mult_add:the_altmult_add_p1|altera_mult_add_37p2:auto_generated|altera_mult_add_rtl:altera_mult_add_rtl1|ama_multiplier_function:multiplier_block|ama_register_function:multiplier_register_block_0|data_out_wire[0] ; RESULTA          ;                       ;
; niosii:inst13|niosii_nios2_gen2_0:nios2_gen2_0|niosii_nios2_gen2_0_cpu:cpu|niosii_nios2_gen2_0_cpu_mult_cell:the_niosii_nios2_gen2_0_cpu_mult_cell|altera_mult_add:the_altmult_add_p1|altera_mult_add_37p2:auto_generated|altera_mult_add_rtl:altera_mult_add_rtl1|ama_multiplier_function:multiplier_block|ama_register_function:multiplier_register_block_0|data_out_wire[9]  ; Packed Register ; Register Packing                                  ; Timing optimization        ; Q         ;                ; niosii:inst13|niosii_nios2_gen2_0:nios2_gen2_0|niosii_nios2_gen2_0_cpu:cpu|niosii_nios2_gen2_0_cpu_mult_cell:the_niosii_nios2_gen2_0_cpu_mult_cell|altera_mult_add:the_altmult_add_p1|altera_mult_add_37p2:auto_generated|altera_mult_add_rtl:altera_mult_add_rtl1|ama_multiplier_function:multiplier_block|ama_register_function:multiplier_register_block_0|data_out_wire[0] ; RESULTA          ;                       ;
; niosii:inst13|niosii_nios2_gen2_0:nios2_gen2_0|niosii_nios2_gen2_0_cpu:cpu|niosii_nios2_gen2_0_cpu_mult_cell:the_niosii_nios2_gen2_0_cpu_mult_cell|altera_mult_add:the_altmult_add_p1|altera_mult_add_37p2:auto_generated|altera_mult_add_rtl:altera_mult_add_rtl1|ama_multiplier_function:multiplier_block|ama_register_function:multiplier_register_block_0|data_out_wire[10] ; Packed Register ; Register Packing                                  ; Timing optimization        ; Q         ;                ; niosii:inst13|niosii_nios2_gen2_0:nios2_gen2_0|niosii_nios2_gen2_0_cpu:cpu|niosii_nios2_gen2_0_cpu_mult_cell:the_niosii_nios2_gen2_0_cpu_mult_cell|altera_mult_add:the_altmult_add_p1|altera_mult_add_37p2:auto_generated|altera_mult_add_rtl:altera_mult_add_rtl1|ama_multiplier_function:multiplier_block|ama_register_function:multiplier_register_block_0|data_out_wire[0] ; RESULTA          ;                       ;
; niosii:inst13|niosii_nios2_gen2_0:nios2_gen2_0|niosii_nios2_gen2_0_cpu:cpu|niosii_nios2_gen2_0_cpu_mult_cell:the_niosii_nios2_gen2_0_cpu_mult_cell|altera_mult_add:the_altmult_add_p1|altera_mult_add_37p2:auto_generated|altera_mult_add_rtl:altera_mult_add_rtl1|ama_multiplier_function:multiplier_block|ama_register_function:multiplier_register_block_0|data_out_wire[11] ; Packed Register ; Register Packing                                  ; Timing optimization        ; Q         ;                ; niosii:inst13|niosii_nios2_gen2_0:nios2_gen2_0|niosii_nios2_gen2_0_cpu:cpu|niosii_nios2_gen2_0_cpu_mult_cell:the_niosii_nios2_gen2_0_cpu_mult_cell|altera_mult_add:the_altmult_add_p1|altera_mult_add_37p2:auto_generated|altera_mult_add_rtl:altera_mult_add_rtl1|ama_multiplier_function:multiplier_block|ama_register_function:multiplier_register_block_0|data_out_wire[0] ; RESULTA          ;                       ;
; niosii:inst13|niosii_nios2_gen2_0:nios2_gen2_0|niosii_nios2_gen2_0_cpu:cpu|niosii_nios2_gen2_0_cpu_mult_cell:the_niosii_nios2_gen2_0_cpu_mult_cell|altera_mult_add:the_altmult_add_p1|altera_mult_add_37p2:auto_generated|altera_mult_add_rtl:altera_mult_add_rtl1|ama_multiplier_function:multiplier_block|ama_register_function:multiplier_register_block_0|data_out_wire[12] ; Packed Register ; Register Packing                                  ; Timing optimization        ; Q         ;                ; niosii:inst13|niosii_nios2_gen2_0:nios2_gen2_0|niosii_nios2_gen2_0_cpu:cpu|niosii_nios2_gen2_0_cpu_mult_cell:the_niosii_nios2_gen2_0_cpu_mult_cell|altera_mult_add:the_altmult_add_p1|altera_mult_add_37p2:auto_generated|altera_mult_add_rtl:altera_mult_add_rtl1|ama_multiplier_function:multiplier_block|ama_register_function:multiplier_register_block_0|data_out_wire[0] ; RESULTA          ;                       ;
; niosii:inst13|niosii_nios2_gen2_0:nios2_gen2_0|niosii_nios2_gen2_0_cpu:cpu|niosii_nios2_gen2_0_cpu_mult_cell:the_niosii_nios2_gen2_0_cpu_mult_cell|altera_mult_add:the_altmult_add_p1|altera_mult_add_37p2:auto_generated|altera_mult_add_rtl:altera_mult_add_rtl1|ama_multiplier_function:multiplier_block|ama_register_function:multiplier_register_block_0|data_out_wire[13] ; Packed Register ; Register Packing                                  ; Timing optimization        ; Q         ;                ; niosii:inst13|niosii_nios2_gen2_0:nios2_gen2_0|niosii_nios2_gen2_0_cpu:cpu|niosii_nios2_gen2_0_cpu_mult_cell:the_niosii_nios2_gen2_0_cpu_mult_cell|altera_mult_add:the_altmult_add_p1|altera_mult_add_37p2:auto_generated|altera_mult_add_rtl:altera_mult_add_rtl1|ama_multiplier_function:multiplier_block|ama_register_function:multiplier_register_block_0|data_out_wire[0] ; RESULTA          ;                       ;
; niosii:inst13|niosii_nios2_gen2_0:nios2_gen2_0|niosii_nios2_gen2_0_cpu:cpu|niosii_nios2_gen2_0_cpu_mult_cell:the_niosii_nios2_gen2_0_cpu_mult_cell|altera_mult_add:the_altmult_add_p1|altera_mult_add_37p2:auto_generated|altera_mult_add_rtl:altera_mult_add_rtl1|ama_multiplier_function:multiplier_block|ama_register_function:multiplier_register_block_0|data_out_wire[14] ; Packed Register ; Register Packing                                  ; Timing optimization        ; Q         ;                ; niosii:inst13|niosii_nios2_gen2_0:nios2_gen2_0|niosii_nios2_gen2_0_cpu:cpu|niosii_nios2_gen2_0_cpu_mult_cell:the_niosii_nios2_gen2_0_cpu_mult_cell|altera_mult_add:the_altmult_add_p1|altera_mult_add_37p2:auto_generated|altera_mult_add_rtl:altera_mult_add_rtl1|ama_multiplier_function:multiplier_block|ama_register_function:multiplier_register_block_0|data_out_wire[0] ; RESULTA          ;                       ;
; niosii:inst13|niosii_nios2_gen2_0:nios2_gen2_0|niosii_nios2_gen2_0_cpu:cpu|niosii_nios2_gen2_0_cpu_mult_cell:the_niosii_nios2_gen2_0_cpu_mult_cell|altera_mult_add:the_altmult_add_p1|altera_mult_add_37p2:auto_generated|altera_mult_add_rtl:altera_mult_add_rtl1|ama_multiplier_function:multiplier_block|ama_register_function:multiplier_register_block_0|data_out_wire[15] ; Packed Register ; Register Packing                                  ; Timing optimization        ; Q         ;                ; niosii:inst13|niosii_nios2_gen2_0:nios2_gen2_0|niosii_nios2_gen2_0_cpu:cpu|niosii_nios2_gen2_0_cpu_mult_cell:the_niosii_nios2_gen2_0_cpu_mult_cell|altera_mult_add:the_altmult_add_p1|altera_mult_add_37p2:auto_generated|altera_mult_add_rtl:altera_mult_add_rtl1|ama_multiplier_function:multiplier_block|ama_register_function:multiplier_register_block_0|data_out_wire[0] ; RESULTA          ;                       ;
; niosii:inst13|niosii_nios2_gen2_0:nios2_gen2_0|niosii_nios2_gen2_0_cpu:cpu|niosii_nios2_gen2_0_cpu_mult_cell:the_niosii_nios2_gen2_0_cpu_mult_cell|altera_mult_add:the_altmult_add_p1|altera_mult_add_37p2:auto_generated|altera_mult_add_rtl:altera_mult_add_rtl1|ama_multiplier_function:multiplier_block|ama_register_function:multiplier_register_block_0|data_out_wire[16] ; Packed Register ; Register Packing                                  ; Timing optimization        ; Q         ;                ; niosii:inst13|niosii_nios2_gen2_0:nios2_gen2_0|niosii_nios2_gen2_0_cpu:cpu|niosii_nios2_gen2_0_cpu_mult_cell:the_niosii_nios2_gen2_0_cpu_mult_cell|altera_mult_add:the_altmult_add_p1|altera_mult_add_37p2:auto_generated|altera_mult_add_rtl:altera_mult_add_rtl1|ama_multiplier_function:multiplier_block|ama_register_function:multiplier_register_block_0|data_out_wire[0] ; RESULTA          ;                       ;
; niosii:inst13|niosii_nios2_gen2_0:nios2_gen2_0|niosii_nios2_gen2_0_cpu:cpu|niosii_nios2_gen2_0_cpu_mult_cell:the_niosii_nios2_gen2_0_cpu_mult_cell|altera_mult_add:the_altmult_add_p1|altera_mult_add_37p2:auto_generated|altera_mult_add_rtl:altera_mult_add_rtl1|ama_multiplier_function:multiplier_block|ama_register_function:multiplier_register_block_0|data_out_wire[17] ; Packed Register ; Register Packing                                  ; Timing optimization        ; Q         ;                ; niosii:inst13|niosii_nios2_gen2_0:nios2_gen2_0|niosii_nios2_gen2_0_cpu:cpu|niosii_nios2_gen2_0_cpu_mult_cell:the_niosii_nios2_gen2_0_cpu_mult_cell|altera_mult_add:the_altmult_add_p1|altera_mult_add_37p2:auto_generated|altera_mult_add_rtl:altera_mult_add_rtl1|ama_multiplier_function:multiplier_block|ama_register_function:multiplier_register_block_0|data_out_wire[0] ; RESULTA          ;                       ;
; niosii:inst13|niosii_nios2_gen2_0:nios2_gen2_0|niosii_nios2_gen2_0_cpu:cpu|niosii_nios2_gen2_0_cpu_mult_cell:the_niosii_nios2_gen2_0_cpu_mult_cell|altera_mult_add:the_altmult_add_p1|altera_mult_add_37p2:auto_generated|altera_mult_add_rtl:altera_mult_add_rtl1|ama_multiplier_function:multiplier_block|ama_register_function:multiplier_register_block_0|data_out_wire[18] ; Packed Register ; Register Packing                                  ; Timing optimization        ; Q         ;                ; niosii:inst13|niosii_nios2_gen2_0:nios2_gen2_0|niosii_nios2_gen2_0_cpu:cpu|niosii_nios2_gen2_0_cpu_mult_cell:the_niosii_nios2_gen2_0_cpu_mult_cell|altera_mult_add:the_altmult_add_p1|altera_mult_add_37p2:auto_generated|altera_mult_add_rtl:altera_mult_add_rtl1|ama_multiplier_function:multiplier_block|ama_register_function:multiplier_register_block_0|data_out_wire[0] ; RESULTA          ;                       ;
; niosii:inst13|niosii_nios2_gen2_0:nios2_gen2_0|niosii_nios2_gen2_0_cpu:cpu|niosii_nios2_gen2_0_cpu_mult_cell:the_niosii_nios2_gen2_0_cpu_mult_cell|altera_mult_add:the_altmult_add_p1|altera_mult_add_37p2:auto_generated|altera_mult_add_rtl:altera_mult_add_rtl1|ama_multiplier_function:multiplier_block|ama_register_function:multiplier_register_block_0|data_out_wire[19] ; Packed Register ; Register Packing                                  ; Timing optimization        ; Q         ;                ; niosii:inst13|niosii_nios2_gen2_0:nios2_gen2_0|niosii_nios2_gen2_0_cpu:cpu|niosii_nios2_gen2_0_cpu_mult_cell:the_niosii_nios2_gen2_0_cpu_mult_cell|altera_mult_add:the_altmult_add_p1|altera_mult_add_37p2:auto_generated|altera_mult_add_rtl:altera_mult_add_rtl1|ama_multiplier_function:multiplier_block|ama_register_function:multiplier_register_block_0|data_out_wire[0] ; RESULTA          ;                       ;
; niosii:inst13|niosii_nios2_gen2_0:nios2_gen2_0|niosii_nios2_gen2_0_cpu:cpu|niosii_nios2_gen2_0_cpu_mult_cell:the_niosii_nios2_gen2_0_cpu_mult_cell|altera_mult_add:the_altmult_add_p1|altera_mult_add_37p2:auto_generated|altera_mult_add_rtl:altera_mult_add_rtl1|ama_multiplier_function:multiplier_block|ama_register_function:multiplier_register_block_0|data_out_wire[20] ; Packed Register ; Register Packing                                  ; Timing optimization        ; Q         ;                ; niosii:inst13|niosii_nios2_gen2_0:nios2_gen2_0|niosii_nios2_gen2_0_cpu:cpu|niosii_nios2_gen2_0_cpu_mult_cell:the_niosii_nios2_gen2_0_cpu_mult_cell|altera_mult_add:the_altmult_add_p1|altera_mult_add_37p2:auto_generated|altera_mult_add_rtl:altera_mult_add_rtl1|ama_multiplier_function:multiplier_block|ama_register_function:multiplier_register_block_0|data_out_wire[0] ; RESULTA          ;                       ;
; niosii:inst13|niosii_nios2_gen2_0:nios2_gen2_0|niosii_nios2_gen2_0_cpu:cpu|niosii_nios2_gen2_0_cpu_mult_cell:the_niosii_nios2_gen2_0_cpu_mult_cell|altera_mult_add:the_altmult_add_p1|altera_mult_add_37p2:auto_generated|altera_mult_add_rtl:altera_mult_add_rtl1|ama_multiplier_function:multiplier_block|ama_register_function:multiplier_register_block_0|data_out_wire[21] ; Packed Register ; Register Packing                                  ; Timing optimization        ; Q         ;                ; niosii:inst13|niosii_nios2_gen2_0:nios2_gen2_0|niosii_nios2_gen2_0_cpu:cpu|niosii_nios2_gen2_0_cpu_mult_cell:the_niosii_nios2_gen2_0_cpu_mult_cell|altera_mult_add:the_altmult_add_p1|altera_mult_add_37p2:auto_generated|altera_mult_add_rtl:altera_mult_add_rtl1|ama_multiplier_function:multiplier_block|ama_register_function:multiplier_register_block_0|data_out_wire[0] ; RESULTA          ;                       ;
; niosii:inst13|niosii_nios2_gen2_0:nios2_gen2_0|niosii_nios2_gen2_0_cpu:cpu|niosii_nios2_gen2_0_cpu_mult_cell:the_niosii_nios2_gen2_0_cpu_mult_cell|altera_mult_add:the_altmult_add_p1|altera_mult_add_37p2:auto_generated|altera_mult_add_rtl:altera_mult_add_rtl1|ama_multiplier_function:multiplier_block|ama_register_function:multiplier_register_block_0|data_out_wire[22] ; Packed Register ; Register Packing                                  ; Timing optimization        ; Q         ;                ; niosii:inst13|niosii_nios2_gen2_0:nios2_gen2_0|niosii_nios2_gen2_0_cpu:cpu|niosii_nios2_gen2_0_cpu_mult_cell:the_niosii_nios2_gen2_0_cpu_mult_cell|altera_mult_add:the_altmult_add_p1|altera_mult_add_37p2:auto_generated|altera_mult_add_rtl:altera_mult_add_rtl1|ama_multiplier_function:multiplier_block|ama_register_function:multiplier_register_block_0|data_out_wire[0] ; RESULTA          ;                       ;
; niosii:inst13|niosii_nios2_gen2_0:nios2_gen2_0|niosii_nios2_gen2_0_cpu:cpu|niosii_nios2_gen2_0_cpu_mult_cell:the_niosii_nios2_gen2_0_cpu_mult_cell|altera_mult_add:the_altmult_add_p1|altera_mult_add_37p2:auto_generated|altera_mult_add_rtl:altera_mult_add_rtl1|ama_multiplier_function:multiplier_block|ama_register_function:multiplier_register_block_0|data_out_wire[23] ; Packed Register ; Register Packing                                  ; Timing optimization        ; Q         ;                ; niosii:inst13|niosii_nios2_gen2_0:nios2_gen2_0|niosii_nios2_gen2_0_cpu:cpu|niosii_nios2_gen2_0_cpu_mult_cell:the_niosii_nios2_gen2_0_cpu_mult_cell|altera_mult_add:the_altmult_add_p1|altera_mult_add_37p2:auto_generated|altera_mult_add_rtl:altera_mult_add_rtl1|ama_multiplier_function:multiplier_block|ama_register_function:multiplier_register_block_0|data_out_wire[0] ; RESULTA          ;                       ;
; niosii:inst13|niosii_nios2_gen2_0:nios2_gen2_0|niosii_nios2_gen2_0_cpu:cpu|niosii_nios2_gen2_0_cpu_mult_cell:the_niosii_nios2_gen2_0_cpu_mult_cell|altera_mult_add:the_altmult_add_p1|altera_mult_add_37p2:auto_generated|altera_mult_add_rtl:altera_mult_add_rtl1|ama_multiplier_function:multiplier_block|ama_register_function:multiplier_register_block_0|data_out_wire[24] ; Packed Register ; Register Packing                                  ; Timing optimization        ; Q         ;                ; niosii:inst13|niosii_nios2_gen2_0:nios2_gen2_0|niosii_nios2_gen2_0_cpu:cpu|niosii_nios2_gen2_0_cpu_mult_cell:the_niosii_nios2_gen2_0_cpu_mult_cell|altera_mult_add:the_altmult_add_p1|altera_mult_add_37p2:auto_generated|altera_mult_add_rtl:altera_mult_add_rtl1|ama_multiplier_function:multiplier_block|ama_register_function:multiplier_register_block_0|data_out_wire[0] ; RESULTA          ;                       ;
; niosii:inst13|niosii_nios2_gen2_0:nios2_gen2_0|niosii_nios2_gen2_0_cpu:cpu|niosii_nios2_gen2_0_cpu_mult_cell:the_niosii_nios2_gen2_0_cpu_mult_cell|altera_mult_add:the_altmult_add_p1|altera_mult_add_37p2:auto_generated|altera_mult_add_rtl:altera_mult_add_rtl1|ama_multiplier_function:multiplier_block|ama_register_function:multiplier_register_block_0|data_out_wire[25] ; Packed Register ; Register Packing                                  ; Timing optimization        ; Q         ;                ; niosii:inst13|niosii_nios2_gen2_0:nios2_gen2_0|niosii_nios2_gen2_0_cpu:cpu|niosii_nios2_gen2_0_cpu_mult_cell:the_niosii_nios2_gen2_0_cpu_mult_cell|altera_mult_add:the_altmult_add_p1|altera_mult_add_37p2:auto_generated|altera_mult_add_rtl:altera_mult_add_rtl1|ama_multiplier_function:multiplier_block|ama_register_function:multiplier_register_block_0|data_out_wire[0] ; RESULTA          ;                       ;
; niosii:inst13|niosii_nios2_gen2_0:nios2_gen2_0|niosii_nios2_gen2_0_cpu:cpu|niosii_nios2_gen2_0_cpu_mult_cell:the_niosii_nios2_gen2_0_cpu_mult_cell|altera_mult_add:the_altmult_add_p1|altera_mult_add_37p2:auto_generated|altera_mult_add_rtl:altera_mult_add_rtl1|ama_multiplier_function:multiplier_block|ama_register_function:multiplier_register_block_0|data_out_wire[26] ; Packed Register ; Register Packing                                  ; Timing optimization        ; Q         ;                ; niosii:inst13|niosii_nios2_gen2_0:nios2_gen2_0|niosii_nios2_gen2_0_cpu:cpu|niosii_nios2_gen2_0_cpu_mult_cell:the_niosii_nios2_gen2_0_cpu_mult_cell|altera_mult_add:the_altmult_add_p1|altera_mult_add_37p2:auto_generated|altera_mult_add_rtl:altera_mult_add_rtl1|ama_multiplier_function:multiplier_block|ama_register_function:multiplier_register_block_0|data_out_wire[0] ; RESULTA          ;                       ;
; niosii:inst13|niosii_nios2_gen2_0:nios2_gen2_0|niosii_nios2_gen2_0_cpu:cpu|niosii_nios2_gen2_0_cpu_mult_cell:the_niosii_nios2_gen2_0_cpu_mult_cell|altera_mult_add:the_altmult_add_p1|altera_mult_add_37p2:auto_generated|altera_mult_add_rtl:altera_mult_add_rtl1|ama_multiplier_function:multiplier_block|ama_register_function:multiplier_register_block_0|data_out_wire[27] ; Packed Register ; Register Packing                                  ; Timing optimization        ; Q         ;                ; niosii:inst13|niosii_nios2_gen2_0:nios2_gen2_0|niosii_nios2_gen2_0_cpu:cpu|niosii_nios2_gen2_0_cpu_mult_cell:the_niosii_nios2_gen2_0_cpu_mult_cell|altera_mult_add:the_altmult_add_p1|altera_mult_add_37p2:auto_generated|altera_mult_add_rtl:altera_mult_add_rtl1|ama_multiplier_function:multiplier_block|ama_register_function:multiplier_register_block_0|data_out_wire[0] ; RESULTA          ;                       ;
; niosii:inst13|niosii_nios2_gen2_0:nios2_gen2_0|niosii_nios2_gen2_0_cpu:cpu|niosii_nios2_gen2_0_cpu_mult_cell:the_niosii_nios2_gen2_0_cpu_mult_cell|altera_mult_add:the_altmult_add_p1|altera_mult_add_37p2:auto_generated|altera_mult_add_rtl:altera_mult_add_rtl1|ama_multiplier_function:multiplier_block|ama_register_function:multiplier_register_block_0|data_out_wire[28] ; Packed Register ; Register Packing                                  ; Timing optimization        ; Q         ;                ; niosii:inst13|niosii_nios2_gen2_0:nios2_gen2_0|niosii_nios2_gen2_0_cpu:cpu|niosii_nios2_gen2_0_cpu_mult_cell:the_niosii_nios2_gen2_0_cpu_mult_cell|altera_mult_add:the_altmult_add_p1|altera_mult_add_37p2:auto_generated|altera_mult_add_rtl:altera_mult_add_rtl1|ama_multiplier_function:multiplier_block|ama_register_function:multiplier_register_block_0|data_out_wire[0] ; RESULTA          ;                       ;
; niosii:inst13|niosii_nios2_gen2_0:nios2_gen2_0|niosii_nios2_gen2_0_cpu:cpu|niosii_nios2_gen2_0_cpu_mult_cell:the_niosii_nios2_gen2_0_cpu_mult_cell|altera_mult_add:the_altmult_add_p1|altera_mult_add_37p2:auto_generated|altera_mult_add_rtl:altera_mult_add_rtl1|ama_multiplier_function:multiplier_block|ama_register_function:multiplier_register_block_0|data_out_wire[29] ; Packed Register ; Register Packing                                  ; Timing optimization        ; Q         ;                ; niosii:inst13|niosii_nios2_gen2_0:nios2_gen2_0|niosii_nios2_gen2_0_cpu:cpu|niosii_nios2_gen2_0_cpu_mult_cell:the_niosii_nios2_gen2_0_cpu_mult_cell|altera_mult_add:the_altmult_add_p1|altera_mult_add_37p2:auto_generated|altera_mult_add_rtl:altera_mult_add_rtl1|ama_multiplier_function:multiplier_block|ama_register_function:multiplier_register_block_0|data_out_wire[0] ; RESULTA          ;                       ;
; niosii:inst13|niosii_nios2_gen2_0:nios2_gen2_0|niosii_nios2_gen2_0_cpu:cpu|niosii_nios2_gen2_0_cpu_mult_cell:the_niosii_nios2_gen2_0_cpu_mult_cell|altera_mult_add:the_altmult_add_p1|altera_mult_add_37p2:auto_generated|altera_mult_add_rtl:altera_mult_add_rtl1|ama_multiplier_function:multiplier_block|ama_register_function:multiplier_register_block_0|data_out_wire[30] ; Packed Register ; Register Packing                                  ; Timing optimization        ; Q         ;                ; niosii:inst13|niosii_nios2_gen2_0:nios2_gen2_0|niosii_nios2_gen2_0_cpu:cpu|niosii_nios2_gen2_0_cpu_mult_cell:the_niosii_nios2_gen2_0_cpu_mult_cell|altera_mult_add:the_altmult_add_p1|altera_mult_add_37p2:auto_generated|altera_mult_add_rtl:altera_mult_add_rtl1|ama_multiplier_function:multiplier_block|ama_register_function:multiplier_register_block_0|data_out_wire[0] ; RESULTA          ;                       ;
; niosii:inst13|niosii_nios2_gen2_0:nios2_gen2_0|niosii_nios2_gen2_0_cpu:cpu|niosii_nios2_gen2_0_cpu_mult_cell:the_niosii_nios2_gen2_0_cpu_mult_cell|altera_mult_add:the_altmult_add_p1|altera_mult_add_37p2:auto_generated|altera_mult_add_rtl:altera_mult_add_rtl1|ama_multiplier_function:multiplier_block|ama_register_function:multiplier_register_block_0|data_out_wire[31] ; Packed Register ; Register Packing                                  ; Timing optimization        ; Q         ;                ; niosii:inst13|niosii_nios2_gen2_0:nios2_gen2_0|niosii_nios2_gen2_0_cpu:cpu|niosii_nios2_gen2_0_cpu_mult_cell:the_niosii_nios2_gen2_0_cpu_mult_cell|altera_mult_add:the_altmult_add_p1|altera_mult_add_37p2:auto_generated|altera_mult_add_rtl:altera_mult_add_rtl1|ama_multiplier_function:multiplier_block|ama_register_function:multiplier_register_block_0|data_out_wire[0] ; RESULTA          ;                       ;
; niosii:inst13|niosii_nios2_gen2_0:nios2_gen2_0|niosii_nios2_gen2_0_cpu:cpu|niosii_nios2_gen2_0_cpu_mult_cell:the_niosii_nios2_gen2_0_cpu_mult_cell|altera_mult_add:the_altmult_add_p2|altera_mult_add_37p2:auto_generated|altera_mult_add_rtl:altera_mult_add_rtl1|ama_multiplier_function:multiplier_block|ama_register_function:multiplier_register_block_0|data_out_wire[0]  ; Packed Register ; Register Packing                                  ; Timing optimization        ; Q         ;                ; niosii:inst13|niosii_nios2_gen2_0:nios2_gen2_0|niosii_nios2_gen2_0_cpu:cpu|niosii_nios2_gen2_0_cpu_mult_cell:the_niosii_nios2_gen2_0_cpu_mult_cell|altera_mult_add:the_altmult_add_p2|altera_mult_add_37p2:auto_generated|altera_mult_add_rtl:altera_mult_add_rtl1|ama_multiplier_function:multiplier_block|data_out_wire_0[0]                                                 ; RESULTA          ;                       ;
; niosii:inst13|niosii_nios2_gen2_0:nios2_gen2_0|niosii_nios2_gen2_0_cpu:cpu|niosii_nios2_gen2_0_cpu_mult_cell:the_niosii_nios2_gen2_0_cpu_mult_cell|altera_mult_add:the_altmult_add_p2|altera_mult_add_37p2:auto_generated|altera_mult_add_rtl:altera_mult_add_rtl1|ama_multiplier_function:multiplier_block|ama_register_function:multiplier_register_block_0|data_out_wire[1]  ; Packed Register ; Register Packing                                  ; Timing optimization        ; Q         ;                ; niosii:inst13|niosii_nios2_gen2_0:nios2_gen2_0|niosii_nios2_gen2_0_cpu:cpu|niosii_nios2_gen2_0_cpu_mult_cell:the_niosii_nios2_gen2_0_cpu_mult_cell|altera_mult_add:the_altmult_add_p2|altera_mult_add_37p2:auto_generated|altera_mult_add_rtl:altera_mult_add_rtl1|ama_multiplier_function:multiplier_block|ama_register_function:multiplier_register_block_0|data_out_wire[0] ; RESULTA          ;                       ;
; niosii:inst13|niosii_nios2_gen2_0:nios2_gen2_0|niosii_nios2_gen2_0_cpu:cpu|niosii_nios2_gen2_0_cpu_mult_cell:the_niosii_nios2_gen2_0_cpu_mult_cell|altera_mult_add:the_altmult_add_p2|altera_mult_add_37p2:auto_generated|altera_mult_add_rtl:altera_mult_add_rtl1|ama_multiplier_function:multiplier_block|ama_register_function:multiplier_register_block_0|data_out_wire[2]  ; Packed Register ; Register Packing                                  ; Timing optimization        ; Q         ;                ; niosii:inst13|niosii_nios2_gen2_0:nios2_gen2_0|niosii_nios2_gen2_0_cpu:cpu|niosii_nios2_gen2_0_cpu_mult_cell:the_niosii_nios2_gen2_0_cpu_mult_cell|altera_mult_add:the_altmult_add_p2|altera_mult_add_37p2:auto_generated|altera_mult_add_rtl:altera_mult_add_rtl1|ama_multiplier_function:multiplier_block|ama_register_function:multiplier_register_block_0|data_out_wire[0] ; RESULTA          ;                       ;
; niosii:inst13|niosii_nios2_gen2_0:nios2_gen2_0|niosii_nios2_gen2_0_cpu:cpu|niosii_nios2_gen2_0_cpu_mult_cell:the_niosii_nios2_gen2_0_cpu_mult_cell|altera_mult_add:the_altmult_add_p2|altera_mult_add_37p2:auto_generated|altera_mult_add_rtl:altera_mult_add_rtl1|ama_multiplier_function:multiplier_block|ama_register_function:multiplier_register_block_0|data_out_wire[3]  ; Packed Register ; Register Packing                                  ; Timing optimization        ; Q         ;                ; niosii:inst13|niosii_nios2_gen2_0:nios2_gen2_0|niosii_nios2_gen2_0_cpu:cpu|niosii_nios2_gen2_0_cpu_mult_cell:the_niosii_nios2_gen2_0_cpu_mult_cell|altera_mult_add:the_altmult_add_p2|altera_mult_add_37p2:auto_generated|altera_mult_add_rtl:altera_mult_add_rtl1|ama_multiplier_function:multiplier_block|ama_register_function:multiplier_register_block_0|data_out_wire[0] ; RESULTA          ;                       ;
; niosii:inst13|niosii_nios2_gen2_0:nios2_gen2_0|niosii_nios2_gen2_0_cpu:cpu|niosii_nios2_gen2_0_cpu_mult_cell:the_niosii_nios2_gen2_0_cpu_mult_cell|altera_mult_add:the_altmult_add_p2|altera_mult_add_37p2:auto_generated|altera_mult_add_rtl:altera_mult_add_rtl1|ama_multiplier_function:multiplier_block|ama_register_function:multiplier_register_block_0|data_out_wire[4]  ; Packed Register ; Register Packing                                  ; Timing optimization        ; Q         ;                ; niosii:inst13|niosii_nios2_gen2_0:nios2_gen2_0|niosii_nios2_gen2_0_cpu:cpu|niosii_nios2_gen2_0_cpu_mult_cell:the_niosii_nios2_gen2_0_cpu_mult_cell|altera_mult_add:the_altmult_add_p2|altera_mult_add_37p2:auto_generated|altera_mult_add_rtl:altera_mult_add_rtl1|ama_multiplier_function:multiplier_block|ama_register_function:multiplier_register_block_0|data_out_wire[0] ; RESULTA          ;                       ;
; niosii:inst13|niosii_nios2_gen2_0:nios2_gen2_0|niosii_nios2_gen2_0_cpu:cpu|niosii_nios2_gen2_0_cpu_mult_cell:the_niosii_nios2_gen2_0_cpu_mult_cell|altera_mult_add:the_altmult_add_p2|altera_mult_add_37p2:auto_generated|altera_mult_add_rtl:altera_mult_add_rtl1|ama_multiplier_function:multiplier_block|ama_register_function:multiplier_register_block_0|data_out_wire[5]  ; Packed Register ; Register Packing                                  ; Timing optimization        ; Q         ;                ; niosii:inst13|niosii_nios2_gen2_0:nios2_gen2_0|niosii_nios2_gen2_0_cpu:cpu|niosii_nios2_gen2_0_cpu_mult_cell:the_niosii_nios2_gen2_0_cpu_mult_cell|altera_mult_add:the_altmult_add_p2|altera_mult_add_37p2:auto_generated|altera_mult_add_rtl:altera_mult_add_rtl1|ama_multiplier_function:multiplier_block|ama_register_function:multiplier_register_block_0|data_out_wire[0] ; RESULTA          ;                       ;
; niosii:inst13|niosii_nios2_gen2_0:nios2_gen2_0|niosii_nios2_gen2_0_cpu:cpu|niosii_nios2_gen2_0_cpu_mult_cell:the_niosii_nios2_gen2_0_cpu_mult_cell|altera_mult_add:the_altmult_add_p2|altera_mult_add_37p2:auto_generated|altera_mult_add_rtl:altera_mult_add_rtl1|ama_multiplier_function:multiplier_block|ama_register_function:multiplier_register_block_0|data_out_wire[6]  ; Packed Register ; Register Packing                                  ; Timing optimization        ; Q         ;                ; niosii:inst13|niosii_nios2_gen2_0:nios2_gen2_0|niosii_nios2_gen2_0_cpu:cpu|niosii_nios2_gen2_0_cpu_mult_cell:the_niosii_nios2_gen2_0_cpu_mult_cell|altera_mult_add:the_altmult_add_p2|altera_mult_add_37p2:auto_generated|altera_mult_add_rtl:altera_mult_add_rtl1|ama_multiplier_function:multiplier_block|ama_register_function:multiplier_register_block_0|data_out_wire[0] ; RESULTA          ;                       ;
; niosii:inst13|niosii_nios2_gen2_0:nios2_gen2_0|niosii_nios2_gen2_0_cpu:cpu|niosii_nios2_gen2_0_cpu_mult_cell:the_niosii_nios2_gen2_0_cpu_mult_cell|altera_mult_add:the_altmult_add_p2|altera_mult_add_37p2:auto_generated|altera_mult_add_rtl:altera_mult_add_rtl1|ama_multiplier_function:multiplier_block|ama_register_function:multiplier_register_block_0|data_out_wire[7]  ; Packed Register ; Register Packing                                  ; Timing optimization        ; Q         ;                ; niosii:inst13|niosii_nios2_gen2_0:nios2_gen2_0|niosii_nios2_gen2_0_cpu:cpu|niosii_nios2_gen2_0_cpu_mult_cell:the_niosii_nios2_gen2_0_cpu_mult_cell|altera_mult_add:the_altmult_add_p2|altera_mult_add_37p2:auto_generated|altera_mult_add_rtl:altera_mult_add_rtl1|ama_multiplier_function:multiplier_block|ama_register_function:multiplier_register_block_0|data_out_wire[0] ; RESULTA          ;                       ;
; niosii:inst13|niosii_nios2_gen2_0:nios2_gen2_0|niosii_nios2_gen2_0_cpu:cpu|niosii_nios2_gen2_0_cpu_mult_cell:the_niosii_nios2_gen2_0_cpu_mult_cell|altera_mult_add:the_altmult_add_p2|altera_mult_add_37p2:auto_generated|altera_mult_add_rtl:altera_mult_add_rtl1|ama_multiplier_function:multiplier_block|ama_register_function:multiplier_register_block_0|data_out_wire[8]  ; Packed Register ; Register Packing                                  ; Timing optimization        ; Q         ;                ; niosii:inst13|niosii_nios2_gen2_0:nios2_gen2_0|niosii_nios2_gen2_0_cpu:cpu|niosii_nios2_gen2_0_cpu_mult_cell:the_niosii_nios2_gen2_0_cpu_mult_cell|altera_mult_add:the_altmult_add_p2|altera_mult_add_37p2:auto_generated|altera_mult_add_rtl:altera_mult_add_rtl1|ama_multiplier_function:multiplier_block|ama_register_function:multiplier_register_block_0|data_out_wire[0] ; RESULTA          ;                       ;
; niosii:inst13|niosii_nios2_gen2_0:nios2_gen2_0|niosii_nios2_gen2_0_cpu:cpu|niosii_nios2_gen2_0_cpu_mult_cell:the_niosii_nios2_gen2_0_cpu_mult_cell|altera_mult_add:the_altmult_add_p2|altera_mult_add_37p2:auto_generated|altera_mult_add_rtl:altera_mult_add_rtl1|ama_multiplier_function:multiplier_block|ama_register_function:multiplier_register_block_0|data_out_wire[9]  ; Packed Register ; Register Packing                                  ; Timing optimization        ; Q         ;                ; niosii:inst13|niosii_nios2_gen2_0:nios2_gen2_0|niosii_nios2_gen2_0_cpu:cpu|niosii_nios2_gen2_0_cpu_mult_cell:the_niosii_nios2_gen2_0_cpu_mult_cell|altera_mult_add:the_altmult_add_p2|altera_mult_add_37p2:auto_generated|altera_mult_add_rtl:altera_mult_add_rtl1|ama_multiplier_function:multiplier_block|ama_register_function:multiplier_register_block_0|data_out_wire[0] ; RESULTA          ;                       ;
; niosii:inst13|niosii_nios2_gen2_0:nios2_gen2_0|niosii_nios2_gen2_0_cpu:cpu|niosii_nios2_gen2_0_cpu_mult_cell:the_niosii_nios2_gen2_0_cpu_mult_cell|altera_mult_add:the_altmult_add_p2|altera_mult_add_37p2:auto_generated|altera_mult_add_rtl:altera_mult_add_rtl1|ama_multiplier_function:multiplier_block|ama_register_function:multiplier_register_block_0|data_out_wire[10] ; Packed Register ; Register Packing                                  ; Timing optimization        ; Q         ;                ; niosii:inst13|niosii_nios2_gen2_0:nios2_gen2_0|niosii_nios2_gen2_0_cpu:cpu|niosii_nios2_gen2_0_cpu_mult_cell:the_niosii_nios2_gen2_0_cpu_mult_cell|altera_mult_add:the_altmult_add_p2|altera_mult_add_37p2:auto_generated|altera_mult_add_rtl:altera_mult_add_rtl1|ama_multiplier_function:multiplier_block|ama_register_function:multiplier_register_block_0|data_out_wire[0] ; RESULTA          ;                       ;
; niosii:inst13|niosii_nios2_gen2_0:nios2_gen2_0|niosii_nios2_gen2_0_cpu:cpu|niosii_nios2_gen2_0_cpu_mult_cell:the_niosii_nios2_gen2_0_cpu_mult_cell|altera_mult_add:the_altmult_add_p2|altera_mult_add_37p2:auto_generated|altera_mult_add_rtl:altera_mult_add_rtl1|ama_multiplier_function:multiplier_block|ama_register_function:multiplier_register_block_0|data_out_wire[11] ; Packed Register ; Register Packing                                  ; Timing optimization        ; Q         ;                ; niosii:inst13|niosii_nios2_gen2_0:nios2_gen2_0|niosii_nios2_gen2_0_cpu:cpu|niosii_nios2_gen2_0_cpu_mult_cell:the_niosii_nios2_gen2_0_cpu_mult_cell|altera_mult_add:the_altmult_add_p2|altera_mult_add_37p2:auto_generated|altera_mult_add_rtl:altera_mult_add_rtl1|ama_multiplier_function:multiplier_block|ama_register_function:multiplier_register_block_0|data_out_wire[0] ; RESULTA          ;                       ;
; niosii:inst13|niosii_nios2_gen2_0:nios2_gen2_0|niosii_nios2_gen2_0_cpu:cpu|niosii_nios2_gen2_0_cpu_mult_cell:the_niosii_nios2_gen2_0_cpu_mult_cell|altera_mult_add:the_altmult_add_p2|altera_mult_add_37p2:auto_generated|altera_mult_add_rtl:altera_mult_add_rtl1|ama_multiplier_function:multiplier_block|ama_register_function:multiplier_register_block_0|data_out_wire[12] ; Packed Register ; Register Packing                                  ; Timing optimization        ; Q         ;                ; niosii:inst13|niosii_nios2_gen2_0:nios2_gen2_0|niosii_nios2_gen2_0_cpu:cpu|niosii_nios2_gen2_0_cpu_mult_cell:the_niosii_nios2_gen2_0_cpu_mult_cell|altera_mult_add:the_altmult_add_p2|altera_mult_add_37p2:auto_generated|altera_mult_add_rtl:altera_mult_add_rtl1|ama_multiplier_function:multiplier_block|ama_register_function:multiplier_register_block_0|data_out_wire[0] ; RESULTA          ;                       ;
; niosii:inst13|niosii_nios2_gen2_0:nios2_gen2_0|niosii_nios2_gen2_0_cpu:cpu|niosii_nios2_gen2_0_cpu_mult_cell:the_niosii_nios2_gen2_0_cpu_mult_cell|altera_mult_add:the_altmult_add_p2|altera_mult_add_37p2:auto_generated|altera_mult_add_rtl:altera_mult_add_rtl1|ama_multiplier_function:multiplier_block|ama_register_function:multiplier_register_block_0|data_out_wire[13] ; Packed Register ; Register Packing                                  ; Timing optimization        ; Q         ;                ; niosii:inst13|niosii_nios2_gen2_0:nios2_gen2_0|niosii_nios2_gen2_0_cpu:cpu|niosii_nios2_gen2_0_cpu_mult_cell:the_niosii_nios2_gen2_0_cpu_mult_cell|altera_mult_add:the_altmult_add_p2|altera_mult_add_37p2:auto_generated|altera_mult_add_rtl:altera_mult_add_rtl1|ama_multiplier_function:multiplier_block|ama_register_function:multiplier_register_block_0|data_out_wire[0] ; RESULTA          ;                       ;
; niosii:inst13|niosii_nios2_gen2_0:nios2_gen2_0|niosii_nios2_gen2_0_cpu:cpu|niosii_nios2_gen2_0_cpu_mult_cell:the_niosii_nios2_gen2_0_cpu_mult_cell|altera_mult_add:the_altmult_add_p2|altera_mult_add_37p2:auto_generated|altera_mult_add_rtl:altera_mult_add_rtl1|ama_multiplier_function:multiplier_block|ama_register_function:multiplier_register_block_0|data_out_wire[14] ; Packed Register ; Register Packing                                  ; Timing optimization        ; Q         ;                ; niosii:inst13|niosii_nios2_gen2_0:nios2_gen2_0|niosii_nios2_gen2_0_cpu:cpu|niosii_nios2_gen2_0_cpu_mult_cell:the_niosii_nios2_gen2_0_cpu_mult_cell|altera_mult_add:the_altmult_add_p2|altera_mult_add_37p2:auto_generated|altera_mult_add_rtl:altera_mult_add_rtl1|ama_multiplier_function:multiplier_block|ama_register_function:multiplier_register_block_0|data_out_wire[0] ; RESULTA          ;                       ;
; niosii:inst13|niosii_nios2_gen2_0:nios2_gen2_0|niosii_nios2_gen2_0_cpu:cpu|niosii_nios2_gen2_0_cpu_mult_cell:the_niosii_nios2_gen2_0_cpu_mult_cell|altera_mult_add:the_altmult_add_p2|altera_mult_add_37p2:auto_generated|altera_mult_add_rtl:altera_mult_add_rtl1|ama_multiplier_function:multiplier_block|ama_register_function:multiplier_register_block_0|data_out_wire[15] ; Packed Register ; Register Packing                                  ; Timing optimization        ; Q         ;                ; niosii:inst13|niosii_nios2_gen2_0:nios2_gen2_0|niosii_nios2_gen2_0_cpu:cpu|niosii_nios2_gen2_0_cpu_mult_cell:the_niosii_nios2_gen2_0_cpu_mult_cell|altera_mult_add:the_altmult_add_p2|altera_mult_add_37p2:auto_generated|altera_mult_add_rtl:altera_mult_add_rtl1|ama_multiplier_function:multiplier_block|ama_register_function:multiplier_register_block_0|data_out_wire[0] ; RESULTA          ;                       ;
; niosii:inst13|niosii_nios2_gen2_0:nios2_gen2_0|niosii_nios2_gen2_0_cpu:cpu|niosii_nios2_gen2_0_cpu_mult_cell:the_niosii_nios2_gen2_0_cpu_mult_cell|altera_mult_add:the_altmult_add_p3|altera_mult_add_37p2:auto_generated|altera_mult_add_rtl:altera_mult_add_rtl1|ama_multiplier_function:multiplier_block|ama_register_function:multiplier_register_block_0|data_out_wire[0]  ; Packed Register ; Register Packing                                  ; Timing optimization        ; Q         ;                ; niosii:inst13|niosii_nios2_gen2_0:nios2_gen2_0|niosii_nios2_gen2_0_cpu:cpu|niosii_nios2_gen2_0_cpu_mult_cell:the_niosii_nios2_gen2_0_cpu_mult_cell|altera_mult_add:the_altmult_add_p3|altera_mult_add_37p2:auto_generated|altera_mult_add_rtl:altera_mult_add_rtl1|ama_multiplier_function:multiplier_block|data_out_wire_0[0]                                                 ; RESULTA          ;                       ;
; niosii:inst13|niosii_nios2_gen2_0:nios2_gen2_0|niosii_nios2_gen2_0_cpu:cpu|niosii_nios2_gen2_0_cpu_mult_cell:the_niosii_nios2_gen2_0_cpu_mult_cell|altera_mult_add:the_altmult_add_p3|altera_mult_add_37p2:auto_generated|altera_mult_add_rtl:altera_mult_add_rtl1|ama_multiplier_function:multiplier_block|ama_register_function:multiplier_register_block_0|data_out_wire[1]  ; Packed Register ; Register Packing                                  ; Timing optimization        ; Q         ;                ; niosii:inst13|niosii_nios2_gen2_0:nios2_gen2_0|niosii_nios2_gen2_0_cpu:cpu|niosii_nios2_gen2_0_cpu_mult_cell:the_niosii_nios2_gen2_0_cpu_mult_cell|altera_mult_add:the_altmult_add_p3|altera_mult_add_37p2:auto_generated|altera_mult_add_rtl:altera_mult_add_rtl1|ama_multiplier_function:multiplier_block|ama_register_function:multiplier_register_block_0|data_out_wire[0] ; RESULTA          ;                       ;
; niosii:inst13|niosii_nios2_gen2_0:nios2_gen2_0|niosii_nios2_gen2_0_cpu:cpu|niosii_nios2_gen2_0_cpu_mult_cell:the_niosii_nios2_gen2_0_cpu_mult_cell|altera_mult_add:the_altmult_add_p3|altera_mult_add_37p2:auto_generated|altera_mult_add_rtl:altera_mult_add_rtl1|ama_multiplier_function:multiplier_block|ama_register_function:multiplier_register_block_0|data_out_wire[2]  ; Packed Register ; Register Packing                                  ; Timing optimization        ; Q         ;                ; niosii:inst13|niosii_nios2_gen2_0:nios2_gen2_0|niosii_nios2_gen2_0_cpu:cpu|niosii_nios2_gen2_0_cpu_mult_cell:the_niosii_nios2_gen2_0_cpu_mult_cell|altera_mult_add:the_altmult_add_p3|altera_mult_add_37p2:auto_generated|altera_mult_add_rtl:altera_mult_add_rtl1|ama_multiplier_function:multiplier_block|ama_register_function:multiplier_register_block_0|data_out_wire[0] ; RESULTA          ;                       ;
; niosii:inst13|niosii_nios2_gen2_0:nios2_gen2_0|niosii_nios2_gen2_0_cpu:cpu|niosii_nios2_gen2_0_cpu_mult_cell:the_niosii_nios2_gen2_0_cpu_mult_cell|altera_mult_add:the_altmult_add_p3|altera_mult_add_37p2:auto_generated|altera_mult_add_rtl:altera_mult_add_rtl1|ama_multiplier_function:multiplier_block|ama_register_function:multiplier_register_block_0|data_out_wire[3]  ; Packed Register ; Register Packing                                  ; Timing optimization        ; Q         ;                ; niosii:inst13|niosii_nios2_gen2_0:nios2_gen2_0|niosii_nios2_gen2_0_cpu:cpu|niosii_nios2_gen2_0_cpu_mult_cell:the_niosii_nios2_gen2_0_cpu_mult_cell|altera_mult_add:the_altmult_add_p3|altera_mult_add_37p2:auto_generated|altera_mult_add_rtl:altera_mult_add_rtl1|ama_multiplier_function:multiplier_block|ama_register_function:multiplier_register_block_0|data_out_wire[0] ; RESULTA          ;                       ;
; niosii:inst13|niosii_nios2_gen2_0:nios2_gen2_0|niosii_nios2_gen2_0_cpu:cpu|niosii_nios2_gen2_0_cpu_mult_cell:the_niosii_nios2_gen2_0_cpu_mult_cell|altera_mult_add:the_altmult_add_p3|altera_mult_add_37p2:auto_generated|altera_mult_add_rtl:altera_mult_add_rtl1|ama_multiplier_function:multiplier_block|ama_register_function:multiplier_register_block_0|data_out_wire[4]  ; Packed Register ; Register Packing                                  ; Timing optimization        ; Q         ;                ; niosii:inst13|niosii_nios2_gen2_0:nios2_gen2_0|niosii_nios2_gen2_0_cpu:cpu|niosii_nios2_gen2_0_cpu_mult_cell:the_niosii_nios2_gen2_0_cpu_mult_cell|altera_mult_add:the_altmult_add_p3|altera_mult_add_37p2:auto_generated|altera_mult_add_rtl:altera_mult_add_rtl1|ama_multiplier_function:multiplier_block|ama_register_function:multiplier_register_block_0|data_out_wire[0] ; RESULTA          ;                       ;
; niosii:inst13|niosii_nios2_gen2_0:nios2_gen2_0|niosii_nios2_gen2_0_cpu:cpu|niosii_nios2_gen2_0_cpu_mult_cell:the_niosii_nios2_gen2_0_cpu_mult_cell|altera_mult_add:the_altmult_add_p3|altera_mult_add_37p2:auto_generated|altera_mult_add_rtl:altera_mult_add_rtl1|ama_multiplier_function:multiplier_block|ama_register_function:multiplier_register_block_0|data_out_wire[5]  ; Packed Register ; Register Packing                                  ; Timing optimization        ; Q         ;                ; niosii:inst13|niosii_nios2_gen2_0:nios2_gen2_0|niosii_nios2_gen2_0_cpu:cpu|niosii_nios2_gen2_0_cpu_mult_cell:the_niosii_nios2_gen2_0_cpu_mult_cell|altera_mult_add:the_altmult_add_p3|altera_mult_add_37p2:auto_generated|altera_mult_add_rtl:altera_mult_add_rtl1|ama_multiplier_function:multiplier_block|ama_register_function:multiplier_register_block_0|data_out_wire[0] ; RESULTA          ;                       ;
; niosii:inst13|niosii_nios2_gen2_0:nios2_gen2_0|niosii_nios2_gen2_0_cpu:cpu|niosii_nios2_gen2_0_cpu_mult_cell:the_niosii_nios2_gen2_0_cpu_mult_cell|altera_mult_add:the_altmult_add_p3|altera_mult_add_37p2:auto_generated|altera_mult_add_rtl:altera_mult_add_rtl1|ama_multiplier_function:multiplier_block|ama_register_function:multiplier_register_block_0|data_out_wire[6]  ; Packed Register ; Register Packing                                  ; Timing optimization        ; Q         ;                ; niosii:inst13|niosii_nios2_gen2_0:nios2_gen2_0|niosii_nios2_gen2_0_cpu:cpu|niosii_nios2_gen2_0_cpu_mult_cell:the_niosii_nios2_gen2_0_cpu_mult_cell|altera_mult_add:the_altmult_add_p3|altera_mult_add_37p2:auto_generated|altera_mult_add_rtl:altera_mult_add_rtl1|ama_multiplier_function:multiplier_block|ama_register_function:multiplier_register_block_0|data_out_wire[0] ; RESULTA          ;                       ;
; niosii:inst13|niosii_nios2_gen2_0:nios2_gen2_0|niosii_nios2_gen2_0_cpu:cpu|niosii_nios2_gen2_0_cpu_mult_cell:the_niosii_nios2_gen2_0_cpu_mult_cell|altera_mult_add:the_altmult_add_p3|altera_mult_add_37p2:auto_generated|altera_mult_add_rtl:altera_mult_add_rtl1|ama_multiplier_function:multiplier_block|ama_register_function:multiplier_register_block_0|data_out_wire[7]  ; Packed Register ; Register Packing                                  ; Timing optimization        ; Q         ;                ; niosii:inst13|niosii_nios2_gen2_0:nios2_gen2_0|niosii_nios2_gen2_0_cpu:cpu|niosii_nios2_gen2_0_cpu_mult_cell:the_niosii_nios2_gen2_0_cpu_mult_cell|altera_mult_add:the_altmult_add_p3|altera_mult_add_37p2:auto_generated|altera_mult_add_rtl:altera_mult_add_rtl1|ama_multiplier_function:multiplier_block|ama_register_function:multiplier_register_block_0|data_out_wire[0] ; RESULTA          ;                       ;
; niosii:inst13|niosii_nios2_gen2_0:nios2_gen2_0|niosii_nios2_gen2_0_cpu:cpu|niosii_nios2_gen2_0_cpu_mult_cell:the_niosii_nios2_gen2_0_cpu_mult_cell|altera_mult_add:the_altmult_add_p3|altera_mult_add_37p2:auto_generated|altera_mult_add_rtl:altera_mult_add_rtl1|ama_multiplier_function:multiplier_block|ama_register_function:multiplier_register_block_0|data_out_wire[8]  ; Packed Register ; Register Packing                                  ; Timing optimization        ; Q         ;                ; niosii:inst13|niosii_nios2_gen2_0:nios2_gen2_0|niosii_nios2_gen2_0_cpu:cpu|niosii_nios2_gen2_0_cpu_mult_cell:the_niosii_nios2_gen2_0_cpu_mult_cell|altera_mult_add:the_altmult_add_p3|altera_mult_add_37p2:auto_generated|altera_mult_add_rtl:altera_mult_add_rtl1|ama_multiplier_function:multiplier_block|ama_register_function:multiplier_register_block_0|data_out_wire[0] ; RESULTA          ;                       ;
; niosii:inst13|niosii_nios2_gen2_0:nios2_gen2_0|niosii_nios2_gen2_0_cpu:cpu|niosii_nios2_gen2_0_cpu_mult_cell:the_niosii_nios2_gen2_0_cpu_mult_cell|altera_mult_add:the_altmult_add_p3|altera_mult_add_37p2:auto_generated|altera_mult_add_rtl:altera_mult_add_rtl1|ama_multiplier_function:multiplier_block|ama_register_function:multiplier_register_block_0|data_out_wire[9]  ; Packed Register ; Register Packing                                  ; Timing optimization        ; Q         ;                ; niosii:inst13|niosii_nios2_gen2_0:nios2_gen2_0|niosii_nios2_gen2_0_cpu:cpu|niosii_nios2_gen2_0_cpu_mult_cell:the_niosii_nios2_gen2_0_cpu_mult_cell|altera_mult_add:the_altmult_add_p3|altera_mult_add_37p2:auto_generated|altera_mult_add_rtl:altera_mult_add_rtl1|ama_multiplier_function:multiplier_block|ama_register_function:multiplier_register_block_0|data_out_wire[0] ; RESULTA          ;                       ;
; niosii:inst13|niosii_nios2_gen2_0:nios2_gen2_0|niosii_nios2_gen2_0_cpu:cpu|niosii_nios2_gen2_0_cpu_mult_cell:the_niosii_nios2_gen2_0_cpu_mult_cell|altera_mult_add:the_altmult_add_p3|altera_mult_add_37p2:auto_generated|altera_mult_add_rtl:altera_mult_add_rtl1|ama_multiplier_function:multiplier_block|ama_register_function:multiplier_register_block_0|data_out_wire[10] ; Packed Register ; Register Packing                                  ; Timing optimization        ; Q         ;                ; niosii:inst13|niosii_nios2_gen2_0:nios2_gen2_0|niosii_nios2_gen2_0_cpu:cpu|niosii_nios2_gen2_0_cpu_mult_cell:the_niosii_nios2_gen2_0_cpu_mult_cell|altera_mult_add:the_altmult_add_p3|altera_mult_add_37p2:auto_generated|altera_mult_add_rtl:altera_mult_add_rtl1|ama_multiplier_function:multiplier_block|ama_register_function:multiplier_register_block_0|data_out_wire[0] ; RESULTA          ;                       ;
; niosii:inst13|niosii_nios2_gen2_0:nios2_gen2_0|niosii_nios2_gen2_0_cpu:cpu|niosii_nios2_gen2_0_cpu_mult_cell:the_niosii_nios2_gen2_0_cpu_mult_cell|altera_mult_add:the_altmult_add_p3|altera_mult_add_37p2:auto_generated|altera_mult_add_rtl:altera_mult_add_rtl1|ama_multiplier_function:multiplier_block|ama_register_function:multiplier_register_block_0|data_out_wire[11] ; Packed Register ; Register Packing                                  ; Timing optimization        ; Q         ;                ; niosii:inst13|niosii_nios2_gen2_0:nios2_gen2_0|niosii_nios2_gen2_0_cpu:cpu|niosii_nios2_gen2_0_cpu_mult_cell:the_niosii_nios2_gen2_0_cpu_mult_cell|altera_mult_add:the_altmult_add_p3|altera_mult_add_37p2:auto_generated|altera_mult_add_rtl:altera_mult_add_rtl1|ama_multiplier_function:multiplier_block|ama_register_function:multiplier_register_block_0|data_out_wire[0] ; RESULTA          ;                       ;
; niosii:inst13|niosii_nios2_gen2_0:nios2_gen2_0|niosii_nios2_gen2_0_cpu:cpu|niosii_nios2_gen2_0_cpu_mult_cell:the_niosii_nios2_gen2_0_cpu_mult_cell|altera_mult_add:the_altmult_add_p3|altera_mult_add_37p2:auto_generated|altera_mult_add_rtl:altera_mult_add_rtl1|ama_multiplier_function:multiplier_block|ama_register_function:multiplier_register_block_0|data_out_wire[12] ; Packed Register ; Register Packing                                  ; Timing optimization        ; Q         ;                ; niosii:inst13|niosii_nios2_gen2_0:nios2_gen2_0|niosii_nios2_gen2_0_cpu:cpu|niosii_nios2_gen2_0_cpu_mult_cell:the_niosii_nios2_gen2_0_cpu_mult_cell|altera_mult_add:the_altmult_add_p3|altera_mult_add_37p2:auto_generated|altera_mult_add_rtl:altera_mult_add_rtl1|ama_multiplier_function:multiplier_block|ama_register_function:multiplier_register_block_0|data_out_wire[0] ; RESULTA          ;                       ;
; niosii:inst13|niosii_nios2_gen2_0:nios2_gen2_0|niosii_nios2_gen2_0_cpu:cpu|niosii_nios2_gen2_0_cpu_mult_cell:the_niosii_nios2_gen2_0_cpu_mult_cell|altera_mult_add:the_altmult_add_p3|altera_mult_add_37p2:auto_generated|altera_mult_add_rtl:altera_mult_add_rtl1|ama_multiplier_function:multiplier_block|ama_register_function:multiplier_register_block_0|data_out_wire[13] ; Packed Register ; Register Packing                                  ; Timing optimization        ; Q         ;                ; niosii:inst13|niosii_nios2_gen2_0:nios2_gen2_0|niosii_nios2_gen2_0_cpu:cpu|niosii_nios2_gen2_0_cpu_mult_cell:the_niosii_nios2_gen2_0_cpu_mult_cell|altera_mult_add:the_altmult_add_p3|altera_mult_add_37p2:auto_generated|altera_mult_add_rtl:altera_mult_add_rtl1|ama_multiplier_function:multiplier_block|ama_register_function:multiplier_register_block_0|data_out_wire[0] ; RESULTA          ;                       ;
; niosii:inst13|niosii_nios2_gen2_0:nios2_gen2_0|niosii_nios2_gen2_0_cpu:cpu|niosii_nios2_gen2_0_cpu_mult_cell:the_niosii_nios2_gen2_0_cpu_mult_cell|altera_mult_add:the_altmult_add_p3|altera_mult_add_37p2:auto_generated|altera_mult_add_rtl:altera_mult_add_rtl1|ama_multiplier_function:multiplier_block|ama_register_function:multiplier_register_block_0|data_out_wire[14] ; Packed Register ; Register Packing                                  ; Timing optimization        ; Q         ;                ; niosii:inst13|niosii_nios2_gen2_0:nios2_gen2_0|niosii_nios2_gen2_0_cpu:cpu|niosii_nios2_gen2_0_cpu_mult_cell:the_niosii_nios2_gen2_0_cpu_mult_cell|altera_mult_add:the_altmult_add_p3|altera_mult_add_37p2:auto_generated|altera_mult_add_rtl:altera_mult_add_rtl1|ama_multiplier_function:multiplier_block|ama_register_function:multiplier_register_block_0|data_out_wire[0] ; RESULTA          ;                       ;
; niosii:inst13|niosii_nios2_gen2_0:nios2_gen2_0|niosii_nios2_gen2_0_cpu:cpu|niosii_nios2_gen2_0_cpu_mult_cell:the_niosii_nios2_gen2_0_cpu_mult_cell|altera_mult_add:the_altmult_add_p3|altera_mult_add_37p2:auto_generated|altera_mult_add_rtl:altera_mult_add_rtl1|ama_multiplier_function:multiplier_block|ama_register_function:multiplier_register_block_0|data_out_wire[15] ; Packed Register ; Register Packing                                  ; Timing optimization        ; Q         ;                ; niosii:inst13|niosii_nios2_gen2_0:nios2_gen2_0|niosii_nios2_gen2_0_cpu:cpu|niosii_nios2_gen2_0_cpu_mult_cell:the_niosii_nios2_gen2_0_cpu_mult_cell|altera_mult_add:the_altmult_add_p3|altera_mult_add_37p2:auto_generated|altera_mult_add_rtl:altera_mult_add_rtl1|ama_multiplier_function:multiplier_block|ama_register_function:multiplier_register_block_0|data_out_wire[0] ; RESULTA          ;                       ;
; niosii:inst13|colorimetrie:colorimetrie_0|nb_value_b[11]                                                                                                                                                                                                                                                                                                                        ; Duplicated      ; Router Logic Cell Insertion and Logic Duplication ; Routability optimization   ;           ;                ; niosii:inst13|colorimetrie:colorimetrie_0|nb_value_b[11]~DUPLICATE                                                                                                                                                                                                                                                                                                             ;                  ;                       ;
; niosii:inst13|colorimetrie:colorimetrie_0|nb_value_b[12]                                                                                                                                                                                                                                                                                                                        ; Duplicated      ; Router Logic Cell Insertion and Logic Duplication ; Routability optimization   ;           ;                ; niosii:inst13|colorimetrie:colorimetrie_0|nb_value_b[12]~DUPLICATE                                                                                                                                                                                                                                                                                                             ;                  ;                       ;
; niosii:inst13|colorimetrie:colorimetrie_0|nb_value_b[13]                                                                                                                                                                                                                                                                                                                        ; Duplicated      ; Router Logic Cell Insertion and Logic Duplication ; Routability optimization   ;           ;                ; niosii:inst13|colorimetrie:colorimetrie_0|nb_value_b[13]~DUPLICATE                                                                                                                                                                                                                                                                                                             ;                  ;                       ;
; niosii:inst13|colorimetrie:colorimetrie_0|nb_value_b[15]                                                                                                                                                                                                                                                                                                                        ; Duplicated      ; Router Logic Cell Insertion and Logic Duplication ; Routability optimization   ;           ;                ; niosii:inst13|colorimetrie:colorimetrie_0|nb_value_b[15]~DUPLICATE                                                                                                                                                                                                                                                                                                             ;                  ;                       ;
; niosii:inst13|colorimetrie:colorimetrie_0|readdata[0]                                                                                                                                                                                                                                                                                                                           ; Duplicated      ; Router Logic Cell Insertion and Logic Duplication ; Routability optimization   ;           ;                ; niosii:inst13|colorimetrie:colorimetrie_0|readdata[0]~DUPLICATE                                                                                                                                                                                                                                                                                                                ;                  ;                       ;
; niosii:inst13|colorimetrie:colorimetrie_0|sum_b[2]                                                                                                                                                                                                                                                                                                                              ; Duplicated      ; Router Logic Cell Insertion and Logic Duplication ; Routability optimization   ;           ;                ; niosii:inst13|colorimetrie:colorimetrie_0|sum_b[2]~DUPLICATE                                                                                                                                                                                                                                                                                                                   ;                  ;                       ;
; niosii:inst13|colorimetrie:colorimetrie_0|sum_b[7]                                                                                                                                                                                                                                                                                                                              ; Duplicated      ; Router Logic Cell Insertion and Logic Duplication ; Routability optimization   ;           ;                ; niosii:inst13|colorimetrie:colorimetrie_0|sum_b[7]~DUPLICATE                                                                                                                                                                                                                                                                                                                   ;                  ;                       ;
; niosii:inst13|niosii_jtag_uart_0:jtag_uart_0|alt_jtag_atlantic:niosii_jtag_uart_0_alt_jtag_atlantic|read                                                                                                                                                                                                                                                                        ; Duplicated      ; Router Logic Cell Insertion and Logic Duplication ; Routability optimization   ;           ;                ; niosii:inst13|niosii_jtag_uart_0:jtag_uart_0|alt_jtag_atlantic:niosii_jtag_uart_0_alt_jtag_atlantic|read~DUPLICATE                                                                                                                                                                                                                                                             ;                  ;                       ;
; niosii:inst13|niosii_jtag_uart_0:jtag_uart_0|alt_jtag_atlantic:niosii_jtag_uart_0_alt_jtag_atlantic|rst2                                                                                                                                                                                                                                                                        ; Duplicated      ; Router Logic Cell Insertion and Logic Duplication ; Routability optimization   ;           ;                ; niosii:inst13|niosii_jtag_uart_0:jtag_uart_0|alt_jtag_atlantic:niosii_jtag_uart_0_alt_jtag_atlantic|rst2~DUPLICATE                                                                                                                                                                                                                                                             ;                  ;                       ;
; niosii:inst13|niosii_jtag_uart_0:jtag_uart_0|alt_jtag_atlantic:niosii_jtag_uart_0_alt_jtag_atlantic|write                                                                                                                                                                                                                                                                       ; Duplicated      ; Router Logic Cell Insertion and Logic Duplication ; Routability optimization   ;           ;                ; niosii:inst13|niosii_jtag_uart_0:jtag_uart_0|alt_jtag_atlantic:niosii_jtag_uart_0_alt_jtag_atlantic|write~DUPLICATE                                                                                                                                                                                                                                                            ;                  ;                       ;
; niosii:inst13|niosii_jtag_uart_0:jtag_uart_0|av_waitrequest                                                                                                                                                                                                                                                                                                                     ; Duplicated      ; Router Logic Cell Insertion and Logic Duplication ; Routability optimization   ;           ;                ; niosii:inst13|niosii_jtag_uart_0:jtag_uart_0|av_waitrequest~DUPLICATE                                                                                                                                                                                                                                                                                                          ;                  ;                       ;
; niosii:inst13|niosii_jtag_uart_0:jtag_uart_0|niosii_jtag_uart_0_scfifo_r:the_niosii_jtag_uart_0_scfifo_r|scfifo:rfifo|scfifo_3291:auto_generated|a_dpfifo_a891:dpfifo|a_fefifo_7cf:fifo_state|b_full                                                                                                                                                                            ; Duplicated      ; Router Logic Cell Insertion and Logic Duplication ; Routability optimization   ;           ;                ; niosii:inst13|niosii_jtag_uart_0:jtag_uart_0|niosii_jtag_uart_0_scfifo_r:the_niosii_jtag_uart_0_scfifo_r|scfifo:rfifo|scfifo_3291:auto_generated|a_dpfifo_a891:dpfifo|a_fefifo_7cf:fifo_state|b_full~DUPLICATE                                                                                                                                                                 ;                  ;                       ;
; niosii:inst13|niosii_jtag_uart_0:jtag_uart_0|niosii_jtag_uart_0_scfifo_r:the_niosii_jtag_uart_0_scfifo_r|scfifo:rfifo|scfifo_3291:auto_generated|a_dpfifo_a891:dpfifo|a_fefifo_7cf:fifo_state|cntr_vg7:count_usedw|counter_reg_bit[2]                                                                                                                                           ; Duplicated      ; Router Logic Cell Insertion and Logic Duplication ; Routability optimization   ;           ;                ; niosii:inst13|niosii_jtag_uart_0:jtag_uart_0|niosii_jtag_uart_0_scfifo_r:the_niosii_jtag_uart_0_scfifo_r|scfifo:rfifo|scfifo_3291:auto_generated|a_dpfifo_a891:dpfifo|a_fefifo_7cf:fifo_state|cntr_vg7:count_usedw|counter_reg_bit[2]~DUPLICATE                                                                                                                                ;                  ;                       ;
; niosii:inst13|niosii_jtag_uart_0:jtag_uart_0|niosii_jtag_uart_0_scfifo_w:the_niosii_jtag_uart_0_scfifo_w|scfifo:wfifo|scfifo_3291:auto_generated|a_dpfifo_a891:dpfifo|a_fefifo_7cf:fifo_state|b_non_empty                                                                                                                                                                       ; Duplicated      ; Router Logic Cell Insertion and Logic Duplication ; Routability optimization   ;           ;                ; niosii:inst13|niosii_jtag_uart_0:jtag_uart_0|niosii_jtag_uart_0_scfifo_w:the_niosii_jtag_uart_0_scfifo_w|scfifo:wfifo|scfifo_3291:auto_generated|a_dpfifo_a891:dpfifo|a_fefifo_7cf:fifo_state|b_non_empty~DUPLICATE                                                                                                                                                            ;                  ;                       ;
; niosii:inst13|niosii_jtag_uart_0:jtag_uart_0|niosii_jtag_uart_0_scfifo_w:the_niosii_jtag_uart_0_scfifo_w|scfifo:wfifo|scfifo_3291:auto_generated|a_dpfifo_a891:dpfifo|a_fefifo_7cf:fifo_state|cntr_vg7:count_usedw|counter_reg_bit[3]                                                                                                                                           ; Duplicated      ; Router Logic Cell Insertion and Logic Duplication ; Routability optimization   ;           ;                ; niosii:inst13|niosii_jtag_uart_0:jtag_uart_0|niosii_jtag_uart_0_scfifo_w:the_niosii_jtag_uart_0_scfifo_w|scfifo:wfifo|scfifo_3291:auto_generated|a_dpfifo_a891:dpfifo|a_fefifo_7cf:fifo_state|cntr_vg7:count_usedw|counter_reg_bit[3]~DUPLICATE                                                                                                                                ;                  ;                       ;
; niosii:inst13|niosii_jtag_uart_0:jtag_uart_0|niosii_jtag_uart_0_scfifo_w:the_niosii_jtag_uart_0_scfifo_w|scfifo:wfifo|scfifo_3291:auto_generated|a_dpfifo_a891:dpfifo|a_fefifo_7cf:fifo_state|cntr_vg7:count_usedw|counter_reg_bit[4]                                                                                                                                           ; Duplicated      ; Router Logic Cell Insertion and Logic Duplication ; Routability optimization   ;           ;                ; niosii:inst13|niosii_jtag_uart_0:jtag_uart_0|niosii_jtag_uart_0_scfifo_w:the_niosii_jtag_uart_0_scfifo_w|scfifo:wfifo|scfifo_3291:auto_generated|a_dpfifo_a891:dpfifo|a_fefifo_7cf:fifo_state|cntr_vg7:count_usedw|counter_reg_bit[4]~DUPLICATE                                                                                                                                ;                  ;                       ;
; niosii:inst13|niosii_jtag_uart_0:jtag_uart_0|t_dav                                                                                                                                                                                                                                                                                                                              ; Duplicated      ; Router Logic Cell Insertion and Logic Duplication ; Routability optimization   ;           ;                ; niosii:inst13|niosii_jtag_uart_0:jtag_uart_0|t_dav~DUPLICATE                                                                                                                                                                                                                                                                                                                   ;                  ;                       ;
; niosii:inst13|niosii_mm_interconnect_0:mm_interconnect_0|altera_avalon_sc_fifo:jtag_uart_0_avalon_jtag_slave_agent_rsp_fifo|mem_used[0]                                                                                                                                                                                                                                         ; Duplicated      ; Router Logic Cell Insertion and Logic Duplication ; Routability optimization   ;           ;                ; niosii:inst13|niosii_mm_interconnect_0:mm_interconnect_0|altera_avalon_sc_fifo:jtag_uart_0_avalon_jtag_slave_agent_rsp_fifo|mem_used[0]~DUPLICATE                                                                                                                                                                                                                              ;                  ;                       ;
; niosii:inst13|niosii_mm_interconnect_0:mm_interconnect_0|altera_avalon_sc_fifo:pio_0_s1_agent_rsp_fifo|mem_used[1]                                                                                                                                                                                                                                                              ; Duplicated      ; Router Logic Cell Insertion and Logic Duplication ; Routability optimization   ;           ;                ; niosii:inst13|niosii_mm_interconnect_0:mm_interconnect_0|altera_avalon_sc_fifo:pio_0_s1_agent_rsp_fifo|mem_used[1]~DUPLICATE                                                                                                                                                                                                                                                   ;                  ;                       ;
; niosii:inst13|niosii_mm_interconnect_0:mm_interconnect_0|altera_merlin_slave_translator:colorimetrie_0_avalon_slave_0_translator|read_latency_shift_reg[0]                                                                                                                                                                                                                      ; Duplicated      ; Router Logic Cell Insertion and Logic Duplication ; Routability optimization   ;           ;                ; niosii:inst13|niosii_mm_interconnect_0:mm_interconnect_0|altera_merlin_slave_translator:colorimetrie_0_avalon_slave_0_translator|read_latency_shift_reg[0]~DUPLICATE                                                                                                                                                                                                           ;                  ;                       ;
; niosii:inst13|niosii_mm_interconnect_0:mm_interconnect_0|altera_merlin_slave_translator:colorimetrie_0_avalon_slave_0_translator|wait_latency_counter[0]                                                                                                                                                                                                                        ; Duplicated      ; Router Logic Cell Insertion and Logic Duplication ; Routability optimization   ;           ;                ; niosii:inst13|niosii_mm_interconnect_0:mm_interconnect_0|altera_merlin_slave_translator:colorimetrie_0_avalon_slave_0_translator|wait_latency_counter[0]~DUPLICATE                                                                                                                                                                                                             ;                  ;                       ;
; niosii:inst13|niosii_mm_interconnect_0:mm_interconnect_0|altera_merlin_slave_translator:colorimetrie_0_avalon_slave_0_translator|waitrequest_reset_override                                                                                                                                                                                                                     ; Duplicated      ; Router Logic Cell Insertion and Logic Duplication ; Routability optimization   ;           ;                ; niosii:inst13|niosii_mm_interconnect_0:mm_interconnect_0|altera_merlin_slave_translator:colorimetrie_0_avalon_slave_0_translator|waitrequest_reset_override~DUPLICATE                                                                                                                                                                                                          ;                  ;                       ;
; niosii:inst13|niosii_mm_interconnect_0:mm_interconnect_0|altera_merlin_slave_translator:jtag_uart_0_avalon_jtag_slave_translator|read_latency_shift_reg[0]                                                                                                                                                                                                                      ; Duplicated      ; Router Logic Cell Insertion and Logic Duplication ; Routability optimization   ;           ;                ; niosii:inst13|niosii_mm_interconnect_0:mm_interconnect_0|altera_merlin_slave_translator:jtag_uart_0_avalon_jtag_slave_translator|read_latency_shift_reg[0]~DUPLICATE                                                                                                                                                                                                           ;                  ;                       ;
; niosii:inst13|niosii_mm_interconnect_0:mm_interconnect_0|altera_merlin_slave_translator:nios2_gen2_0_debug_mem_slave_translator|read_latency_shift_reg[0]                                                                                                                                                                                                                       ; Duplicated      ; Router Logic Cell Insertion and Logic Duplication ; Routability optimization   ;           ;                ; niosii:inst13|niosii_mm_interconnect_0:mm_interconnect_0|altera_merlin_slave_translator:nios2_gen2_0_debug_mem_slave_translator|read_latency_shift_reg[0]~DUPLICATE                                                                                                                                                                                                            ;                  ;                       ;
; niosii:inst13|niosii_mm_interconnect_0:mm_interconnect_0|altera_merlin_slave_translator:pio_0_s1_translator|read_latency_shift_reg[0]                                                                                                                                                                                                                                           ; Duplicated      ; Router Logic Cell Insertion and Logic Duplication ; Routability optimization   ;           ;                ; niosii:inst13|niosii_mm_interconnect_0:mm_interconnect_0|altera_merlin_slave_translator:pio_0_s1_translator|read_latency_shift_reg[0]~DUPLICATE                                                                                                                                                                                                                                ;                  ;                       ;
; niosii:inst13|niosii_mm_interconnect_0:mm_interconnect_0|altera_merlin_slave_translator:timer_0_s1_translator|wait_latency_counter[0]                                                                                                                                                                                                                                           ; Duplicated      ; Router Logic Cell Insertion and Logic Duplication ; Routability optimization   ;           ;                ; niosii:inst13|niosii_mm_interconnect_0:mm_interconnect_0|altera_merlin_slave_translator:timer_0_s1_translator|wait_latency_counter[0]~DUPLICATE                                                                                                                                                                                                                                ;                  ;                       ;
; niosii:inst13|niosii_nios2_gen2_0:nios2_gen2_0|d_writedata[30]                                                                                                                                                                                                                                                                                                                  ; Duplicated      ; Router Logic Cell Insertion and Logic Duplication ; Routability optimization   ;           ;                ; niosii:inst13|niosii_nios2_gen2_0:nios2_gen2_0|d_writedata[30]~DUPLICATE                                                                                                                                                                                                                                                                                                       ;                  ;                       ;
; niosii:inst13|niosii_nios2_gen2_0:nios2_gen2_0|niosii_nios2_gen2_0_cpu:cpu|A_ctrl_mul_lsw                                                                                                                                                                                                                                                                                       ; Duplicated      ; Router Logic Cell Insertion and Logic Duplication ; Routability optimization   ;           ;                ; niosii:inst13|niosii_nios2_gen2_0:nios2_gen2_0|niosii_nios2_gen2_0_cpu:cpu|A_ctrl_mul_lsw~DUPLICATE                                                                                                                                                                                                                                                                            ;                  ;                       ;
; niosii:inst13|niosii_nios2_gen2_0:nios2_gen2_0|niosii_nios2_gen2_0_cpu:cpu|A_dc_fill_dp_offset[1]                                                                                                                                                                                                                                                                               ; Duplicated      ; Router Logic Cell Insertion and Logic Duplication ; Routability optimization   ;           ;                ; niosii:inst13|niosii_nios2_gen2_0:nios2_gen2_0|niosii_nios2_gen2_0_cpu:cpu|A_dc_fill_dp_offset[1]~DUPLICATE                                                                                                                                                                                                                                                                    ;                  ;                       ;
; niosii:inst13|niosii_nios2_gen2_0:nios2_gen2_0|niosii_nios2_gen2_0_cpu:cpu|A_dc_fill_has_started                                                                                                                                                                                                                                                                                ; Duplicated      ; Router Logic Cell Insertion and Logic Duplication ; Routability optimization   ;           ;                ; niosii:inst13|niosii_nios2_gen2_0:nios2_gen2_0|niosii_nios2_gen2_0_cpu:cpu|A_dc_fill_has_started~DUPLICATE                                                                                                                                                                                                                                                                     ;                  ;                       ;
; niosii:inst13|niosii_nios2_gen2_0:nios2_gen2_0|niosii_nios2_gen2_0_cpu:cpu|A_dc_wb_rd_data_first                                                                                                                                                                                                                                                                                ; Duplicated      ; Router Logic Cell Insertion and Logic Duplication ; Routability optimization   ;           ;                ; niosii:inst13|niosii_nios2_gen2_0:nios2_gen2_0|niosii_nios2_gen2_0_cpu:cpu|A_dc_wb_rd_data_first~DUPLICATE                                                                                                                                                                                                                                                                     ;                  ;                       ;
; niosii:inst13|niosii_nios2_gen2_0:nios2_gen2_0|niosii_nios2_gen2_0_cpu:cpu|A_dc_xfer_wr_offset[1]                                                                                                                                                                                                                                                                               ; Duplicated      ; Router Logic Cell Insertion and Logic Duplication ; Routability optimization   ;           ;                ; niosii:inst13|niosii_nios2_gen2_0:nios2_gen2_0|niosii_nios2_gen2_0_cpu:cpu|A_dc_xfer_wr_offset[1]~DUPLICATE                                                                                                                                                                                                                                                                    ;                  ;                       ;
; niosii:inst13|niosii_nios2_gen2_0:nios2_gen2_0|niosii_nios2_gen2_0_cpu:cpu|A_inst_result[5]                                                                                                                                                                                                                                                                                     ; Duplicated      ; Router Logic Cell Insertion and Logic Duplication ; Routability optimization   ;           ;                ; niosii:inst13|niosii_nios2_gen2_0:nios2_gen2_0|niosii_nios2_gen2_0_cpu:cpu|A_inst_result[5]~DUPLICATE                                                                                                                                                                                                                                                                          ;                  ;                       ;
; niosii:inst13|niosii_nios2_gen2_0:nios2_gen2_0|niosii_nios2_gen2_0_cpu:cpu|A_inst_result[20]                                                                                                                                                                                                                                                                                    ; Duplicated      ; Router Logic Cell Insertion and Logic Duplication ; Routability optimization   ;           ;                ; niosii:inst13|niosii_nios2_gen2_0:nios2_gen2_0|niosii_nios2_gen2_0_cpu:cpu|A_inst_result[20]~DUPLICATE                                                                                                                                                                                                                                                                         ;                  ;                       ;
; niosii:inst13|niosii_nios2_gen2_0:nios2_gen2_0|niosii_nios2_gen2_0_cpu:cpu|A_inst_result[23]                                                                                                                                                                                                                                                                                    ; Duplicated      ; Router Logic Cell Insertion and Logic Duplication ; Routability optimization   ;           ;                ; niosii:inst13|niosii_nios2_gen2_0:nios2_gen2_0|niosii_nios2_gen2_0_cpu:cpu|A_inst_result[23]~DUPLICATE                                                                                                                                                                                                                                                                         ;                  ;                       ;
; niosii:inst13|niosii_nios2_gen2_0:nios2_gen2_0|niosii_nios2_gen2_0_cpu:cpu|A_inst_result[25]                                                                                                                                                                                                                                                                                    ; Duplicated      ; Router Logic Cell Insertion and Logic Duplication ; Routability optimization   ;           ;                ; niosii:inst13|niosii_nios2_gen2_0:nios2_gen2_0|niosii_nios2_gen2_0_cpu:cpu|A_inst_result[25]~DUPLICATE                                                                                                                                                                                                                                                                         ;                  ;                       ;
; niosii:inst13|niosii_nios2_gen2_0:nios2_gen2_0|niosii_nios2_gen2_0_cpu:cpu|A_mem_baddr[6]                                                                                                                                                                                                                                                                                       ; Duplicated      ; Router Logic Cell Insertion and Logic Duplication ; Routability optimization   ;           ;                ; niosii:inst13|niosii_nios2_gen2_0:nios2_gen2_0|niosii_nios2_gen2_0_cpu:cpu|A_mem_baddr[6]~DUPLICATE                                                                                                                                                                                                                                                                            ;                  ;                       ;
; niosii:inst13|niosii_nios2_gen2_0:nios2_gen2_0|niosii_nios2_gen2_0_cpu:cpu|A_mem_baddr[17]                                                                                                                                                                                                                                                                                      ; Duplicated      ; Router Logic Cell Insertion and Logic Duplication ; Routability optimization   ;           ;                ; niosii:inst13|niosii_nios2_gen2_0:nios2_gen2_0|niosii_nios2_gen2_0_cpu:cpu|A_mem_baddr[17]~DUPLICATE                                                                                                                                                                                                                                                                           ;                  ;                       ;
; niosii:inst13|niosii_nios2_gen2_0:nios2_gen2_0|niosii_nios2_gen2_0_cpu:cpu|A_mem_byte_en[3]                                                                                                                                                                                                                                                                                     ; Duplicated      ; Router Logic Cell Insertion and Logic Duplication ; Routability optimization   ;           ;                ; niosii:inst13|niosii_nios2_gen2_0:nios2_gen2_0|niosii_nios2_gen2_0_cpu:cpu|A_mem_byte_en[3]~DUPLICATE                                                                                                                                                                                                                                                                          ;                  ;                       ;
; niosii:inst13|niosii_nios2_gen2_0:nios2_gen2_0|niosii_nios2_gen2_0_cpu:cpu|A_regnum_a_cmp_D                                                                                                                                                                                                                                                                                     ; Duplicated      ; Router Logic Cell Insertion and Logic Duplication ; Routability optimization   ;           ;                ; niosii:inst13|niosii_nios2_gen2_0:nios2_gen2_0|niosii_nios2_gen2_0_cpu:cpu|A_regnum_a_cmp_D~DUPLICATE                                                                                                                                                                                                                                                                          ;                  ;                       ;
; niosii:inst13|niosii_nios2_gen2_0:nios2_gen2_0|niosii_nios2_gen2_0_cpu:cpu|A_valid_from_M                                                                                                                                                                                                                                                                                       ; Duplicated      ; Router Logic Cell Insertion and Logic Duplication ; Routability optimization   ;           ;                ; niosii:inst13|niosii_nios2_gen2_0:nios2_gen2_0|niosii_nios2_gen2_0_cpu:cpu|A_valid_from_M~DUPLICATE                                                                                                                                                                                                                                                                            ;                  ;                       ;
; niosii:inst13|niosii_nios2_gen2_0:nios2_gen2_0|niosii_nios2_gen2_0_cpu:cpu|D_iw[11]                                                                                                                                                                                                                                                                                             ; Duplicated      ; Router Logic Cell Insertion and Logic Duplication ; Routability optimization   ;           ;                ; niosii:inst13|niosii_nios2_gen2_0:nios2_gen2_0|niosii_nios2_gen2_0_cpu:cpu|D_iw[11]~DUPLICATE                                                                                                                                                                                                                                                                                  ;                  ;                       ;
; niosii:inst13|niosii_nios2_gen2_0:nios2_gen2_0|niosii_nios2_gen2_0_cpu:cpu|D_iw[14]                                                                                                                                                                                                                                                                                             ; Duplicated      ; Router Logic Cell Insertion and Logic Duplication ; Routability optimization   ;           ;                ; niosii:inst13|niosii_nios2_gen2_0:nios2_gen2_0|niosii_nios2_gen2_0_cpu:cpu|D_iw[14]~DUPLICATE                                                                                                                                                                                                                                                                                  ;                  ;                       ;
; niosii:inst13|niosii_nios2_gen2_0:nios2_gen2_0|niosii_nios2_gen2_0_cpu:cpu|D_iw[18]                                                                                                                                                                                                                                                                                             ; Duplicated      ; Router Logic Cell Insertion and Logic Duplication ; Routability optimization   ;           ;                ; niosii:inst13|niosii_nios2_gen2_0:nios2_gen2_0|niosii_nios2_gen2_0_cpu:cpu|D_iw[18]~DUPLICATE                                                                                                                                                                                                                                                                                  ;                  ;                       ;
; niosii:inst13|niosii_nios2_gen2_0:nios2_gen2_0|niosii_nios2_gen2_0_cpu:cpu|D_iw[19]                                                                                                                                                                                                                                                                                             ; Duplicated      ; Router Logic Cell Insertion and Logic Duplication ; Routability optimization   ;           ;                ; niosii:inst13|niosii_nios2_gen2_0:nios2_gen2_0|niosii_nios2_gen2_0_cpu:cpu|D_iw[19]~DUPLICATE                                                                                                                                                                                                                                                                                  ;                  ;                       ;
; niosii:inst13|niosii_nios2_gen2_0:nios2_gen2_0|niosii_nios2_gen2_0_cpu:cpu|D_iw[22]                                                                                                                                                                                                                                                                                             ; Duplicated      ; Router Logic Cell Insertion and Logic Duplication ; Routability optimization   ;           ;                ; niosii:inst13|niosii_nios2_gen2_0:nios2_gen2_0|niosii_nios2_gen2_0_cpu:cpu|D_iw[22]~DUPLICATE                                                                                                                                                                                                                                                                                  ;                  ;                       ;
; niosii:inst13|niosii_nios2_gen2_0:nios2_gen2_0|niosii_nios2_gen2_0_cpu:cpu|D_pc[2]                                                                                                                                                                                                                                                                                              ; Duplicated      ; Router Logic Cell Insertion and Logic Duplication ; Routability optimization   ;           ;                ; niosii:inst13|niosii_nios2_gen2_0:nios2_gen2_0|niosii_nios2_gen2_0_cpu:cpu|D_pc[2]~DUPLICATE                                                                                                                                                                                                                                                                                   ;                  ;                       ;
; niosii:inst13|niosii_nios2_gen2_0:nios2_gen2_0|niosii_nios2_gen2_0_cpu:cpu|D_pc[4]                                                                                                                                                                                                                                                                                              ; Duplicated      ; Router Logic Cell Insertion and Logic Duplication ; Routability optimization   ;           ;                ; niosii:inst13|niosii_nios2_gen2_0:nios2_gen2_0|niosii_nios2_gen2_0_cpu:cpu|D_pc[4]~DUPLICATE                                                                                                                                                                                                                                                                                   ;                  ;                       ;
; niosii:inst13|niosii_nios2_gen2_0:nios2_gen2_0|niosii_nios2_gen2_0_cpu:cpu|D_pc[6]                                                                                                                                                                                                                                                                                              ; Duplicated      ; Router Logic Cell Insertion and Logic Duplication ; Routability optimization   ;           ;                ; niosii:inst13|niosii_nios2_gen2_0:nios2_gen2_0|niosii_nios2_gen2_0_cpu:cpu|D_pc[6]~DUPLICATE                                                                                                                                                                                                                                                                                   ;                  ;                       ;
; niosii:inst13|niosii_nios2_gen2_0:nios2_gen2_0|niosii_nios2_gen2_0_cpu:cpu|D_pc[8]                                                                                                                                                                                                                                                                                              ; Duplicated      ; Router Logic Cell Insertion and Logic Duplication ; Routability optimization   ;           ;                ; niosii:inst13|niosii_nios2_gen2_0:nios2_gen2_0|niosii_nios2_gen2_0_cpu:cpu|D_pc[8]~DUPLICATE                                                                                                                                                                                                                                                                                   ;                  ;                       ;
; niosii:inst13|niosii_nios2_gen2_0:nios2_gen2_0|niosii_nios2_gen2_0_cpu:cpu|D_pc[9]                                                                                                                                                                                                                                                                                              ; Duplicated      ; Router Logic Cell Insertion and Logic Duplication ; Routability optimization   ;           ;                ; niosii:inst13|niosii_nios2_gen2_0:nios2_gen2_0|niosii_nios2_gen2_0_cpu:cpu|D_pc[9]~DUPLICATE                                                                                                                                                                                                                                                                                   ;                  ;                       ;
; niosii:inst13|niosii_nios2_gen2_0:nios2_gen2_0|niosii_nios2_gen2_0_cpu:cpu|D_pc[10]                                                                                                                                                                                                                                                                                             ; Duplicated      ; Router Logic Cell Insertion and Logic Duplication ; Routability optimization   ;           ;                ; niosii:inst13|niosii_nios2_gen2_0:nios2_gen2_0|niosii_nios2_gen2_0_cpu:cpu|D_pc[10]~DUPLICATE                                                                                                                                                                                                                                                                                  ;                  ;                       ;
; niosii:inst13|niosii_nios2_gen2_0:nios2_gen2_0|niosii_nios2_gen2_0_cpu:cpu|D_pc[11]                                                                                                                                                                                                                                                                                             ; Duplicated      ; Router Logic Cell Insertion and Logic Duplication ; Routability optimization   ;           ;                ; niosii:inst13|niosii_nios2_gen2_0:nios2_gen2_0|niosii_nios2_gen2_0_cpu:cpu|D_pc[11]~DUPLICATE                                                                                                                                                                                                                                                                                  ;                  ;                       ;
; niosii:inst13|niosii_nios2_gen2_0:nios2_gen2_0|niosii_nios2_gen2_0_cpu:cpu|D_pc[12]                                                                                                                                                                                                                                                                                             ; Duplicated      ; Router Logic Cell Insertion and Logic Duplication ; Routability optimization   ;           ;                ; niosii:inst13|niosii_nios2_gen2_0:nios2_gen2_0|niosii_nios2_gen2_0_cpu:cpu|D_pc[12]~DUPLICATE                                                                                                                                                                                                                                                                                  ;                  ;                       ;
; niosii:inst13|niosii_nios2_gen2_0:nios2_gen2_0|niosii_nios2_gen2_0_cpu:cpu|E_logic_op[0]                                                                                                                                                                                                                                                                                        ; Duplicated      ; Router Logic Cell Insertion and Logic Duplication ; Routability optimization   ;           ;                ; niosii:inst13|niosii_nios2_gen2_0:nios2_gen2_0|niosii_nios2_gen2_0_cpu:cpu|E_logic_op[0]~DUPLICATE                                                                                                                                                                                                                                                                             ;                  ;                       ;
; niosii:inst13|niosii_nios2_gen2_0:nios2_gen2_0|niosii_nios2_gen2_0_cpu:cpu|E_pc[1]                                                                                                                                                                                                                                                                                              ; Duplicated      ; Router Logic Cell Insertion and Logic Duplication ; Routability optimization   ;           ;                ; niosii:inst13|niosii_nios2_gen2_0:nios2_gen2_0|niosii_nios2_gen2_0_cpu:cpu|E_pc[1]~DUPLICATE                                                                                                                                                                                                                                                                                   ;                  ;                       ;
; niosii:inst13|niosii_nios2_gen2_0:nios2_gen2_0|niosii_nios2_gen2_0_cpu:cpu|E_pc[5]                                                                                                                                                                                                                                                                                              ; Duplicated      ; Router Logic Cell Insertion and Logic Duplication ; Routability optimization   ;           ;                ; niosii:inst13|niosii_nios2_gen2_0:nios2_gen2_0|niosii_nios2_gen2_0_cpu:cpu|E_pc[5]~DUPLICATE                                                                                                                                                                                                                                                                                   ;                  ;                       ;
; niosii:inst13|niosii_nios2_gen2_0:nios2_gen2_0|niosii_nios2_gen2_0_cpu:cpu|E_pc[15]                                                                                                                                                                                                                                                                                             ; Duplicated      ; Router Logic Cell Insertion and Logic Duplication ; Routability optimization   ;           ;                ; niosii:inst13|niosii_nios2_gen2_0:nios2_gen2_0|niosii_nios2_gen2_0_cpu:cpu|E_pc[15]~DUPLICATE                                                                                                                                                                                                                                                                                  ;                  ;                       ;
; niosii:inst13|niosii_nios2_gen2_0:nios2_gen2_0|niosii_nios2_gen2_0_cpu:cpu|E_src1[13]                                                                                                                                                                                                                                                                                           ; Duplicated      ; Router Logic Cell Insertion and Logic Duplication ; Routability optimization   ;           ;                ; niosii:inst13|niosii_nios2_gen2_0:nios2_gen2_0|niosii_nios2_gen2_0_cpu:cpu|E_src1[13]~DUPLICATE                                                                                                                                                                                                                                                                                ;                  ;                       ;
; niosii:inst13|niosii_nios2_gen2_0:nios2_gen2_0|niosii_nios2_gen2_0_cpu:cpu|F_pc[0]                                                                                                                                                                                                                                                                                              ; Duplicated      ; Router Logic Cell Insertion and Logic Duplication ; Routability optimization   ;           ;                ; niosii:inst13|niosii_nios2_gen2_0:nios2_gen2_0|niosii_nios2_gen2_0_cpu:cpu|F_pc[0]~DUPLICATE                                                                                                                                                                                                                                                                                   ;                  ;                       ;
; niosii:inst13|niosii_nios2_gen2_0:nios2_gen2_0|niosii_nios2_gen2_0_cpu:cpu|F_pc[1]                                                                                                                                                                                                                                                                                              ; Duplicated      ; Router Logic Cell Insertion and Logic Duplication ; Routability optimization   ;           ;                ; niosii:inst13|niosii_nios2_gen2_0:nios2_gen2_0|niosii_nios2_gen2_0_cpu:cpu|F_pc[1]~DUPLICATE                                                                                                                                                                                                                                                                                   ;                  ;                       ;
; niosii:inst13|niosii_nios2_gen2_0:nios2_gen2_0|niosii_nios2_gen2_0_cpu:cpu|F_pc[2]                                                                                                                                                                                                                                                                                              ; Duplicated      ; Router Logic Cell Insertion and Logic Duplication ; Routability optimization   ;           ;                ; niosii:inst13|niosii_nios2_gen2_0:nios2_gen2_0|niosii_nios2_gen2_0_cpu:cpu|F_pc[2]~DUPLICATE                                                                                                                                                                                                                                                                                   ;                  ;                       ;
; niosii:inst13|niosii_nios2_gen2_0:nios2_gen2_0|niosii_nios2_gen2_0_cpu:cpu|F_pc[4]                                                                                                                                                                                                                                                                                              ; Duplicated      ; Router Logic Cell Insertion and Logic Duplication ; Routability optimization   ;           ;                ; niosii:inst13|niosii_nios2_gen2_0:nios2_gen2_0|niosii_nios2_gen2_0_cpu:cpu|F_pc[4]~DUPLICATE                                                                                                                                                                                                                                                                                   ;                  ;                       ;
; niosii:inst13|niosii_nios2_gen2_0:nios2_gen2_0|niosii_nios2_gen2_0_cpu:cpu|F_pc[5]                                                                                                                                                                                                                                                                                              ; Duplicated      ; Router Logic Cell Insertion and Logic Duplication ; Routability optimization   ;           ;                ; niosii:inst13|niosii_nios2_gen2_0:nios2_gen2_0|niosii_nios2_gen2_0_cpu:cpu|F_pc[5]~DUPLICATE                                                                                                                                                                                                                                                                                   ;                  ;                       ;
; niosii:inst13|niosii_nios2_gen2_0:nios2_gen2_0|niosii_nios2_gen2_0_cpu:cpu|F_pc[6]                                                                                                                                                                                                                                                                                              ; Duplicated      ; Router Logic Cell Insertion and Logic Duplication ; Routability optimization   ;           ;                ; niosii:inst13|niosii_nios2_gen2_0:nios2_gen2_0|niosii_nios2_gen2_0_cpu:cpu|F_pc[6]~DUPLICATE                                                                                                                                                                                                                                                                                   ;                  ;                       ;
; niosii:inst13|niosii_nios2_gen2_0:nios2_gen2_0|niosii_nios2_gen2_0_cpu:cpu|F_pc[10]                                                                                                                                                                                                                                                                                             ; Duplicated      ; Router Logic Cell Insertion and Logic Duplication ; Routability optimization   ;           ;                ; niosii:inst13|niosii_nios2_gen2_0:nios2_gen2_0|niosii_nios2_gen2_0_cpu:cpu|F_pc[10]~DUPLICATE                                                                                                                                                                                                                                                                                  ;                  ;                       ;
; niosii:inst13|niosii_nios2_gen2_0:nios2_gen2_0|niosii_nios2_gen2_0_cpu:cpu|M_alu_result[4]                                                                                                                                                                                                                                                                                      ; Duplicated      ; Router Logic Cell Insertion and Logic Duplication ; Routability optimization   ;           ;                ; niosii:inst13|niosii_nios2_gen2_0:nios2_gen2_0|niosii_nios2_gen2_0_cpu:cpu|M_alu_result[4]~DUPLICATE                                                                                                                                                                                                                                                                           ;                  ;                       ;
; niosii:inst13|niosii_nios2_gen2_0:nios2_gen2_0|niosii_nios2_gen2_0_cpu:cpu|M_alu_result[5]                                                                                                                                                                                                                                                                                      ; Duplicated      ; Router Logic Cell Insertion and Logic Duplication ; Routability optimization   ;           ;                ; niosii:inst13|niosii_nios2_gen2_0:nios2_gen2_0|niosii_nios2_gen2_0_cpu:cpu|M_alu_result[5]~DUPLICATE                                                                                                                                                                                                                                                                           ;                  ;                       ;
; niosii:inst13|niosii_nios2_gen2_0:nios2_gen2_0|niosii_nios2_gen2_0_cpu:cpu|M_alu_result[7]                                                                                                                                                                                                                                                                                      ; Duplicated      ; Router Logic Cell Insertion and Logic Duplication ; Routability optimization   ;           ;                ; niosii:inst13|niosii_nios2_gen2_0:nios2_gen2_0|niosii_nios2_gen2_0_cpu:cpu|M_alu_result[7]~DUPLICATE                                                                                                                                                                                                                                                                           ;                  ;                       ;
; niosii:inst13|niosii_nios2_gen2_0:nios2_gen2_0|niosii_nios2_gen2_0_cpu:cpu|M_alu_result[8]                                                                                                                                                                                                                                                                                      ; Duplicated      ; Router Logic Cell Insertion and Logic Duplication ; Routability optimization   ;           ;                ; niosii:inst13|niosii_nios2_gen2_0:nios2_gen2_0|niosii_nios2_gen2_0_cpu:cpu|M_alu_result[8]~DUPLICATE                                                                                                                                                                                                                                                                           ;                  ;                       ;
; niosii:inst13|niosii_nios2_gen2_0:nios2_gen2_0|niosii_nios2_gen2_0_cpu:cpu|M_alu_result[9]                                                                                                                                                                                                                                                                                      ; Duplicated      ; Router Logic Cell Insertion and Logic Duplication ; Routability optimization   ;           ;                ; niosii:inst13|niosii_nios2_gen2_0:nios2_gen2_0|niosii_nios2_gen2_0_cpu:cpu|M_alu_result[9]~DUPLICATE                                                                                                                                                                                                                                                                           ;                  ;                       ;
; niosii:inst13|niosii_nios2_gen2_0:nios2_gen2_0|niosii_nios2_gen2_0_cpu:cpu|M_alu_result[12]                                                                                                                                                                                                                                                                                     ; Duplicated      ; Router Logic Cell Insertion and Logic Duplication ; Routability optimization   ;           ;                ; niosii:inst13|niosii_nios2_gen2_0:nios2_gen2_0|niosii_nios2_gen2_0_cpu:cpu|M_alu_result[12]~DUPLICATE                                                                                                                                                                                                                                                                          ;                  ;                       ;
; niosii:inst13|niosii_nios2_gen2_0:nios2_gen2_0|niosii_nios2_gen2_0_cpu:cpu|M_alu_result[15]                                                                                                                                                                                                                                                                                     ; Duplicated      ; Router Logic Cell Insertion and Logic Duplication ; Routability optimization   ;           ;                ; niosii:inst13|niosii_nios2_gen2_0:nios2_gen2_0|niosii_nios2_gen2_0_cpu:cpu|M_alu_result[15]~DUPLICATE                                                                                                                                                                                                                                                                          ;                  ;                       ;
; niosii:inst13|niosii_nios2_gen2_0:nios2_gen2_0|niosii_nios2_gen2_0_cpu:cpu|M_alu_result[23]                                                                                                                                                                                                                                                                                     ; Duplicated      ; Router Logic Cell Insertion and Logic Duplication ; Routability optimization   ;           ;                ; niosii:inst13|niosii_nios2_gen2_0:nios2_gen2_0|niosii_nios2_gen2_0_cpu:cpu|M_alu_result[23]~DUPLICATE                                                                                                                                                                                                                                                                          ;                  ;                       ;
; niosii:inst13|niosii_nios2_gen2_0:nios2_gen2_0|niosii_nios2_gen2_0_cpu:cpu|M_alu_result[29]                                                                                                                                                                                                                                                                                     ; Duplicated      ; Router Logic Cell Insertion and Logic Duplication ; Routability optimization   ;           ;                ; niosii:inst13|niosii_nios2_gen2_0:nios2_gen2_0|niosii_nios2_gen2_0_cpu:cpu|M_alu_result[29]~DUPLICATE                                                                                                                                                                                                                                                                          ;                  ;                       ;
; niosii:inst13|niosii_nios2_gen2_0:nios2_gen2_0|niosii_nios2_gen2_0_cpu:cpu|M_br_cond_taken_history[3]                                                                                                                                                                                                                                                                           ; Duplicated      ; Router Logic Cell Insertion and Logic Duplication ; Routability optimization   ;           ;                ; niosii:inst13|niosii_nios2_gen2_0:nios2_gen2_0|niosii_nios2_gen2_0_cpu:cpu|M_br_cond_taken_history[3]~DUPLICATE                                                                                                                                                                                                                                                                ;                  ;                       ;
; niosii:inst13|niosii_nios2_gen2_0:nios2_gen2_0|niosii_nios2_gen2_0_cpu:cpu|M_br_cond_taken_history[6]                                                                                                                                                                                                                                                                           ; Duplicated      ; Router Logic Cell Insertion and Logic Duplication ; Routability optimization   ;           ;                ; niosii:inst13|niosii_nios2_gen2_0:nios2_gen2_0|niosii_nios2_gen2_0_cpu:cpu|M_br_cond_taken_history[6]~DUPLICATE                                                                                                                                                                                                                                                                ;                  ;                       ;
; niosii:inst13|niosii_nios2_gen2_0:nios2_gen2_0|niosii_nios2_gen2_0_cpu:cpu|M_ctrl_jmp_indirect                                                                                                                                                                                                                                                                                  ; Duplicated      ; Router Logic Cell Insertion and Logic Duplication ; Routability optimization   ;           ;                ; niosii:inst13|niosii_nios2_gen2_0:nios2_gen2_0|niosii_nios2_gen2_0_cpu:cpu|M_ctrl_jmp_indirect~DUPLICATE                                                                                                                                                                                                                                                                       ;                  ;                       ;
; niosii:inst13|niosii_nios2_gen2_0:nios2_gen2_0|niosii_nios2_gen2_0_cpu:cpu|M_pc_plus_one[1]                                                                                                                                                                                                                                                                                     ; Duplicated      ; Router Logic Cell Insertion and Logic Duplication ; Routability optimization   ;           ;                ; niosii:inst13|niosii_nios2_gen2_0:nios2_gen2_0|niosii_nios2_gen2_0_cpu:cpu|M_pc_plus_one[1]~DUPLICATE                                                                                                                                                                                                                                                                          ;                  ;                       ;
; niosii:inst13|niosii_nios2_gen2_0:nios2_gen2_0|niosii_nios2_gen2_0_cpu:cpu|M_regnum_a_cmp_D                                                                                                                                                                                                                                                                                     ; Duplicated      ; Router Logic Cell Insertion and Logic Duplication ; Routability optimization   ;           ;                ; niosii:inst13|niosii_nios2_gen2_0:nios2_gen2_0|niosii_nios2_gen2_0_cpu:cpu|M_regnum_a_cmp_D~DUPLICATE                                                                                                                                                                                                                                                                          ;                  ;                       ;
; niosii:inst13|niosii_nios2_gen2_0:nios2_gen2_0|niosii_nios2_gen2_0_cpu:cpu|M_regnum_b_cmp_D                                                                                                                                                                                                                                                                                     ; Duplicated      ; Router Logic Cell Insertion and Logic Duplication ; Routability optimization   ;           ;                ; niosii:inst13|niosii_nios2_gen2_0:nios2_gen2_0|niosii_nios2_gen2_0_cpu:cpu|M_regnum_b_cmp_D~DUPLICATE                                                                                                                                                                                                                                                                          ;                  ;                       ;
; niosii:inst13|niosii_nios2_gen2_0:nios2_gen2_0|niosii_nios2_gen2_0_cpu:cpu|M_rot_mask[4]                                                                                                                                                                                                                                                                                        ; Duplicated      ; Router Logic Cell Insertion and Logic Duplication ; Routability optimization   ;           ;                ; niosii:inst13|niosii_nios2_gen2_0:nios2_gen2_0|niosii_nios2_gen2_0_cpu:cpu|M_rot_mask[4]~DUPLICATE                                                                                                                                                                                                                                                                             ;                  ;                       ;
; niosii:inst13|niosii_nios2_gen2_0:nios2_gen2_0|niosii_nios2_gen2_0_cpu:cpu|M_rot_mask[6]                                                                                                                                                                                                                                                                                        ; Duplicated      ; Router Logic Cell Insertion and Logic Duplication ; Routability optimization   ;           ;                ; niosii:inst13|niosii_nios2_gen2_0:nios2_gen2_0|niosii_nios2_gen2_0_cpu:cpu|M_rot_mask[6]~DUPLICATE                                                                                                                                                                                                                                                                             ;                  ;                       ;
; niosii:inst13|niosii_nios2_gen2_0:nios2_gen2_0|niosii_nios2_gen2_0_cpu:cpu|M_st_data[2]                                                                                                                                                                                                                                                                                         ; Duplicated      ; Router Logic Cell Insertion and Logic Duplication ; Routability optimization   ;           ;                ; niosii:inst13|niosii_nios2_gen2_0:nios2_gen2_0|niosii_nios2_gen2_0_cpu:cpu|M_st_data[2]~DUPLICATE                                                                                                                                                                                                                                                                              ;                  ;                       ;
; niosii:inst13|niosii_nios2_gen2_0:nios2_gen2_0|niosii_nios2_gen2_0_cpu:cpu|M_st_data[24]                                                                                                                                                                                                                                                                                        ; Duplicated      ; Router Logic Cell Insertion and Logic Duplication ; Routability optimization   ;           ;                ; niosii:inst13|niosii_nios2_gen2_0:nios2_gen2_0|niosii_nios2_gen2_0_cpu:cpu|M_st_data[24]~DUPLICATE                                                                                                                                                                                                                                                                             ;                  ;                       ;
; niosii:inst13|niosii_nios2_gen2_0:nios2_gen2_0|niosii_nios2_gen2_0_cpu:cpu|W_wr_data[2]                                                                                                                                                                                                                                                                                         ; Duplicated      ; Router Logic Cell Insertion and Logic Duplication ; Routability optimization   ;           ;                ; niosii:inst13|niosii_nios2_gen2_0:nios2_gen2_0|niosii_nios2_gen2_0_cpu:cpu|W_wr_data[2]~DUPLICATE                                                                                                                                                                                                                                                                              ;                  ;                       ;
; niosii:inst13|niosii_nios2_gen2_0:nios2_gen2_0|niosii_nios2_gen2_0_cpu:cpu|d_address_tag_field[3]                                                                                                                                                                                                                                                                               ; Duplicated      ; Router Logic Cell Insertion and Logic Duplication ; Routability optimization   ;           ;                ; niosii:inst13|niosii_nios2_gen2_0:nios2_gen2_0|niosii_nios2_gen2_0_cpu:cpu|d_address_tag_field[3]~DUPLICATE                                                                                                                                                                                                                                                                    ;                  ;                       ;
; niosii:inst13|niosii_nios2_gen2_0:nios2_gen2_0|niosii_nios2_gen2_0_cpu:cpu|ic_fill_tag[3]                                                                                                                                                                                                                                                                                       ; Duplicated      ; Router Logic Cell Insertion and Logic Duplication ; Routability optimization   ;           ;                ; niosii:inst13|niosii_nios2_gen2_0:nios2_gen2_0|niosii_nios2_gen2_0_cpu:cpu|ic_fill_tag[3]~DUPLICATE                                                                                                                                                                                                                                                                            ;                  ;                       ;
; niosii:inst13|niosii_nios2_gen2_0:nios2_gen2_0|niosii_nios2_gen2_0_cpu:cpu|ic_fill_tag[4]                                                                                                                                                                                                                                                                                       ; Duplicated      ; Router Logic Cell Insertion and Logic Duplication ; Routability optimization   ;           ;                ; niosii:inst13|niosii_nios2_gen2_0:nios2_gen2_0|niosii_nios2_gen2_0_cpu:cpu|ic_fill_tag[4]~DUPLICATE                                                                                                                                                                                                                                                                            ;                  ;                       ;
; niosii:inst13|niosii_nios2_gen2_0:nios2_gen2_0|niosii_nios2_gen2_0_cpu:cpu|niosii_nios2_gen2_0_cpu_nios2_oci:the_niosii_nios2_gen2_0_cpu_nios2_oci|niosii_nios2_gen2_0_cpu_nios2_avalon_reg:the_niosii_nios2_gen2_0_cpu_nios2_avalon_reg|oci_ienable[1]                                                                                                                         ; Duplicated      ; Router Logic Cell Insertion and Logic Duplication ; Routability optimization   ;           ;                ; niosii:inst13|niosii_nios2_gen2_0:nios2_gen2_0|niosii_nios2_gen2_0_cpu:cpu|niosii_nios2_gen2_0_cpu_nios2_oci:the_niosii_nios2_gen2_0_cpu_nios2_oci|niosii_nios2_gen2_0_cpu_nios2_avalon_reg:the_niosii_nios2_gen2_0_cpu_nios2_avalon_reg|oci_ienable[1]~DUPLICATE                                                                                                              ;                  ;                       ;
; niosii:inst13|niosii_nios2_gen2_0:nios2_gen2_0|niosii_nios2_gen2_0_cpu:cpu|niosii_nios2_gen2_0_cpu_nios2_oci:the_niosii_nios2_gen2_0_cpu_nios2_oci|niosii_nios2_gen2_0_cpu_nios2_avalon_reg:the_niosii_nios2_gen2_0_cpu_nios2_avalon_reg|oci_ienable[16]                                                                                                                        ; Duplicated      ; Router Logic Cell Insertion and Logic Duplication ; Routability optimization   ;           ;                ; niosii:inst13|niosii_nios2_gen2_0:nios2_gen2_0|niosii_nios2_gen2_0_cpu:cpu|niosii_nios2_gen2_0_cpu_nios2_oci:the_niosii_nios2_gen2_0_cpu_nios2_oci|niosii_nios2_gen2_0_cpu_nios2_avalon_reg:the_niosii_nios2_gen2_0_cpu_nios2_avalon_reg|oci_ienable[16]~DUPLICATE                                                                                                             ;                  ;                       ;
; niosii:inst13|niosii_nios2_gen2_0:nios2_gen2_0|niosii_nios2_gen2_0_cpu:cpu|niosii_nios2_gen2_0_cpu_nios2_oci:the_niosii_nios2_gen2_0_cpu_nios2_oci|niosii_nios2_gen2_0_cpu_nios2_oci_debug:the_niosii_nios2_gen2_0_cpu_nios2_oci_debug|monitor_ready                                                                                                                            ; Duplicated      ; Router Logic Cell Insertion and Logic Duplication ; Routability optimization   ;           ;                ; niosii:inst13|niosii_nios2_gen2_0:nios2_gen2_0|niosii_nios2_gen2_0_cpu:cpu|niosii_nios2_gen2_0_cpu_nios2_oci:the_niosii_nios2_gen2_0_cpu_nios2_oci|niosii_nios2_gen2_0_cpu_nios2_oci_debug:the_niosii_nios2_gen2_0_cpu_nios2_oci_debug|monitor_ready~DUPLICATE                                                                                                                 ;                  ;                       ;
; niosii:inst13|niosii_nios2_gen2_0:nios2_gen2_0|niosii_nios2_gen2_0_cpu:cpu|niosii_nios2_gen2_0_cpu_nios2_oci:the_niosii_nios2_gen2_0_cpu_nios2_oci|niosii_nios2_gen2_0_cpu_nios2_ocimem:the_niosii_nios2_gen2_0_cpu_nios2_ocimem|MonDReg[7]                                                                                                                                     ; Duplicated      ; Router Logic Cell Insertion and Logic Duplication ; Routability optimization   ;           ;                ; niosii:inst13|niosii_nios2_gen2_0:nios2_gen2_0|niosii_nios2_gen2_0_cpu:cpu|niosii_nios2_gen2_0_cpu_nios2_oci:the_niosii_nios2_gen2_0_cpu_nios2_oci|niosii_nios2_gen2_0_cpu_nios2_ocimem:the_niosii_nios2_gen2_0_cpu_nios2_ocimem|MonDReg[7]~DUPLICATE                                                                                                                          ;                  ;                       ;
; niosii:inst13|niosii_nios2_gen2_0:nios2_gen2_0|niosii_nios2_gen2_0_cpu:cpu|niosii_nios2_gen2_0_cpu_nios2_oci:the_niosii_nios2_gen2_0_cpu_nios2_oci|niosii_nios2_gen2_0_cpu_nios2_ocimem:the_niosii_nios2_gen2_0_cpu_nios2_ocimem|MonDReg[10]                                                                                                                                    ; Duplicated      ; Router Logic Cell Insertion and Logic Duplication ; Routability optimization   ;           ;                ; niosii:inst13|niosii_nios2_gen2_0:nios2_gen2_0|niosii_nios2_gen2_0_cpu:cpu|niosii_nios2_gen2_0_cpu_nios2_oci:the_niosii_nios2_gen2_0_cpu_nios2_oci|niosii_nios2_gen2_0_cpu_nios2_ocimem:the_niosii_nios2_gen2_0_cpu_nios2_ocimem|MonDReg[10]~DUPLICATE                                                                                                                         ;                  ;                       ;
; niosii:inst13|niosii_nios2_gen2_0:nios2_gen2_0|niosii_nios2_gen2_0_cpu:cpu|niosii_nios2_gen2_0_cpu_nios2_oci:the_niosii_nios2_gen2_0_cpu_nios2_oci|niosii_nios2_gen2_0_cpu_nios2_ocimem:the_niosii_nios2_gen2_0_cpu_nios2_ocimem|MonDReg[14]                                                                                                                                    ; Duplicated      ; Router Logic Cell Insertion and Logic Duplication ; Routability optimization   ;           ;                ; niosii:inst13|niosii_nios2_gen2_0:nios2_gen2_0|niosii_nios2_gen2_0_cpu:cpu|niosii_nios2_gen2_0_cpu_nios2_oci:the_niosii_nios2_gen2_0_cpu_nios2_oci|niosii_nios2_gen2_0_cpu_nios2_ocimem:the_niosii_nios2_gen2_0_cpu_nios2_ocimem|MonDReg[14]~DUPLICATE                                                                                                                         ;                  ;                       ;
; niosii:inst13|niosii_nios2_gen2_0:nios2_gen2_0|niosii_nios2_gen2_0_cpu:cpu|niosii_nios2_gen2_0_cpu_nios2_oci:the_niosii_nios2_gen2_0_cpu_nios2_oci|niosii_nios2_gen2_0_cpu_nios2_ocimem:the_niosii_nios2_gen2_0_cpu_nios2_ocimem|MonDReg[15]                                                                                                                                    ; Duplicated      ; Router Logic Cell Insertion and Logic Duplication ; Routability optimization   ;           ;                ; niosii:inst13|niosii_nios2_gen2_0:nios2_gen2_0|niosii_nios2_gen2_0_cpu:cpu|niosii_nios2_gen2_0_cpu_nios2_oci:the_niosii_nios2_gen2_0_cpu_nios2_oci|niosii_nios2_gen2_0_cpu_nios2_ocimem:the_niosii_nios2_gen2_0_cpu_nios2_ocimem|MonDReg[15]~DUPLICATE                                                                                                                         ;                  ;                       ;
; niosii:inst13|niosii_nios2_gen2_0:nios2_gen2_0|niosii_nios2_gen2_0_cpu:cpu|niosii_nios2_gen2_0_cpu_nios2_oci:the_niosii_nios2_gen2_0_cpu_nios2_oci|niosii_nios2_gen2_0_cpu_nios2_ocimem:the_niosii_nios2_gen2_0_cpu_nios2_ocimem|MonDReg[16]                                                                                                                                    ; Duplicated      ; Router Logic Cell Insertion and Logic Duplication ; Routability optimization   ;           ;                ; niosii:inst13|niosii_nios2_gen2_0:nios2_gen2_0|niosii_nios2_gen2_0_cpu:cpu|niosii_nios2_gen2_0_cpu_nios2_oci:the_niosii_nios2_gen2_0_cpu_nios2_oci|niosii_nios2_gen2_0_cpu_nios2_ocimem:the_niosii_nios2_gen2_0_cpu_nios2_ocimem|MonDReg[16]~DUPLICATE                                                                                                                         ;                  ;                       ;
; niosii:inst13|niosii_nios2_gen2_0:nios2_gen2_0|niosii_nios2_gen2_0_cpu:cpu|niosii_nios2_gen2_0_cpu_nios2_oci:the_niosii_nios2_gen2_0_cpu_nios2_oci|niosii_nios2_gen2_0_cpu_nios2_ocimem:the_niosii_nios2_gen2_0_cpu_nios2_ocimem|MonDReg[28]                                                                                                                                    ; Duplicated      ; Router Logic Cell Insertion and Logic Duplication ; Routability optimization   ;           ;                ; niosii:inst13|niosii_nios2_gen2_0:nios2_gen2_0|niosii_nios2_gen2_0_cpu:cpu|niosii_nios2_gen2_0_cpu_nios2_oci:the_niosii_nios2_gen2_0_cpu_nios2_oci|niosii_nios2_gen2_0_cpu_nios2_ocimem:the_niosii_nios2_gen2_0_cpu_nios2_ocimem|MonDReg[28]~DUPLICATE                                                                                                                         ;                  ;                       ;
; niosii:inst13|niosii_nios2_gen2_0:nios2_gen2_0|niosii_nios2_gen2_0_cpu:cpu|niosii_nios2_gen2_0_cpu_nios2_oci:the_niosii_nios2_gen2_0_cpu_nios2_oci|read                                                                                                                                                                                                                         ; Duplicated      ; Router Logic Cell Insertion and Logic Duplication ; Routability optimization   ;           ;                ; niosii:inst13|niosii_nios2_gen2_0:nios2_gen2_0|niosii_nios2_gen2_0_cpu:cpu|niosii_nios2_gen2_0_cpu_nios2_oci:the_niosii_nios2_gen2_0_cpu_nios2_oci|read~DUPLICATE                                                                                                                                                                                                              ;                  ;                       ;
; niosii:inst13|niosii_pio_0:pio_0|data_out[0]                                                                                                                                                                                                                                                                                                                                    ; Duplicated      ; Router Logic Cell Insertion and Logic Duplication ; Routability optimization   ;           ;                ; niosii:inst13|niosii_pio_0:pio_0|data_out[0]~DUPLICATE                                                                                                                                                                                                                                                                                                                         ;                  ;                       ;
; niosii:inst13|niosii_pio_0:pio_0|data_out[1]                                                                                                                                                                                                                                                                                                                                    ; Duplicated      ; Router Logic Cell Insertion and Logic Duplication ; Routability optimization   ;           ;                ; niosii:inst13|niosii_pio_0:pio_0|data_out[1]~DUPLICATE                                                                                                                                                                                                                                                                                                                         ;                  ;                       ;
; niosii:inst13|niosii_pio_0:pio_0|data_out[6]                                                                                                                                                                                                                                                                                                                                    ; Duplicated      ; Router Logic Cell Insertion and Logic Duplication ; Routability optimization   ;           ;                ; niosii:inst13|niosii_pio_0:pio_0|data_out[6]~DUPLICATE                                                                                                                                                                                                                                                                                                                         ;                  ;                       ;
; niosii:inst13|niosii_timer_0:timer_0|internal_counter[0]                                                                                                                                                                                                                                                                                                                        ; Duplicated      ; Router Logic Cell Insertion and Logic Duplication ; Routability optimization   ;           ;                ; niosii:inst13|niosii_timer_0:timer_0|internal_counter[0]~DUPLICATE                                                                                                                                                                                                                                                                                                             ;                  ;                       ;
; niosii:inst13|niosii_timer_0:timer_0|internal_counter[1]                                                                                                                                                                                                                                                                                                                        ; Duplicated      ; Router Logic Cell Insertion and Logic Duplication ; Routability optimization   ;           ;                ; niosii:inst13|niosii_timer_0:timer_0|internal_counter[1]~DUPLICATE                                                                                                                                                                                                                                                                                                             ;                  ;                       ;
; niosii:inst13|niosii_timer_0:timer_0|internal_counter[6]                                                                                                                                                                                                                                                                                                                        ; Duplicated      ; Router Logic Cell Insertion and Logic Duplication ; Routability optimization   ;           ;                ; niosii:inst13|niosii_timer_0:timer_0|internal_counter[6]~DUPLICATE                                                                                                                                                                                                                                                                                                             ;                  ;                       ;
; niosii:inst13|niosii_timer_0:timer_0|internal_counter[8]                                                                                                                                                                                                                                                                                                                        ; Duplicated      ; Router Logic Cell Insertion and Logic Duplication ; Routability optimization   ;           ;                ; niosii:inst13|niosii_timer_0:timer_0|internal_counter[8]~DUPLICATE                                                                                                                                                                                                                                                                                                             ;                  ;                       ;
; niosii:inst13|niosii_timer_0:timer_0|internal_counter[9]                                                                                                                                                                                                                                                                                                                        ; Duplicated      ; Router Logic Cell Insertion and Logic Duplication ; Routability optimization   ;           ;                ; niosii:inst13|niosii_timer_0:timer_0|internal_counter[9]~DUPLICATE                                                                                                                                                                                                                                                                                                             ;                  ;                       ;
; niosii:inst13|niosii_timer_0:timer_0|internal_counter[14]                                                                                                                                                                                                                                                                                                                       ; Duplicated      ; Router Logic Cell Insertion and Logic Duplication ; Routability optimization   ;           ;                ; niosii:inst13|niosii_timer_0:timer_0|internal_counter[14]~DUPLICATE                                                                                                                                                                                                                                                                                                            ;                  ;                       ;
; niosii:inst13|niosii_timer_0:timer_0|internal_counter[15]                                                                                                                                                                                                                                                                                                                       ; Duplicated      ; Router Logic Cell Insertion and Logic Duplication ; Routability optimization   ;           ;                ; niosii:inst13|niosii_timer_0:timer_0|internal_counter[15]~DUPLICATE                                                                                                                                                                                                                                                                                                            ;                  ;                       ;
; niosii:inst13|niosii_timer_0:timer_0|internal_counter[26]                                                                                                                                                                                                                                                                                                                       ; Duplicated      ; Router Logic Cell Insertion and Logic Duplication ; Routability optimization   ;           ;                ; niosii:inst13|niosii_timer_0:timer_0|internal_counter[26]~DUPLICATE                                                                                                                                                                                                                                                                                                            ;                  ;                       ;
; niosii:inst13|niosii_timer_0:timer_0|internal_counter[29]                                                                                                                                                                                                                                                                                                                       ; Duplicated      ; Router Logic Cell Insertion and Logic Duplication ; Routability optimization   ;           ;                ; niosii:inst13|niosii_timer_0:timer_0|internal_counter[29]~DUPLICATE                                                                                                                                                                                                                                                                                                            ;                  ;                       ;
; niosii:inst13|niosii_timer_0:timer_0|period_h_register[9]                                                                                                                                                                                                                                                                                                                       ; Duplicated      ; Router Logic Cell Insertion and Logic Duplication ; Routability optimization   ;           ;                ; niosii:inst13|niosii_timer_0:timer_0|period_h_register[9]~DUPLICATE                                                                                                                                                                                                                                                                                                            ;                  ;                       ;
; pzdyqx:nabboc|pzdyqx_impl:pzdyqx_impl_inst|GHVD5181:\stratixiii_BITP7563_gen_0:stratixiii_BITP7563_gen_1|LQYT7093:MBPH5020|DJQV8196[2]                                                                                                                                                                                                                                          ; Duplicated      ; Router Logic Cell Insertion and Logic Duplication ; Routability optimization   ;           ;                ; pzdyqx:nabboc|pzdyqx_impl:pzdyqx_impl_inst|GHVD5181:\stratixiii_BITP7563_gen_0:stratixiii_BITP7563_gen_1|LQYT7093:MBPH5020|DJQV8196[2]~DUPLICATE                                                                                                                                                                                                                               ;                  ;                       ;
; pzdyqx:nabboc|pzdyqx_impl:pzdyqx_impl_inst|LQYT7093:LRYQ7721|DJQV8196[1]                                                                                                                                                                                                                                                                                                        ; Duplicated      ; Router Logic Cell Insertion and Logic Duplication ; Routability optimization   ;           ;                ; pzdyqx:nabboc|pzdyqx_impl:pzdyqx_impl_inst|LQYT7093:LRYQ7721|DJQV8196[1]~DUPLICATE                                                                                                                                                                                                                                                                                             ;                  ;                       ;
; pzdyqx:nabboc|pzdyqx_impl:pzdyqx_impl_inst|LQYT7093:LRYQ7721|DJQV8196[5]                                                                                                                                                                                                                                                                                                        ; Duplicated      ; Router Logic Cell Insertion and Logic Duplication ; Routability optimization   ;           ;                ; pzdyqx:nabboc|pzdyqx_impl:pzdyqx_impl_inst|LQYT7093:LRYQ7721|DJQV8196[5]~DUPLICATE                                                                                                                                                                                                                                                                                             ;                  ;                       ;
; pzdyqx:nabboc|pzdyqx_impl:pzdyqx_impl_inst|PUDL0439:ESUL0435|LCFH1028[1]                                                                                                                                                                                                                                                                                                        ; Duplicated      ; Router Logic Cell Insertion and Logic Duplication ; Routability optimization   ;           ;                ; pzdyqx:nabboc|pzdyqx_impl:pzdyqx_impl_inst|PUDL0439:ESUL0435|LCFH1028[1]~DUPLICATE                                                                                                                                                                                                                                                                                             ;                  ;                       ;
; ram_affichage:inst7|altsyncram:altsyncram_component|altsyncram_6uu3:auto_generated|out_address_reg_b[2]                                                                                                                                                                                                                                                                         ; Duplicated      ; Router Logic Cell Insertion and Logic Duplication ; Routability optimization   ;           ;                ; ram_affichage:inst7|altsyncram:altsyncram_component|altsyncram_6uu3:auto_generated|out_address_reg_b[2]~DUPLICATE                                                                                                                                                                                                                                                              ;                  ;                       ;
; ram_affichage:inst7|altsyncram:altsyncram_component|altsyncram_6uu3:auto_generated|out_address_reg_b[4]                                                                                                                                                                                                                                                                         ; Duplicated      ; Router Logic Cell Insertion and Logic Duplication ; Routability optimization   ;           ;                ; ram_affichage:inst7|altsyncram:altsyncram_component|altsyncram_6uu3:auto_generated|out_address_reg_b[4]~DUPLICATE                                                                                                                                                                                                                                                              ;                  ;                       ;
; sld_hub:auto_hub|alt_sld_fab:\instrumentation_fabric_with_node_gen:fabric_gen_new_way:instrumentation_fabric|alt_sld_fab_alt_sld_fab:alt_sld_fab|alt_sld_fab_alt_sld_fab_sldfabric:sldfabric|sld_jtag_hub:\jtag_hub_gen:real_sld_jtag_hub|irsr_reg[5]                                                                                                                           ; Duplicated      ; Router Logic Cell Insertion and Logic Duplication ; Routability optimization   ;           ;                ; sld_hub:auto_hub|alt_sld_fab:\instrumentation_fabric_with_node_gen:fabric_gen_new_way:instrumentation_fabric|alt_sld_fab_alt_sld_fab:alt_sld_fab|alt_sld_fab_alt_sld_fab_sldfabric:sldfabric|sld_jtag_hub:\jtag_hub_gen:real_sld_jtag_hub|irsr_reg[5]~DUPLICATE                                                                                                                ;                  ;                       ;
; sld_hub:auto_hub|alt_sld_fab:\instrumentation_fabric_with_node_gen:fabric_gen_new_way:instrumentation_fabric|alt_sld_fab_alt_sld_fab:alt_sld_fab|alt_sld_fab_alt_sld_fab_sldfabric:sldfabric|sld_jtag_hub:\jtag_hub_gen:real_sld_jtag_hub|jtag_ir_reg[6]                                                                                                                        ; Duplicated      ; Router Logic Cell Insertion and Logic Duplication ; Routability optimization   ;           ;                ; sld_hub:auto_hub|alt_sld_fab:\instrumentation_fabric_with_node_gen:fabric_gen_new_way:instrumentation_fabric|alt_sld_fab_alt_sld_fab:alt_sld_fab|alt_sld_fab_alt_sld_fab_sldfabric:sldfabric|sld_jtag_hub:\jtag_hub_gen:real_sld_jtag_hub|jtag_ir_reg[6]~DUPLICATE                                                                                                             ;                  ;                       ;
; sld_hub:auto_hub|alt_sld_fab:\instrumentation_fabric_with_node_gen:fabric_gen_new_way:instrumentation_fabric|alt_sld_fab_alt_sld_fab:alt_sld_fab|alt_sld_fab_alt_sld_fab_sldfabric:sldfabric|sld_jtag_hub:\jtag_hub_gen:real_sld_jtag_hub|jtag_ir_reg[7]                                                                                                                        ; Duplicated      ; Router Logic Cell Insertion and Logic Duplication ; Routability optimization   ;           ;                ; sld_hub:auto_hub|alt_sld_fab:\instrumentation_fabric_with_node_gen:fabric_gen_new_way:instrumentation_fabric|alt_sld_fab_alt_sld_fab:alt_sld_fab|alt_sld_fab_alt_sld_fab_sldfabric:sldfabric|sld_jtag_hub:\jtag_hub_gen:real_sld_jtag_hub|jtag_ir_reg[7]~DUPLICATE                                                                                                             ;                  ;                       ;
; sld_hub:auto_hub|alt_sld_fab:\instrumentation_fabric_with_node_gen:fabric_gen_new_way:instrumentation_fabric|alt_sld_fab_alt_sld_fab:alt_sld_fab|alt_sld_fab_alt_sld_fab_sldfabric:sldfabric|sld_jtag_hub:\jtag_hub_gen:real_sld_jtag_hub|jtag_ir_reg[8]                                                                                                                        ; Duplicated      ; Router Logic Cell Insertion and Logic Duplication ; Routability optimization   ;           ;                ; sld_hub:auto_hub|alt_sld_fab:\instrumentation_fabric_with_node_gen:fabric_gen_new_way:instrumentation_fabric|alt_sld_fab_alt_sld_fab:alt_sld_fab|alt_sld_fab_alt_sld_fab_sldfabric:sldfabric|sld_jtag_hub:\jtag_hub_gen:real_sld_jtag_hub|jtag_ir_reg[8]~DUPLICATE                                                                                                             ;                  ;                       ;
; sld_hub:auto_hub|alt_sld_fab:\instrumentation_fabric_with_node_gen:fabric_gen_new_way:instrumentation_fabric|alt_sld_fab_alt_sld_fab:alt_sld_fab|alt_sld_fab_alt_sld_fab_sldfabric:sldfabric|sld_jtag_hub:\jtag_hub_gen:real_sld_jtag_hub|mixer_addr_reg_internal[2]                                                                                                            ; Duplicated      ; Router Logic Cell Insertion and Logic Duplication ; Routability optimization   ;           ;                ; sld_hub:auto_hub|alt_sld_fab:\instrumentation_fabric_with_node_gen:fabric_gen_new_way:instrumentation_fabric|alt_sld_fab_alt_sld_fab:alt_sld_fab|alt_sld_fab_alt_sld_fab_sldfabric:sldfabric|sld_jtag_hub:\jtag_hub_gen:real_sld_jtag_hub|mixer_addr_reg_internal[2]~DUPLICATE                                                                                                 ;                  ;                       ;
; sld_hub:auto_hub|alt_sld_fab:\instrumentation_fabric_with_node_gen:fabric_gen_new_way:instrumentation_fabric|alt_sld_fab_alt_sld_fab:alt_sld_fab|alt_sld_fab_alt_sld_fab_sldfabric:sldfabric|sld_jtag_hub:\jtag_hub_gen:real_sld_jtag_hub|sld_rom_sr:hub_info_reg|word_counter[0]                                                                                               ; Duplicated      ; Router Logic Cell Insertion and Logic Duplication ; Routability optimization   ;           ;                ; sld_hub:auto_hub|alt_sld_fab:\instrumentation_fabric_with_node_gen:fabric_gen_new_way:instrumentation_fabric|alt_sld_fab_alt_sld_fab:alt_sld_fab|alt_sld_fab_alt_sld_fab_sldfabric:sldfabric|sld_jtag_hub:\jtag_hub_gen:real_sld_jtag_hub|sld_rom_sr:hub_info_reg|word_counter[0]~DUPLICATE                                                                                    ;                  ;                       ;
; sld_hub:auto_hub|alt_sld_fab:\instrumentation_fabric_with_node_gen:fabric_gen_new_way:instrumentation_fabric|alt_sld_fab_alt_sld_fab:alt_sld_fab|alt_sld_fab_alt_sld_fab_sldfabric:sldfabric|sld_jtag_hub:\jtag_hub_gen:real_sld_jtag_hub|sld_rom_sr:hub_info_reg|word_counter[4]                                                                                               ; Duplicated      ; Router Logic Cell Insertion and Logic Duplication ; Routability optimization   ;           ;                ; sld_hub:auto_hub|alt_sld_fab:\instrumentation_fabric_with_node_gen:fabric_gen_new_way:instrumentation_fabric|alt_sld_fab_alt_sld_fab:alt_sld_fab|alt_sld_fab_alt_sld_fab_sldfabric:sldfabric|sld_jtag_hub:\jtag_hub_gen:real_sld_jtag_hub|sld_rom_sr:hub_info_reg|word_counter[4]~DUPLICATE                                                                                    ;                  ;                       ;
+---------------------------------------------------------------------------------------------------------------------------------------------------------------------------------------------------------------------------------------------------------------------------------------------------------------------------------------------------------------------------------+-----------------+---------------------------------------------------+----------------------------+-----------+----------------+--------------------------------------------------------------------------------------------------------------------------------------------------------------------------------------------------------------------------------------------------------------------------------------------------------------------------------------------------------------------------------+------------------+-----------------------+


+-------------------------------------------------------------------------------------------------+
; Ignored Assignments                                                                             ;
+--------------+----------------+--------------+-----------------+---------------+----------------+
; Name         ; Ignored Entity ; Ignored From ; Ignored To      ; Ignored Value ; Ignored Source ;
+--------------+----------------+--------------+-----------------+---------------+----------------+
; Location     ;                ;              ; hdmi_int        ; PIN_AF11      ; QSF Assignment ;
; Location     ;                ;              ; io_hdmi_i2c_scl ; PIN_U10       ; QSF Assignment ;
; Location     ;                ;              ; io_hdmi_i2c_sda ; PIN_AA4       ; QSF Assignment ;
; I/O Standard ; videocapsule   ;              ; hdmi_int        ; 3.3-V LVTTL   ; QSF Assignment ;
; I/O Standard ; videocapsule   ;              ; io_hdmi_i2c_scl ; 3.3-V LVTTL   ; QSF Assignment ;
; I/O Standard ; videocapsule   ;              ; io_hdmi_i2c_sda ; 3.3-V LVTTL   ; QSF Assignment ;
+--------------+----------------+--------------+-----------------+---------------+----------------+


+---------------------------------------------------------------------------------------------------+
; Incremental Compilation Preservation Summary                                                      ;
+---------------------+---------------------+----------------------------+--------------------------+
; Type                ; Total [A + B]       ; From Design Partitions [A] ; From Rapid Recompile [B] ;
+---------------------+---------------------+----------------------------+--------------------------+
; Placement (by node) ;                     ;                            ;                          ;
;     -- Requested    ; 0.00 % ( 0 / 7225 ) ; 0.00 % ( 0 / 7225 )        ; 0.00 % ( 0 / 7225 )      ;
;     -- Achieved     ; 0.00 % ( 0 / 7225 ) ; 0.00 % ( 0 / 7225 )        ; 0.00 % ( 0 / 7225 )      ;
;                     ;                     ;                            ;                          ;
; Routing (by net)    ;                     ;                            ;                          ;
;     -- Requested    ; 0.00 % ( 0 / 0 )    ; 0.00 % ( 0 / 0 )           ; 0.00 % ( 0 / 0 )         ;
;     -- Achieved     ; 0.00 % ( 0 / 0 )    ; 0.00 % ( 0 / 0 )           ; 0.00 % ( 0 / 0 )         ;
+---------------------+---------------------+----------------------------+--------------------------+


+----------------------------------------------------------------------------------------------------------------------------------------------------------------------------------------+
; Incremental Compilation Partition Settings                                                                                                                                             ;
+--------------------------------+----------------+-------------------+-------------------------+------------------------+------------------------------+--------------------------------+
; Partition Name                 ; Partition Type ; Netlist Type Used ; Preservation Level Used ; Netlist Type Requested ; Preservation Level Requested ; Contents                       ;
+--------------------------------+----------------+-------------------+-------------------------+------------------------+------------------------------+--------------------------------+
; Top                            ; User-created   ; Source File       ; N/A                     ; Source File            ; N/A                          ;                                ;
; pzdyqx:nabboc                  ; Auto-generated ; Source File       ; N/A                     ; Source File            ; N/A                          ; pzdyqx:nabboc                  ;
; sld_hub:auto_hub               ; Auto-generated ; Post-Synthesis    ; N/A                     ; Post-Synthesis         ; N/A                          ; sld_hub:auto_hub               ;
; hard_block:auto_generated_inst ; Auto-generated ; Source File       ; N/A                     ; Source File            ; N/A                          ; hard_block:auto_generated_inst ;
+--------------------------------+----------------+-------------------+-------------------------+------------------------+------------------------------+--------------------------------+


+------------------------------------------------------------------------------------------------------------------------------------+
; Incremental Compilation Placement Preservation                                                                                     ;
+--------------------------------+-----------------------+-------------------------+-------------------+---------------------+-------+
; Partition Name                 ; Preservation Achieved ; Preservation Level Used ; Netlist Type Used ; Preservation Method ; Notes ;
+--------------------------------+-----------------------+-------------------------+-------------------+---------------------+-------+
; Top                            ; 0.00 % ( 0 / 6821 )   ; N/A                     ; Source File       ; N/A                 ;       ;
; pzdyqx:nabboc                  ; 0.00 % ( 0 / 164 )    ; N/A                     ; Source File       ; N/A                 ;       ;
; sld_hub:auto_hub               ; 0.00 % ( 0 / 217 )    ; N/A                     ; Post-Synthesis    ; N/A                 ;       ;
; hard_block:auto_generated_inst ; 0.00 % ( 0 / 23 )     ; N/A                     ; Source File       ; N/A                 ;       ;
+--------------------------------+-----------------------+-------------------------+-------------------+---------------------+-------+


+--------------+
; Pin-Out File ;
+--------------+
The pin-out file can be found in C:/Users/Kelly/akelly/ENSEA/3A/MASTER/uec13_videocapsule/videocapsule/output_files/videocapsule.pin.


+---------------------------------------------------------------------------------------------+
; Fitter Resource Usage Summary                                                               ;
+-------------------------------------------------------------+-----------------------+-------+
; Resource                                                    ; Usage                 ; %     ;
+-------------------------------------------------------------+-----------------------+-------+
; Logic utilization (ALMs needed / total ALMs on device)      ; 2,494 / 41,910        ; 6 %   ;
; ALMs needed [=A-B+C]                                        ; 2,494                 ;       ;
;     [A] ALMs used in final placement [=a+b+c+d]             ; 2,721 / 41,910        ; 6 %   ;
;         [a] ALMs used for LUT logic and registers           ; 732                   ;       ;
;         [b] ALMs used for LUT logic                         ; 1,594                 ;       ;
;         [c] ALMs used for registers                         ; 395                   ;       ;
;         [d] ALMs used for memory (up to half of total ALMs) ; 0                     ;       ;
;     [B] Estimate of ALMs recoverable by dense packing       ; 261 / 41,910          ; < 1 % ;
;     [C] Estimate of ALMs unavailable [=a+b+c+d]             ; 34 / 41,910           ; < 1 % ;
;         [a] Due to location constrained logic               ; 0                     ;       ;
;         [b] Due to LAB-wide signal conflicts                ; 0                     ;       ;
;         [c] Due to LAB input limits                         ; 34                    ;       ;
;         [d] Due to virtual I/Os                             ; 0                     ;       ;
;                                                             ;                       ;       ;
; Difficulty packing design                                   ; Low                   ;       ;
;                                                             ;                       ;       ;
; Total LABs:  partially or completely used                   ; 384 / 4,191           ; 9 %   ;
;     -- Logic LABs                                           ; 384                   ;       ;
;     -- Memory LABs (up to half of total LABs)               ; 0                     ;       ;
;                                                             ;                       ;       ;
; Combinational ALUT usage for logic                          ; 4,070                 ;       ;
;     -- 7 input functions                                    ; 34                    ;       ;
;     -- 6 input functions                                    ; 715                   ;       ;
;     -- 5 input functions                                    ; 921                   ;       ;
;     -- 4 input functions                                    ; 911                   ;       ;
;     -- <=3 input functions                                  ; 1,489                 ;       ;
; Combinational ALUT usage for route-throughs                 ; 387                   ;       ;
; Dedicated logic registers                                   ; 2,423                 ;       ;
;     -- By type:                                             ;                       ;       ;
;         -- Primary logic registers                          ; 2,253 / 83,820        ; 3 %   ;
;         -- Secondary logic registers                        ; 170 / 83,820          ; < 1 % ;
;     -- By function:                                         ;                       ;       ;
;         -- Design implementation registers                  ; 2,298                 ;       ;
;         -- Routing optimization registers                   ; 125                   ;       ;
;                                                             ;                       ;       ;
; Virtual pins                                                ; 0                     ;       ;
; I/O pins                                                    ; 40 / 314              ; 13 %  ;
;     -- Clock pins                                           ; 3 / 8                 ; 38 %  ;
;     -- Dedicated input pins                                 ; 3 / 21                ; 14 %  ;
;                                                             ;                       ;       ;
; Hard processor system peripheral utilization                ;                       ;       ;
;     -- Boot from FPGA                                       ; 0 / 1 ( 0 % )         ;       ;
;     -- Clock resets                                         ; 0 / 1 ( 0 % )         ;       ;
;     -- Cross trigger                                        ; 0 / 1 ( 0 % )         ;       ;
;     -- S2F AXI                                              ; 0 / 1 ( 0 % )         ;       ;
;     -- F2S AXI                                              ; 0 / 1 ( 0 % )         ;       ;
;     -- AXI Lightweight                                      ; 0 / 1 ( 0 % )         ;       ;
;     -- SDRAM                                                ; 0 / 1 ( 0 % )         ;       ;
;     -- Interrupts                                           ; 0 / 1 ( 0 % )         ;       ;
;     -- JTAG                                                 ; 0 / 1 ( 0 % )         ;       ;
;     -- Loan I/O                                             ; 0 / 1 ( 0 % )         ;       ;
;     -- MPU event standby                                    ; 0 / 1 ( 0 % )         ;       ;
;     -- MPU general purpose                                  ; 0 / 1 ( 0 % )         ;       ;
;     -- STM event                                            ; 0 / 1 ( 0 % )         ;       ;
;     -- TPIU trace                                           ; 0 / 1 ( 0 % )         ;       ;
;     -- DMA                                                  ; 0 / 1 ( 0 % )         ;       ;
;     -- CAN                                                  ; 0 / 2 ( 0 % )         ;       ;
;     -- EMAC                                                 ; 0 / 2 ( 0 % )         ;       ;
;     -- I2C                                                  ; 0 / 4 ( 0 % )         ;       ;
;     -- NAND Flash                                           ; 0 / 1 ( 0 % )         ;       ;
;     -- QSPI                                                 ; 0 / 1 ( 0 % )         ;       ;
;     -- SDMMC                                                ; 0 / 1 ( 0 % )         ;       ;
;     -- SPI Master                                           ; 0 / 2 ( 0 % )         ;       ;
;     -- SPI Slave                                            ; 0 / 2 ( 0 % )         ;       ;
;     -- UART                                                 ; 0 / 2 ( 0 % )         ;       ;
;     -- USB                                                  ; 0 / 2 ( 0 % )         ;       ;
;                                                             ;                       ;       ;
; Global signals                                              ; 3                     ;       ;
; M10K blocks                                                 ; 479 / 553             ; 87 %  ;
; Total MLAB memory bits                                      ; 0                     ;       ;
; Total block memory bits                                     ; 3,859,840 / 5,662,720 ; 68 %  ;
; Total block memory implementation bits                      ; 4,904,960 / 5,662,720 ; 87 %  ;
;                                                             ;                       ;       ;
; Total DSP Blocks                                            ; 3 / 112               ; 3 %   ;
;                                                             ;                       ;       ;
; Fractional PLLs                                             ; 1 / 6                 ; 17 %  ;
; Global clocks                                               ; 3 / 16                ; 19 %  ;
; Quadrant clocks                                             ; 0 / 66                ; 0 %   ;
; Horizontal periphery clocks                                 ; 0 / 18                ; 0 %   ;
; SERDES Transmitters                                         ; 0 / 100               ; 0 %   ;
; SERDES Receivers                                            ; 0 / 100               ; 0 %   ;
; JTAGs                                                       ; 1 / 1                 ; 100 % ;
; ASMI blocks                                                 ; 0 / 1                 ; 0 %   ;
; CRC blocks                                                  ; 0 / 1                 ; 0 %   ;
; Remote update blocks                                        ; 0 / 1                 ; 0 %   ;
; Oscillator blocks                                           ; 0 / 1                 ; 0 %   ;
; Impedance control blocks                                    ; 0 / 4                 ; 0 %   ;
; Hard Memory Controllers                                     ; 0 / 1                 ; 0 %   ;
; Average interconnect usage (total/H/V)                      ; 6.2% / 6.3% / 5.8%    ;       ;
; Peak interconnect usage (total/H/V)                         ; 24.6% / 27.5% / 15.9% ;       ;
; Maximum fan-out                                             ; 2525                  ;       ;
; Highest non-global fan-out                                  ; 1332                  ;       ;
; Total fan-out                                               ; 39738                 ;       ;
; Average fan-out                                             ; 5.34                  ;       ;
+-------------------------------------------------------------+-----------------------+-------+


+--------------------------------------------------------------------------------------------------------------------------------------------------------------------+
; Fitter Partition Statistics                                                                                                                                        ;
+-------------------------------------------------------------+-----------------------+----------------------+----------------------+--------------------------------+
; Statistic                                                   ; Top                   ; pzdyqx:nabboc        ; sld_hub:auto_hub     ; hard_block:auto_generated_inst ;
+-------------------------------------------------------------+-----------------------+----------------------+----------------------+--------------------------------+
; Logic utilization (ALMs needed / total ALMs on device)      ; 2482 / 41910 ( 6 % )  ; 67 / 41910 ( < 1 % ) ; 90 / 41910 ( < 1 % ) ; 0 / 41910 ( 0 % )              ;
; ALMs needed [=A-B+C]                                        ; 2482                  ; 67                   ; 90                   ; 0                              ;
;     [A] ALMs used in final placement [=a+b+c+d]             ; 2550 / 41910 ( 6 % )  ; 74 / 41910 ( < 1 % ) ; 98 / 41910 ( < 1 % ) ; 0 / 41910 ( 0 % )              ;
;         [a] ALMs used for LUT logic and registers           ; 697                   ; 11                   ; 24                   ; 0                              ;
;         [b] ALMs used for LUT logic                         ; 1503                  ; 38                   ; 53                   ; 0                              ;
;         [c] ALMs used for registers                         ; 350                   ; 25                   ; 21                   ; 0                              ;
;         [d] ALMs used for memory (up to half of total ALMs) ; 0                     ; 0                    ; 0                    ; 0                              ;
;     [B] Estimate of ALMs recoverable by dense packing       ; 102 / 41910 ( < 1 % ) ; 7 / 41910 ( < 1 % )  ; 8 / 41910 ( < 1 % )  ; 0 / 41910 ( 0 % )              ;
;     [C] Estimate of ALMs unavailable [=a+b+c+d]             ; 34 / 41910 ( < 1 % )  ; 0 / 41910 ( 0 % )    ; 0 / 41910 ( 0 % )    ; 0 / 41910 ( 0 % )              ;
;         [a] Due to location constrained logic               ; 0                     ; 0                    ; 0                    ; 0                              ;
;         [b] Due to LAB-wide signal conflicts                ; 0                     ; 0                    ; 0                    ; 0                              ;
;         [c] Due to LAB input limits                         ; 34                    ; 0                    ; 0                    ; 0                              ;
;         [d] Due to virtual I/Os                             ; 0                     ; 0                    ; 0                    ; 0                              ;
;                                                             ;                       ;                      ;                      ;                                ;
; Difficulty packing design                                   ; Low                   ; Low                  ; Low                  ; Low                            ;
;                                                             ;                       ;                      ;                      ;                                ;
; Total LABs:  partially or completely used                   ; 359 / 4191 ( 9 % )    ; 13 / 4191 ( < 1 % )  ; 14 / 4191 ( < 1 % )  ; 0 / 4191 ( 0 % )               ;
;     -- Logic LABs                                           ; 359                   ; 13                   ; 14                   ; 0                              ;
;     -- Memory LABs (up to half of total LABs)               ; 0                     ; 0                    ; 0                    ; 0                              ;
;                                                             ;                       ;                      ;                      ;                                ;
; Combinational ALUT usage for logic                          ; 3850                  ; 92                   ; 128                  ; 0                              ;
;     -- 7 input functions                                    ; 28                    ; 3                    ; 3                    ; 0                              ;
;     -- 6 input functions                                    ; 675                   ; 13                   ; 27                   ; 0                              ;
;     -- 5 input functions                                    ; 881                   ; 15                   ; 25                   ; 0                              ;
;     -- 4 input functions                                    ; 883                   ; 17                   ; 11                   ; 0                              ;
;     -- <=3 input functions                                  ; 1383                  ; 44                   ; 62                   ; 0                              ;
; Combinational ALUT usage for route-throughs                 ; 334                   ; 34                   ; 19                   ; 0                              ;
; Memory ALUT usage                                           ; 0                     ; 0                    ; 0                    ; 0                              ;
;     -- 64-address deep                                      ; 0                     ; 0                    ; 0                    ; 0                              ;
;     -- 32-address deep                                      ; 0                     ; 0                    ; 0                    ; 0                              ;
;                                                             ;                       ;                      ;                      ;                                ;
; Dedicated logic registers                                   ; 0                     ; 0                    ; 0                    ; 0                              ;
;     -- By type:                                             ;                       ;                      ;                      ;                                ;
;         -- Primary logic registers                          ; 2093 / 83820 ( 2 % )  ; 71 / 83820 ( < 1 % ) ; 89 / 83820 ( < 1 % ) ; 0 / 83820 ( 0 % )              ;
;         -- Secondary logic registers                        ; 158 / 83820 ( < 1 % ) ; 5 / 83820 ( < 1 % )  ; 7 / 83820 ( < 1 % )  ; 0 / 83820 ( 0 % )              ;
;     -- By function:                                         ;                       ;                      ;                      ;                                ;
;         -- Design implementation registers                  ; 2137                  ; 72                   ; 89                   ; 0                              ;
;         -- Routing optimization registers                   ; 114                   ; 4                    ; 7                    ; 0                              ;
;                                                             ;                       ;                      ;                      ;                                ;
;                                                             ;                       ;                      ;                      ;                                ;
; Virtual pins                                                ; 0                     ; 0                    ; 0                    ; 0                              ;
; I/O pins                                                    ; 37                    ; 0                    ; 0                    ; 3                              ;
; I/O registers                                               ; 0                     ; 0                    ; 0                    ; 0                              ;
; Total block memory bits                                     ; 3859840               ; 0                    ; 0                    ; 0                              ;
; Total block memory implementation bits                      ; 4904960               ; 0                    ; 0                    ; 0                              ;
; JTAG                                                        ; 0 / 1 ( 0 % )         ; 0 / 1 ( 0 % )        ; 0 / 1 ( 0 % )        ; 1 / 1 ( 100 % )                ;
; M10K block                                                  ; 479 / 553 ( 86 % )    ; 0 / 553 ( 0 % )      ; 0 / 553 ( 0 % )      ; 0 / 553 ( 0 % )                ;
; DSP block                                                   ; 3 / 112 ( 2 % )       ; 0 / 112 ( 0 % )      ; 0 / 112 ( 0 % )      ; 0 / 112 ( 0 % )                ;
; Clock enable block                                          ; 0 / 116 ( 0 % )       ; 0 / 116 ( 0 % )      ; 0 / 116 ( 0 % )      ; 3 / 116 ( 2 % )                ;
; Fractional PLL                                              ; 0 / 6 ( 0 % )         ; 0 / 6 ( 0 % )        ; 0 / 6 ( 0 % )        ; 1 / 6 ( 16 % )                 ;
; PLL Output Counter                                          ; 0 / 54 ( 0 % )        ; 0 / 54 ( 0 % )       ; 0 / 54 ( 0 % )       ; 2 / 54 ( 3 % )                 ;
; PLL Reconfiguration Block                                   ; 0 / 6 ( 0 % )         ; 0 / 6 ( 0 % )        ; 0 / 6 ( 0 % )        ; 1 / 6 ( 16 % )                 ;
; PLL Reference Clock Select Block                            ; 0 / 6 ( 0 % )         ; 0 / 6 ( 0 % )        ; 0 / 6 ( 0 % )        ; 1 / 6 ( 16 % )                 ;
;                                                             ;                       ;                      ;                      ;                                ;
; Connections                                                 ;                       ;                      ;                      ;                                ;
;     -- Input Connections                                    ; 3318                  ; 64                   ; 152                  ; 1                              ;
;     -- Registered Input Connections                         ; 3016                  ; 29                   ; 104                  ; 0                              ;
;     -- Output Connections                                   ; 9                     ; 6                    ; 234                  ; 3286                           ;
;     -- Registered Output Connections                        ; 6                     ; 5                    ; 233                  ; 0                              ;
;                                                             ;                       ;                      ;                      ;                                ;
; Internal Connections                                        ;                       ;                      ;                      ;                                ;
;     -- Total Connections                                    ; 45776                 ; 573                  ; 1055                 ; 3346                           ;
;     -- Registered Connections                               ; 22700                 ; 349                  ; 775                  ; 0                              ;
;                                                             ;                       ;                      ;                      ;                                ;
; External Connections                                        ;                       ;                      ;                      ;                                ;
;     -- Top                                                  ; 0                     ; 1                    ; 207                  ; 3119                           ;
;     -- pzdyqx:nabboc                                        ; 1                     ; 0                    ; 38                   ; 31                             ;
;     -- sld_hub:auto_hub                                     ; 207                   ; 38                   ; 4                    ; 137                            ;
;     -- hard_block:auto_generated_inst                       ; 3119                  ; 31                   ; 137                  ; 0                              ;
;                                                             ;                       ;                      ;                      ;                                ;
; Partition Interface                                         ;                       ;                      ;                      ;                                ;
;     -- Input Ports                                          ; 56                    ; 11                   ; 86                   ; 6                              ;
;     -- Output Ports                                         ; 43                    ; 4                    ; 104                  ; 15                             ;
;     -- Bidir Ports                                          ; 0                     ; 0                    ; 0                    ; 0                              ;
;                                                             ;                       ;                      ;                      ;                                ;
; Registered Ports                                            ;                       ;                      ;                      ;                                ;
;     -- Registered Input Ports                               ; 0                     ; 2                    ; 3                    ; 0                              ;
;     -- Registered Output Ports                              ; 0                     ; 3                    ; 59                   ; 0                              ;
;                                                             ;                       ;                      ;                      ;                                ;
; Port Connectivity                                           ;                       ;                      ;                      ;                                ;
;     -- Input Ports driven by GND                            ; 0                     ; 0                    ; 3                    ; 0                              ;
;     -- Output Ports driven by GND                           ; 0                     ; 0                    ; 29                   ; 0                              ;
;     -- Input Ports driven by VCC                            ; 0                     ; 0                    ; 0                    ; 0                              ;
;     -- Output Ports driven by VCC                           ; 0                     ; 0                    ; 0                    ; 0                              ;
;     -- Input Ports with no Source                           ; 0                     ; 0                    ; 67                   ; 0                              ;
;     -- Output Ports with no Source                          ; 0                     ; 0                    ; 0                    ; 0                              ;
;     -- Input Ports with no Fanout                           ; 0                     ; 2                    ; 72                   ; 0                              ;
;     -- Output Ports with no Fanout                          ; 0                     ; 0                    ; 73                   ; 0                              ;
+-------------------------------------------------------------+-----------------------+----------------------+----------------------+--------------------------------+


+----------------------------------------------------------------------------------------------------------------------------------------------------------------------------------------------------------------------------------------------------------------------------------------------+
; Input Pins                                                                                                                                                                                                                                                                                   ;
+---------------+-------+----------+--------------+--------------+--------------+-----------------------+--------------------+--------+----------------+-----------------+----------+--------------+--------------+-------------+---------------------------+----------------------+-----------+
; Name          ; Pin # ; I/O Bank ; X coordinate ; Y coordinate ; Z coordinate ; Combinational Fan-Out ; Registered Fan-Out ; Global ; Input Register ; PCI I/O Enabled ; Bus Hold ; Weak Pull Up ; I/O Standard ; Termination ; Termination Control Block ; Location assigned by ; Slew Rate ;
+---------------+-------+----------+--------------+--------------+--------------+-----------------------+--------------------+--------+----------------+-----------------+----------+--------------+--------------+-------------+---------------------------+----------------------+-----------+
; RGB_value     ; W21   ; 5B       ; 89           ; 23           ; 3            ; 3                     ; 0                  ; no     ; no             ; no              ; no       ; Off          ; 3.3-V LVTTL  ; Off         ; --                        ; User                 ; no        ;
; clk_clk       ; V11   ; 3B       ; 32           ; 0            ; 0            ; 2526                  ; 0                  ; yes    ; no             ; no              ; no       ; Off          ; 3.3-V LVTTL  ; Off         ; --                        ; User                 ; no        ;
; reset_reset_n ; Y24   ; 5B       ; 89           ; 25           ; 3            ; 5                     ; 0                  ; no     ; no             ; no              ; no       ; Off          ; 3.3-V LVTTL  ; Off         ; --                        ; User                 ; no        ;
; synchro_trame ; W24   ; 5B       ; 89           ; 25           ; 20           ; 0                     ; 0                  ; no     ; no             ; no              ; no       ; Off          ; 3.3-V LVTTL  ; Off         ; --                        ; User                 ; no        ;
+---------------+-------+----------+--------------+--------------+--------------+-----------------------+--------------------+--------+----------------+-----------------+----------+--------------+--------------+-------------+---------------------------+----------------------+-----------+


+----------------------------------------------------------------------------------------------------------------------------------------------------------------------------------------------------------------------------------------------------------------------------------------------------------------------------------------------------------------------------------------------------------------------------------------------------------------------------------------------------+
; Output Pins                                                                                                                                                                                                                                                                                                                                                                                                                                                                                        ;
+-------------------------------------+-------+----------+--------------+--------------+--------------+-----------------+------------------------+-----------+-----------------+------------+---------------+----------+--------------+--------------+------------------+-------------+---------------------------+----------------------------+-----------------------------+---------------------+-----------------------------+----------------------+----------------------+---------------------+
; Name                                ; Pin # ; I/O Bank ; X coordinate ; Y coordinate ; Z coordinate ; Output Register ; Output Enable Register ; Slew Rate ; PCI I/O Enabled ; Open Drain ; TRI Primitive ; Bus Hold ; Weak Pull Up ; I/O Standard ; Current Strength ; Termination ; Termination Control Block ; Output Buffer Pre-emphasis ; Voltage Output Differential ; Output Buffer Delay ; Output Buffer Delay Control ; Location assigned by ; Output Enable Source ; Output Enable Group ;
+-------------------------------------+-------+----------+--------------+--------------+--------------+-----------------+------------------------+-----------+-----------------+------------+---------------+----------+--------------+--------------+------------------+-------------+---------------------------+----------------------------+-----------------------------+---------------------+-----------------------------+----------------------+----------------------+---------------------+
; hdmi_clk                            ; AG5   ; 3B       ; 38           ; 0            ; 34           ; no              ; no                     ; 1         ; no              ; no         ; no            ; no       ; Off          ; 3.3-V LVTTL  ; 16mA             ; Off         ; --                        ; no                         ; no                          ; 0                   ; Off                         ; User                 ; -                    ; -                   ;
; hdmi_data[0]                        ; AD12  ; 3B       ; 38           ; 0            ; 17           ; no              ; no                     ; 1         ; no              ; no         ; no            ; no       ; Off          ; 3.3-V LVTTL  ; 16mA             ; Off         ; --                        ; no                         ; no                          ; 0                   ; Off                         ; User                 ; -                    ; -                   ;
; hdmi_data[10]                       ; AE9   ; 3B       ; 26           ; 0            ; 57           ; no              ; no                     ; 1         ; no              ; no         ; no            ; no       ; Off          ; 3.3-V LVTTL  ; 16mA             ; Off         ; --                        ; no                         ; no                          ; 0                   ; Off                         ; User                 ; -                    ; -                   ;
; hdmi_data[11]                       ; AB4   ; 3A       ; 4            ; 0            ; 51           ; no              ; no                     ; 1         ; no              ; no         ; no            ; no       ; Off          ; 3.3-V LVTTL  ; 16mA             ; Off         ; --                        ; no                         ; no                          ; 0                   ; Off                         ; User                 ; -                    ; -                   ;
; hdmi_data[12]                       ; AE7   ; 3B       ; 28           ; 0            ; 34           ; no              ; no                     ; 1         ; no              ; no         ; no            ; no       ; Off          ; 3.3-V LVTTL  ; 16mA             ; Off         ; --                        ; no                         ; no                          ; 0                   ; Off                         ; User                 ; -                    ; -                   ;
; hdmi_data[13]                       ; AF6   ; 3B       ; 32           ; 0            ; 51           ; no              ; no                     ; 1         ; no              ; no         ; no            ; no       ; Off          ; 3.3-V LVTTL  ; 16mA             ; Off         ; --                        ; no                         ; no                          ; 0                   ; Off                         ; User                 ; -                    ; -                   ;
; hdmi_data[14]                       ; AF8   ; 3B       ; 28           ; 0            ; 51           ; no              ; no                     ; 1         ; no              ; no         ; no            ; no       ; Off          ; 3.3-V LVTTL  ; 16mA             ; Off         ; --                        ; no                         ; no                          ; 0                   ; Off                         ; User                 ; -                    ; -                   ;
; hdmi_data[15]                       ; AF5   ; 3B       ; 32           ; 0            ; 34           ; no              ; no                     ; 1         ; no              ; no         ; no            ; no       ; Off          ; 3.3-V LVTTL  ; 16mA             ; Off         ; --                        ; no                         ; no                          ; 0                   ; Off                         ; User                 ; -                    ; -                   ;
; hdmi_data[16]                       ; AE4   ; 3B       ; 26           ; 0            ; 74           ; no              ; no                     ; 1         ; no              ; no         ; no            ; no       ; Off          ; 3.3-V LVTTL  ; 16mA             ; Off         ; --                        ; no                         ; no                          ; 0                   ; Off                         ; User                 ; -                    ; -                   ;
; hdmi_data[17]                       ; AH2   ; 3B       ; 36           ; 0            ; 51           ; no              ; no                     ; 1         ; no              ; no         ; no            ; no       ; Off          ; 3.3-V LVTTL  ; 16mA             ; Off         ; --                        ; no                         ; no                          ; 0                   ; Off                         ; User                 ; -                    ; -                   ;
; hdmi_data[18]                       ; AH4   ; 3B       ; 38           ; 0            ; 51           ; no              ; no                     ; 1         ; no              ; no         ; no            ; no       ; Off          ; 3.3-V LVTTL  ; 16mA             ; Off         ; --                        ; no                         ; no                          ; 0                   ; Off                         ; User                 ; -                    ; -                   ;
; hdmi_data[19]                       ; AH5   ; 3B       ; 40           ; 0            ; 51           ; no              ; no                     ; 1         ; no              ; no         ; no            ; no       ; Off          ; 3.3-V LVTTL  ; 16mA             ; Off         ; --                        ; no                         ; no                          ; 0                   ; Off                         ; User                 ; -                    ; -                   ;
; hdmi_data[1]                        ; AE12  ; 3B       ; 38           ; 0            ; 0            ; no              ; no                     ; 1         ; no              ; no         ; no            ; no       ; Off          ; 3.3-V LVTTL  ; 16mA             ; Off         ; --                        ; no                         ; no                          ; 0                   ; Off                         ; User                 ; -                    ; -                   ;
; hdmi_data[20]                       ; AH6   ; 3B       ; 40           ; 0            ; 34           ; no              ; no                     ; 1         ; no              ; no         ; no            ; no       ; Off          ; 3.3-V LVTTL  ; 16mA             ; Off         ; --                        ; no                         ; no                          ; 0                   ; Off                         ; User                 ; -                    ; -                   ;
; hdmi_data[21]                       ; AG6   ; 3B       ; 34           ; 0            ; 91           ; no              ; no                     ; 1         ; no              ; no         ; no            ; no       ; Off          ; 3.3-V LVTTL  ; 16mA             ; Off         ; --                        ; no                         ; no                          ; 0                   ; Off                         ; User                 ; -                    ; -                   ;
; hdmi_data[22]                       ; AF9   ; 3B       ; 30           ; 0            ; 51           ; no              ; no                     ; 1         ; no              ; no         ; no            ; no       ; Off          ; 3.3-V LVTTL  ; 16mA             ; Off         ; --                        ; no                         ; no                          ; 0                   ; Off                         ; User                 ; -                    ; -                   ;
; hdmi_data[23]                       ; AE8   ; 3B       ; 30           ; 0            ; 34           ; no              ; no                     ; 1         ; no              ; no         ; no            ; no       ; Off          ; 3.3-V LVTTL  ; 16mA             ; Off         ; --                        ; no                         ; no                          ; 0                   ; Off                         ; User                 ; -                    ; -                   ;
; hdmi_data[2]                        ; W8    ; 3A       ; 2            ; 0            ; 40           ; no              ; no                     ; 1         ; no              ; no         ; no            ; no       ; Off          ; 3.3-V LVTTL  ; 16mA             ; Off         ; --                        ; no                         ; no                          ; 0                   ; Off                         ; User                 ; -                    ; -                   ;
; hdmi_data[3]                        ; Y8    ; 3A       ; 2            ; 0            ; 57           ; no              ; no                     ; 1         ; no              ; no         ; no            ; no       ; Off          ; 3.3-V LVTTL  ; 16mA             ; Off         ; --                        ; no                         ; no                          ; 0                   ; Off                         ; User                 ; -                    ; -                   ;
; hdmi_data[4]                        ; AD11  ; 3B       ; 30           ; 0            ; 0            ; no              ; no                     ; 1         ; no              ; no         ; no            ; no       ; Off          ; 3.3-V LVTTL  ; 16mA             ; Off         ; --                        ; no                         ; no                          ; 0                   ; Off                         ; User                 ; -                    ; -                   ;
; hdmi_data[5]                        ; AD10  ; 3B       ; 26           ; 0            ; 40           ; no              ; no                     ; 1         ; no              ; no         ; no            ; no       ; Off          ; 3.3-V LVTTL  ; 16mA             ; Off         ; --                        ; no                         ; no                          ; 0                   ; Off                         ; User                 ; -                    ; -                   ;
; hdmi_data[6]                        ; AE11  ; 3B       ; 30           ; 0            ; 17           ; no              ; no                     ; 1         ; no              ; no         ; no            ; no       ; Off          ; 3.3-V LVTTL  ; 16mA             ; Off         ; --                        ; no                         ; no                          ; 0                   ; Off                         ; User                 ; -                    ; -                   ;
; hdmi_data[7]                        ; Y5    ; 3A       ; 2            ; 0            ; 74           ; no              ; no                     ; 1         ; no              ; no         ; no            ; no       ; Off          ; 3.3-V LVTTL  ; 16mA             ; Off         ; --                        ; no                         ; no                          ; 0                   ; Off                         ; User                 ; -                    ; -                   ;
; hdmi_data[8]                        ; AF10  ; 3B       ; 34           ; 0            ; 57           ; no              ; no                     ; 1         ; no              ; no         ; no            ; no       ; Off          ; 3.3-V LVTTL  ; 16mA             ; Off         ; --                        ; no                         ; no                          ; 0                   ; Off                         ; User                 ; -                    ; -                   ;
; hdmi_data[9]                        ; Y4    ; 3A       ; 2            ; 0            ; 91           ; no              ; no                     ; 1         ; no              ; no         ; no            ; no       ; Off          ; 3.3-V LVTTL  ; 16mA             ; Off         ; --                        ; no                         ; no                          ; 0                   ; Off                         ; User                 ; -                    ; -                   ;
; hdmi_de                             ; AD19  ; 4A       ; 66           ; 0            ; 57           ; no              ; no                     ; 1         ; no              ; no         ; no            ; no       ; Off          ; 3.3-V LVTTL  ; 16mA             ; Off         ; --                        ; no                         ; no                          ; 0                   ; Off                         ; User                 ; -                    ; -                   ;
; hdmi_hs                             ; T8    ; 3A       ; 4            ; 0            ; 17           ; no              ; no                     ; 1         ; no              ; no         ; no            ; no       ; Off          ; 3.3-V LVTTL  ; 16mA             ; Off         ; --                        ; no                         ; no                          ; 0                   ; Off                         ; User                 ; -                    ; -                   ;
; hdmi_vs                             ; V13   ; 4A       ; 60           ; 0            ; 17           ; no              ; no                     ; 1         ; no              ; no         ; no            ; no       ; Off          ; 3.3-V LVTTL  ; 16mA             ; Off         ; --                        ; no                         ; no                          ; 0                   ; Off                         ; User                 ; -                    ; -                   ;
; pio_0_external_connection_export[0] ; AA23  ; 5A       ; 89           ; 9            ; 54           ; no              ; no                     ; 1         ; no              ; no         ; no            ; no       ; Off          ; 3.3-V LVTTL  ; 16mA             ; Off         ; --                        ; no                         ; no                          ; 0                   ; Off                         ; User                 ; -                    ; -                   ;
; pio_0_external_connection_export[1] ; Y16   ; 5A       ; 89           ; 8            ; 3            ; no              ; no                     ; 1         ; no              ; no         ; no            ; no       ; Off          ; 3.3-V LVTTL  ; 16mA             ; Off         ; --                        ; no                         ; no                          ; 0                   ; Off                         ; User                 ; -                    ; -                   ;
; pio_0_external_connection_export[2] ; AE26  ; 5A       ; 89           ; 4            ; 94           ; no              ; no                     ; 1         ; no              ; no         ; no            ; no       ; Off          ; 3.3-V LVTTL  ; 16mA             ; Off         ; --                        ; no                         ; no                          ; 0                   ; Off                         ; User                 ; -                    ; -                   ;
; pio_0_external_connection_export[3] ; AF26  ; 5A       ; 89           ; 4            ; 77           ; no              ; no                     ; 1         ; no              ; no         ; no            ; no       ; Off          ; 3.3-V LVTTL  ; 16mA             ; Off         ; --                        ; no                         ; no                          ; 0                   ; Off                         ; User                 ; -                    ; -                   ;
; pio_0_external_connection_export[4] ; V15   ; 5A       ; 89           ; 9            ; 20           ; no              ; no                     ; 1         ; no              ; no         ; no            ; no       ; Off          ; 3.3-V LVTTL  ; 16mA             ; Off         ; --                        ; no                         ; no                          ; 0                   ; Off                         ; User                 ; -                    ; -                   ;
; pio_0_external_connection_export[5] ; V16   ; 5A       ; 89           ; 9            ; 3            ; no              ; no                     ; 1         ; no              ; no         ; no            ; no       ; Off          ; 3.3-V LVTTL  ; 16mA             ; Off         ; --                        ; no                         ; no                          ; 0                   ; Off                         ; User                 ; -                    ; -                   ;
; pio_0_external_connection_export[6] ; AA24  ; 5A       ; 89           ; 9            ; 37           ; no              ; no                     ; 1         ; no              ; no         ; no            ; no       ; Off          ; 3.3-V LVTTL  ; 16mA             ; Off         ; --                        ; no                         ; no                          ; 0                   ; Off                         ; User                 ; -                    ; -                   ;
; pio_0_external_connection_export[7] ; W15   ; 5A       ; 89           ; 8            ; 20           ; no              ; no                     ; 1         ; no              ; no         ; no            ; no       ; Off          ; 3.3-V LVTTL  ; 16mA             ; Off         ; --                        ; no                         ; no                          ; 0                   ; Off                         ; User                 ; -                    ; -                   ;
+-------------------------------------+-------+----------+--------------+--------------+--------------+-----------------+------------------------+-----------+-----------------+------------+---------------+----------+--------------+--------------+------------------+-------------+---------------------------+----------------------------+-----------------------------+---------------------+-----------------------------+----------------------+----------------------+---------------------+


+----------------------------------------------------------------------------+
; I/O Bank Usage                                                             ;
+----------+------------------+---------------+--------------+---------------+
; I/O Bank ; Usage            ; VCCIO Voltage ; VREF Voltage ; VCCPD Voltage ;
+----------+------------------+---------------+--------------+---------------+
; B2L      ; 0 / 0 ( -- )     ; --            ; --           ; --            ;
; B1L      ; 0 / 0 ( -- )     ; --            ; --           ; --            ;
; 3A       ; 6 / 16 ( 38 % )  ; 3.3V          ; --           ; 3.3V          ;
; 3B       ; 21 / 32 ( 66 % ) ; 3.3V          ; --           ; 3.3V          ;
; 4A       ; 2 / 68 ( 3 % )   ; 3.3V          ; --           ; 3.3V          ;
; 5A       ; 8 / 16 ( 50 % )  ; 3.3V          ; --           ; 3.3V          ;
; 5B       ; 3 / 7 ( 43 % )   ; 3.3V          ; --           ; 3.3V          ;
; 6B       ; 0 / 44 ( 0 % )   ; 2.5V          ; --           ; 2.5V          ;
; 6A       ; 0 / 56 ( 0 % )   ; 2.5V          ; --           ; 2.5V          ;
; 7A       ; 0 / 19 ( 0 % )   ; 2.5V          ; --           ; 2.5V          ;
; 7B       ; 0 / 22 ( 0 % )   ; 2.5V          ; --           ; 2.5V          ;
; 7C       ; 0 / 12 ( 0 % )   ; 2.5V          ; --           ; 2.5V          ;
; 7D       ; 0 / 14 ( 0 % )   ; 2.5V          ; --           ; 2.5V          ;
; 8A       ; 0 / 6 ( 0 % )    ; 2.5V          ; --           ; 2.5V          ;
+----------+------------------+---------------+--------------+---------------+


+---------------------------------------------------------------------------------------------------------------------------------------------------------------------------------+
; All Package Pins                                                                                                                                                                ;
+----------+------------+----------+-------------------------------------+--------+--------------+---------------------+--------------+-----------------+----------+--------------+
; Location ; Pad Number ; I/O Bank ; Pin Name/Usage                      ; Dir.   ; I/O Standard ; Voltage             ; I/O Type     ; User Assignment ; Bus Hold ; Weak Pull Up ;
+----------+------------+----------+-------------------------------------+--------+--------------+---------------------+--------------+-----------------+----------+--------------+
; A2       ;            ;          ; DNU                                 ;        ;              ;                     ; --           ;                 ; --       ; --           ;
; A3       ;            ;          ; GND                                 ; gnd    ;              ;                     ; --           ;                 ; --       ; --           ;
; A4       ; 435        ; 7C       ; RESERVED_INPUT_WITH_WEAK_PULLUP     ;        ;              ;                     ; Column I/O   ;                 ; no       ; On           ;
; A5       ; 431        ; 7C       ; RESERVED_INPUT_WITH_WEAK_PULLUP     ;        ;              ;                     ; Column I/O   ;                 ; no       ; On           ;
; A6       ; 425        ; 7B       ; RESERVED_INPUT_WITH_WEAK_PULLUP     ;        ;              ;                     ; Column I/O   ;                 ; no       ; On           ;
; A7       ; 423        ; 7B       ; RESERVED_INPUT_WITH_WEAK_PULLUP     ;        ;              ;                     ; Column I/O   ;                 ; no       ; On           ;
; A8       ; 421        ; 7B       ; RESERVED_INPUT_WITH_WEAK_PULLUP     ;        ;              ;                     ; Column I/O   ;                 ; no       ; On           ;
; A9       ; 419        ; 7B       ; RESERVED_INPUT_WITH_WEAK_PULLUP     ;        ;              ;                     ; Column I/O   ;                 ; no       ; On           ;
; A10      ;            ;          ; GND                                 ; gnd    ;              ;                     ; --           ;                 ; --       ; --           ;
; A11      ; 417        ; 7B       ; RESERVED_INPUT_WITH_WEAK_PULLUP     ;        ;              ;                     ; Column I/O   ;                 ; no       ; On           ;
; A12      ; 415        ; 7B       ; RESERVED_INPUT_WITH_WEAK_PULLUP     ;        ;              ;                     ; Column I/O   ;                 ; no       ; On           ;
; A13      ; 413        ; 7B       ; RESERVED_INPUT_WITH_WEAK_PULLUP     ;        ;              ;                     ; Column I/O   ;                 ; no       ; On           ;
; A14      ; 411        ; 7B       ; RESERVED_INPUT_WITH_WEAK_PULLUP     ;        ;              ;                     ; Column I/O   ;                 ; no       ; On           ;
; A15      ; 409        ; 7B       ; RESERVED_INPUT_WITH_WEAK_PULLUP     ;        ;              ;                     ; Column I/O   ;                 ; no       ; On           ;
; A16      ; 407        ; 7B       ; RESERVED_INPUT_WITH_WEAK_PULLUP     ;        ;              ;                     ; Column I/O   ;                 ; no       ; On           ;
; A17      ; 399        ; 7A       ; RESERVED_INPUT_WITH_WEAK_PULLUP     ;        ;              ;                     ; Column I/O   ;                 ; no       ; On           ;
; A18      ; 395        ; 7A       ; RESERVED_INPUT_WITH_WEAK_PULLUP     ;        ;              ;                     ; Column I/O   ;                 ; no       ; On           ;
; A19      ; 393        ; 7A       ; RESERVED_INPUT_WITH_WEAK_PULLUP     ;        ;              ;                     ; Column I/O   ;                 ; no       ; On           ;
; A20      ; 391        ; 7A       ; RESERVED_INPUT_WITH_WEAK_PULLUP     ;        ;              ;                     ; Column I/O   ;                 ; no       ; On           ;
; A21      ; 389        ; 7A       ; RESERVED_INPUT_WITH_WEAK_PULLUP     ;        ;              ;                     ; Column I/O   ;                 ; no       ; On           ;
; A22      ; 387        ; 7A       ; RESERVED_INPUT_WITH_WEAK_PULLUP     ;        ;              ;                     ; Column I/O   ;                 ; no       ; On           ;
; A23      ; 374        ; 7A       ; ^HPS_nRST                           ;        ;              ;                     ; --           ;                 ; --       ; --           ;
; A24      ; 361        ; 6A       ; RESERVED_INPUT_WITH_WEAK_PULLUP     ;        ;              ;                     ; Row I/O      ;                 ; no       ; On           ;
; A25      ; 359        ; 6A       ; RESERVED_INPUT_WITH_WEAK_PULLUP     ;        ;              ;                     ; Row I/O      ;                 ; no       ; On           ;
; A26      ; 357        ; 6A       ; RESERVED_INPUT_WITH_WEAK_PULLUP     ;        ;              ;                     ; Row I/O      ;                 ; no       ; On           ;
; A27      ; 353        ; 6A       ; RESERVED_INPUT_WITH_WEAK_PULLUP     ;        ;              ;                     ; Row I/O      ;                 ; no       ; On           ;
; AA1      ;            ;          ; GND                                 ; gnd    ;              ;                     ; --           ;                 ; --       ; --           ;
; AA2      ;            ;          ; GND                                 ; gnd    ;              ;                     ; --           ;                 ; --       ; --           ;
; AA3      ;            ;          ; GND                                 ; gnd    ;              ;                     ; --           ;                 ; --       ; --           ;
; AA4      ; 59         ; 3A       ; RESERVED_INPUT_WITH_WEAK_PULLUP     ;        ;              ;                     ; Column I/O   ;                 ; no       ; On           ;
; AA5      ;            ; 3A       ; VCCIO3A                             ; power  ;              ; 3.3V                ; --           ;                 ; --       ; --           ;
; AA6      ; 43         ; 3A       ; ^nCSO, DATA4                        ;        ;              ;                     ; Weak Pull Up ;                 ; --       ; On           ;
; AA8      ; 50         ; 3A       ; ^DCLK                               ;        ;              ;                     ; Weak Pull Up ;                 ; --       ; On           ;
; AA9      ;            ;          ; GND                                 ; gnd    ;              ;                     ; --           ;                 ; --       ; --           ;
; AA10     ;            ; 3A       ; VCCPD3A                             ; power  ;              ; 3.3V                ; --           ;                 ; --       ; --           ;
; AA11     ; 64         ; 3A       ; RESERVED_INPUT_WITH_WEAK_PULLUP     ;        ;              ;                     ; Column I/O   ;                 ; no       ; On           ;
; AA12     ;            ; 3B       ; VCCIO3B                             ; power  ;              ; 3.3V                ; --           ;                 ; --       ; --           ;
; AA13     ; 144        ; 4A       ; RESERVED_INPUT_WITH_WEAK_PULLUP     ;        ;              ;                     ; Column I/O   ;                 ; no       ; On           ;
; AA14     ;            ; --       ; VCCPD3B4A                           ; power  ;              ; 3.3V                ; --           ;                 ; --       ; --           ;
; AA15     ; 160        ; 4A       ; RESERVED_INPUT_WITH_WEAK_PULLUP     ;        ;              ;                     ; Column I/O   ;                 ; no       ; On           ;
; AA16     ;            ; 4A       ; VCCIO4A                             ; power  ;              ; 3.3V                ; --           ;                 ; --       ; --           ;
; AA17     ;            ;          ; GND                                 ; gnd    ;              ;                     ; --           ;                 ; --       ; --           ;
; AA18     ; 168        ; 4A       ; RESERVED_INPUT_WITH_WEAK_PULLUP     ;        ;              ;                     ; Column I/O   ;                 ; no       ; On           ;
; AA19     ; 170        ; 4A       ; RESERVED_INPUT_WITH_WEAK_PULLUP     ;        ;              ;                     ; Column I/O   ;                 ; no       ; On           ;
; AA20     ; 213        ; 5A       ; RESERVED_INPUT_WITH_WEAK_PULLUP     ;        ;              ;                     ; Row I/O      ;                 ; no       ; On           ;
; AA21     ;            ; --       ; VCCA_FPLL                           ; power  ;              ; 2.5V                ; --           ;                 ; --       ; --           ;
; AA23     ; 226        ; 5A       ; pio_0_external_connection_export[0] ; output ; 3.3-V LVTTL  ;                     ; Row I/O      ; Y               ; no       ; Off          ;
; AA24     ; 224        ; 5A       ; pio_0_external_connection_export[6] ; output ; 3.3-V LVTTL  ;                     ; Row I/O      ; Y               ; no       ; Off          ;
; AA25     ;            ; 5B       ; VREFB5BN0                           ; power  ;              ;                     ; --           ;                 ; --       ; --           ;
; AA26     ; 255        ; 5B       ; RESERVED_INPUT_WITH_WEAK_PULLUP     ;        ;              ;                     ; Row I/O      ;                 ; no       ; On           ;
; AA27     ; 279        ; 6B       ; RESERVED_INPUT_WITH_WEAK_PULLUP     ;        ;              ;                     ; Row I/O      ;                 ; no       ; On           ;
; AA28     ; 289        ; 6B       ; RESERVED_INPUT_WITH_WEAK_PULLUP     ;        ;              ;                     ; Row I/O      ;                 ; no       ; On           ;
; AB1      ;            ;          ; GND                                 ; gnd    ;              ;                     ; --           ;                 ; --       ; --           ;
; AB2      ;            ;          ; GND                                 ; gnd    ;              ;                     ; --           ;                 ; --       ; --           ;
; AB3      ;            ;          ; GND                                 ; gnd    ;              ;                     ; --           ;                 ; --       ; --           ;
; AB4      ; 57         ; 3A       ; hdmi_data[11]                       ; output ; 3.3-V LVTTL  ;                     ; Column I/O   ; Y               ; no       ; Off          ;
; AB5      ; 46         ; 3A       ; altera_reserved_tck                 ; input  ; 3.3-V LVTTL  ;                     ; --           ; N               ; no       ; Off          ;
; AB6      ; 45         ; 3A       ; ^AS_DATA3, DATA3                    ;        ;              ;                     ; Weak Pull Up ;                 ; --       ; On           ;
; AB23     ; 222        ; 5A       ; RESERVED_INPUT_WITH_WEAK_PULLUP     ;        ;              ;                     ; Row I/O      ;                 ; no       ; On           ;
; AB24     ;            ;          ; GND                                 ; gnd    ;              ;                     ; --           ;                 ; --       ; --           ;
; AB25     ; 259        ; 5B       ; RESERVED_INPUT_WITH_WEAK_PULLUP     ;        ;              ;                     ; Row I/O      ;                 ; no       ; On           ;
; AB26     ; 253        ; 5B       ; RESERVED_INPUT_WITH_WEAK_PULLUP     ;        ;              ;                     ; Row I/O      ;                 ; no       ; On           ;
; AB27     ;            ;          ; GND                                 ; gnd    ;              ;                     ; --           ;                 ; --       ; --           ;
; AB28     ; 277        ; 6B       ; RESERVED_INPUT_WITH_WEAK_PULLUP     ;        ;              ;                     ; Row I/O      ;                 ; no       ; On           ;
; AC1      ;            ;          ; GND                                 ; gnd    ;              ;                     ; --           ;                 ; --       ; --           ;
; AC2      ;            ;          ; GND                                 ; gnd    ;              ;                     ; --           ;                 ; --       ; --           ;
; AC3      ;            ;          ; GND                                 ; gnd    ;              ;                     ; --           ;                 ; --       ; --           ;
; AC4      ; 63         ; 3A       ; RESERVED_INPUT_WITH_WEAK_PULLUP     ;        ;              ;                     ; Column I/O   ;                 ; no       ; On           ;
; AC5      ; 47         ; 3A       ; ^AS_DATA2, DATA2                    ;        ;              ;                     ; Weak Pull Up ;                 ; --       ; On           ;
; AC6      ; 49         ; 3A       ; ^AS_DATA1, DATA1                    ;        ;              ;                     ; Weak Pull Up ;                 ; --       ; On           ;
; AC7      ; 44         ; 3A       ; altera_reserved_tms                 ; input  ; 3.3-V LVTTL  ;                     ; --           ; N               ; no       ; Off          ;
; AC8      ;            ; --       ; VCC_AUX                             ; power  ;              ; 2.5V                ; --           ;                 ; --       ; --           ;
; AC21     ;            ; --       ; VCC_AUX                             ; power  ;              ; 2.5V                ; --           ;                 ; --       ; --           ;
; AC22     ; 202        ; 4A       ; RESERVED_INPUT_WITH_WEAK_PULLUP     ;        ;              ;                     ; Column I/O   ;                 ; no       ; On           ;
; AC23     ; 200        ; 4A       ; RESERVED_INPUT_WITH_WEAK_PULLUP     ;        ;              ;                     ; Column I/O   ;                 ; no       ; On           ;
; AC24     ; 220        ; 5A       ; RESERVED_INPUT_WITH_WEAK_PULLUP     ;        ;              ;                     ; Row I/O      ;                 ; no       ; On           ;
; AC25     ;            ; 5A       ; VCCIO5A                             ; power  ;              ; 3.3V                ; --           ;                 ; --       ; --           ;
; AC26     ;            ; 5A       ; VREFB5AN0                           ; power  ;              ;                     ; --           ;                 ; --       ; --           ;
; AC27     ; 275        ; 6B       ; RESERVED_INPUT_WITH_WEAK_PULLUP     ;        ;              ;                     ; Row I/O      ;                 ; no       ; On           ;
; AC28     ; 273        ; 6B       ; RESERVED_INPUT_WITH_WEAK_PULLUP     ;        ;              ;                     ; Row I/O      ;                 ; no       ; On           ;
; AD1      ;            ;          ; DNU                                 ;        ;              ;                     ; --           ;                 ; --       ; --           ;
; AD2      ;            ;          ; DNU                                 ;        ;              ;                     ; --           ;                 ; --       ; --           ;
; AD3      ;            ;          ; GND                                 ; gnd    ;              ;                     ; --           ;                 ; --       ; --           ;
; AD4      ; 61         ; 3A       ; RESERVED_INPUT_WITH_WEAK_PULLUP     ;        ;              ;                     ; Column I/O   ;                 ; no       ; On           ;
; AD5      ; 67         ; 3A       ; RESERVED_INPUT_WITH_WEAK_PULLUP     ;        ;              ;                     ; Column I/O   ;                 ; no       ; On           ;
; AD6      ;            ;          ; GND                                 ; gnd    ;              ;                     ; --           ;                 ; --       ; --           ;
; AD7      ; 51         ; 3A       ; ^AS_DATA0, ASDO, DATA0              ;        ;              ;                     ; Weak Pull Up ;                 ; --       ; On           ;
; AD8      ;            ;          ; GND                                 ; gnd    ;              ;                     ; --           ;                 ; --       ; --           ;
; AD9      ;            ; --       ; VCCPD3B4A                           ; power  ;              ; 3.3V                ; --           ;                 ; --       ; --           ;
; AD10     ; 103        ; 3B       ; hdmi_data[5]                        ; output ; 3.3-V LVTTL  ;                     ; Column I/O   ; Y               ; no       ; Off          ;
; AD11     ; 111        ; 3B       ; hdmi_data[4]                        ; output ; 3.3-V LVTTL  ;                     ; Column I/O   ; Y               ; no       ; Off          ;
; AD12     ; 125        ; 3B       ; hdmi_data[0]                        ; output ; 3.3-V LVTTL  ;                     ; Column I/O   ; Y               ; no       ; Off          ;
; AD13     ;            ; --       ; VCCPD3B4A                           ; power  ;              ; 3.3V                ; --           ;                 ; --       ; --           ;
; AD14     ;            ;          ; GND                                 ; gnd    ;              ;                     ; --           ;                 ; --       ; --           ;
; AD15     ;            ; --       ; VCC_AUX                             ; power  ;              ; 2.5V                ; --           ;                 ; --       ; --           ;
; AD16     ;            ; --       ; VCCPD3B4A                           ; power  ;              ; 3.3V                ; --           ;                 ; --       ; --           ;
; AD17     ; 159        ; 4A       ; RESERVED_INPUT_WITH_WEAK_PULLUP     ;        ;              ;                     ; Column I/O   ;                 ; no       ; On           ;
; AD18     ;            ; --       ; VCCPD3B4A                           ; power  ;              ; 3.3V                ; --           ;                 ; --       ; --           ;
; AD19     ; 165        ; 4A       ; hdmi_de                             ; output ; 3.3-V LVTTL  ;                     ; Column I/O   ; Y               ; no       ; Off          ;
; AD20     ; 173        ; 4A       ; RESERVED_INPUT_WITH_WEAK_PULLUP     ;        ;              ;                     ; Column I/O   ;                 ; no       ; On           ;
; AD21     ;            ; --       ; VCCPD3B4A                           ; power  ;              ; 3.3V                ; --           ;                 ; --       ; --           ;
; AD22     ;            ;          ; GND                                 ; gnd    ;              ;                     ; --           ;                 ; --       ; --           ;
; AD23     ; 186        ; 4A       ; RESERVED_INPUT_WITH_WEAK_PULLUP     ;        ;              ;                     ; Column I/O   ;                 ; no       ; On           ;
; AD24     ;            ; --       ; VCCPGM                              ; power  ;              ; 1.8V/2.5V/3.0V/3.3V ; --           ;                 ; --       ; --           ;
; AD25     ;            ;          ; GND                                 ; gnd    ;              ;                     ; --           ;                 ; --       ; --           ;
; AD26     ; 218        ; 5A       ; RESERVED_INPUT_WITH_WEAK_PULLUP     ;        ;              ;                     ; Row I/O      ;                 ; no       ; On           ;
; AD27     ;            ; 6B       ; VCCIO6B_HPS                         ; power  ;              ; 2.5V                ; --           ;                 ; --       ; --           ;
; AD28     ; 263        ; 6B       ; RESERVED_INPUT_WITH_WEAK_PULLUP     ;        ;              ;                     ; Row I/O      ;                 ; no       ; On           ;
; AE1      ;            ;          ; GND                                 ; gnd    ;              ;                     ; --           ;                 ; --       ; --           ;
; AE2      ;            ;          ; GND                                 ; gnd    ;              ;                     ; --           ;                 ; --       ; --           ;
; AE3      ;            ;          ; GND                                 ; gnd    ;              ;                     ; --           ;                 ; --       ; --           ;
; AE4      ; 102        ; 3B       ; hdmi_data[16]                       ; output ; 3.3-V LVTTL  ;                     ; Column I/O   ; Y               ; no       ; Off          ;
; AE5      ;            ; 3A       ; VREFB3AN0                           ; power  ;              ;                     ; --           ;                 ; --       ; --           ;
; AE6      ; 65         ; 3A       ; RESERVED_INPUT_WITH_WEAK_PULLUP     ;        ;              ;                     ; Column I/O   ;                 ; no       ; On           ;
; AE7      ; 107        ; 3B       ; hdmi_data[12]                       ; output ; 3.3-V LVTTL  ;                     ; Column I/O   ; Y               ; no       ; Off          ;
; AE8      ; 110        ; 3B       ; hdmi_data[23]                       ; output ; 3.3-V LVTTL  ;                     ; Column I/O   ; Y               ; no       ; Off          ;
; AE9      ; 101        ; 3B       ; hdmi_data[10]                       ; output ; 3.3-V LVTTL  ;                     ; Column I/O   ; Y               ; no       ; Off          ;
; AE10     ;            ; 3B       ; VCCIO3B                             ; power  ;              ; 3.3V                ; --           ;                 ; --       ; --           ;
; AE11     ; 109        ; 3B       ; hdmi_data[6]                        ; output ; 3.3-V LVTTL  ;                     ; Column I/O   ; Y               ; no       ; Off          ;
; AE12     ; 127        ; 3B       ; hdmi_data[1]                        ; output ; 3.3-V LVTTL  ;                     ; Column I/O   ; Y               ; no       ; Off          ;
; AE13     ;            ; 3B       ; VCCIO3B                             ; power  ;              ; 3.3V                ; --           ;                 ; --       ; --           ;
; AE14     ;            ;          ; DNU                                 ;        ;              ;                     ; --           ;                 ; --       ; --           ;
; AE15     ; 141        ; 4A       ; RESERVED_INPUT_WITH_WEAK_PULLUP     ;        ;              ;                     ; Column I/O   ;                 ; no       ; On           ;
; AE16     ;            ;          ; GND                                 ; gnd    ;              ;                     ; --           ;                 ; --       ; --           ;
; AE17     ; 157        ; 4A       ; RESERVED_INPUT_WITH_WEAK_PULLUP     ;        ;              ;                     ; Column I/O   ;                 ; no       ; On           ;
; AE18     ;            ;          ; GND                                 ; gnd    ;              ;                     ; --           ;                 ; --       ; --           ;
; AE19     ; 167        ; 4A       ; RESERVED_INPUT_WITH_WEAK_PULLUP     ;        ;              ;                     ; Column I/O   ;                 ; no       ; On           ;
; AE20     ; 175        ; 4A       ; RESERVED_INPUT_WITH_WEAK_PULLUP     ;        ;              ;                     ; Column I/O   ;                 ; no       ; On           ;
; AE21     ;            ; 4A       ; VCCIO4A                             ; power  ;              ; 3.3V                ; --           ;                 ; --       ; --           ;
; AE22     ; 184        ; 4A       ; RESERVED_INPUT_WITH_WEAK_PULLUP     ;        ;              ;                     ; Column I/O   ;                 ; no       ; On           ;
; AE23     ; 197        ; 4A       ; RESERVED_INPUT_WITH_WEAK_PULLUP     ;        ;              ;                     ; Column I/O   ;                 ; no       ; On           ;
; AE24     ; 199        ; 4A       ; RESERVED_INPUT_WITH_WEAK_PULLUP     ;        ;              ;                     ; Column I/O   ;                 ; no       ; On           ;
; AE25     ; 216        ; 5A       ; RESERVED_INPUT_WITH_WEAK_PULLUP     ;        ;              ;                     ; Row I/O      ;                 ; no       ; On           ;
; AE26     ; 214        ; 5A       ; pio_0_external_connection_export[2] ; output ; 3.3-V LVTTL  ;                     ; Row I/O      ; Y               ; no       ; Off          ;
; AE27     ; 265        ; 6B       ; RESERVED_INPUT_WITH_WEAK_PULLUP     ;        ;              ;                     ; Row I/O      ;                 ; no       ; On           ;
; AE28     ; 261        ; 6B       ; RESERVED_INPUT_WITH_WEAK_PULLUP     ;        ;              ;                     ; Row I/O      ;                 ; no       ; On           ;
; AF1      ;            ;          ; GND                                 ; gnd    ;              ;                     ; --           ;                 ; --       ; --           ;
; AF2      ;            ;          ; GND                                 ; gnd    ;              ;                     ; --           ;                 ; --       ; --           ;
; AF3      ;            ;          ; GND                                 ; gnd    ;              ;                     ; --           ;                 ; --       ; --           ;
; AF4      ; 100        ; 3B       ; RESERVED_INPUT_WITH_WEAK_PULLUP     ;        ;              ;                     ; Column I/O   ;                 ; no       ; On           ;
; AF5      ; 115        ; 3B       ; hdmi_data[15]                       ; output ; 3.3-V LVTTL  ;                     ; Column I/O   ; Y               ; no       ; Off          ;
; AF6      ; 113        ; 3B       ; hdmi_data[13]                       ; output ; 3.3-V LVTTL  ;                     ; Column I/O   ; Y               ; no       ; Off          ;
; AF7      ; 118        ; 3B       ; RESERVED_INPUT_WITH_WEAK_PULLUP     ;        ;              ;                     ; Column I/O   ;                 ; no       ; On           ;
; AF8      ; 105        ; 3B       ; hdmi_data[14]                       ; output ; 3.3-V LVTTL  ;                     ; Column I/O   ; Y               ; no       ; Off          ;
; AF9      ; 108        ; 3B       ; hdmi_data[22]                       ; output ; 3.3-V LVTTL  ;                     ; Column I/O   ; Y               ; no       ; Off          ;
; AF10     ; 117        ; 3B       ; hdmi_data[8]                        ; output ; 3.3-V LVTTL  ;                     ; Column I/O   ; Y               ; no       ; Off          ;
; AF11     ; 119        ; 3B       ; RESERVED_INPUT_WITH_WEAK_PULLUP     ;        ;              ;                     ; Column I/O   ;                 ; no       ; On           ;
; AF12     ;            ; 3B       ; VREFB3BN0                           ; power  ;              ;                     ; --           ;                 ; --       ; --           ;
; AF13     ; 133        ; 4A       ; RESERVED_INPUT_WITH_WEAK_PULLUP     ;        ;              ;                     ; Column I/O   ;                 ; no       ; On           ;
; AF14     ;            ; 4A       ; VCCIO4A                             ; power  ;              ; 3.3V                ; --           ;                 ; --       ; --           ;
; AF15     ; 143        ; 4A       ; RESERVED_INPUT_WITH_WEAK_PULLUP     ;        ;              ;                     ; Column I/O   ;                 ; no       ; On           ;
; AF16     ;            ; 4A       ; VREFB4AN0                           ; power  ;              ;                     ; --           ;                 ; --       ; --           ;
; AF17     ; 151        ; 4A       ; RESERVED_INPUT_WITH_WEAK_PULLUP     ;        ;              ;                     ; Column I/O   ;                 ; no       ; On           ;
; AF18     ; 166        ; 4A       ; RESERVED_INPUT_WITH_WEAK_PULLUP     ;        ;              ;                     ; Column I/O   ;                 ; no       ; On           ;
; AF19     ;            ; 4A       ; VCCIO4A                             ; power  ;              ; 3.3V                ; --           ;                 ; --       ; --           ;
; AF20     ; 179        ; 4A       ; RESERVED_INPUT_WITH_WEAK_PULLUP     ;        ;              ;                     ; Column I/O   ;                 ; no       ; On           ;
; AF21     ; 181        ; 4A       ; RESERVED_INPUT_WITH_WEAK_PULLUP     ;        ;              ;                     ; Column I/O   ;                 ; no       ; On           ;
; AF22     ; 183        ; 4A       ; RESERVED_INPUT_WITH_WEAK_PULLUP     ;        ;              ;                     ; Column I/O   ;                 ; no       ; On           ;
; AF23     ; 189        ; 4A       ; RESERVED_INPUT_WITH_WEAK_PULLUP     ;        ;              ;                     ; Column I/O   ;                 ; no       ; On           ;
; AF24     ;            ;          ; GND                                 ; gnd    ;              ;                     ; --           ;                 ; --       ; --           ;
; AF25     ; 207        ; 4A       ; RESERVED_INPUT_WITH_WEAK_PULLUP     ;        ;              ;                     ; Column I/O   ;                 ; no       ; On           ;
; AF26     ; 212        ; 5A       ; pio_0_external_connection_export[3] ; output ; 3.3-V LVTTL  ;                     ; Row I/O      ; Y               ; no       ; Off          ;
; AF27     ; 211        ; 4A       ; RESERVED_INPUT_WITH_WEAK_PULLUP     ;        ;              ;                     ; Column I/O   ;                 ; no       ; On           ;
; AF28     ; 209        ; 4A       ; RESERVED_INPUT_WITH_WEAK_PULLUP     ;        ;              ;                     ; Column I/O   ;                 ; no       ; On           ;
; AG1      ;            ;          ; GND                                 ; gnd    ;              ;                     ; --           ;                 ; --       ; --           ;
; AG2      ;            ;          ; GND                                 ; gnd    ;              ;                     ; --           ;                 ; --       ; --           ;
; AG3      ;            ;          ; GND                                 ; gnd    ;              ;                     ; --           ;                 ; --       ; --           ;
; AG4      ;            ; 3B       ; VCCIO3B                             ; power  ;              ; 3.3V                ; --           ;                 ; --       ; --           ;
; AG5      ; 126        ; 3B       ; hdmi_clk                            ; output ; 3.3-V LVTTL  ;                     ; Column I/O   ; Y               ; no       ; Off          ;
; AG6      ; 116        ; 3B       ; hdmi_data[21]                       ; output ; 3.3-V LVTTL  ;                     ; Column I/O   ; Y               ; no       ; Off          ;
; AG7      ;            ;          ; GND                                 ; gnd    ;              ;                     ; --           ;                 ; --       ; --           ;
; AG8      ; 134        ; 4A       ; RESERVED_INPUT_WITH_WEAK_PULLUP     ;        ;              ;                     ; Column I/O   ;                 ; no       ; On           ;
; AG9      ; 139        ; 4A       ; RESERVED_INPUT_WITH_WEAK_PULLUP     ;        ;              ;                     ; Column I/O   ;                 ; no       ; On           ;
; AG10     ; 142        ; 4A       ; RESERVED_INPUT_WITH_WEAK_PULLUP     ;        ;              ;                     ; Column I/O   ;                 ; no       ; On           ;
; AG11     ; 147        ; 4A       ; RESERVED_INPUT_WITH_WEAK_PULLUP     ;        ;              ;                     ; Column I/O   ;                 ; no       ; On           ;
; AG12     ;            ; 4A       ; VCCIO4A                             ; power  ;              ; 3.3V                ; --           ;                 ; --       ; --           ;
; AG13     ; 135        ; 4A       ; RESERVED_INPUT_WITH_WEAK_PULLUP     ;        ;              ;                     ; Column I/O   ;                 ; no       ; On           ;
; AG14     ; 155        ; 4A       ; RESERVED_INPUT_WITH_WEAK_PULLUP     ;        ;              ;                     ; Column I/O   ;                 ; no       ; On           ;
; AG15     ; 158        ; 4A       ; RESERVED_INPUT_WITH_WEAK_PULLUP     ;        ;              ;                     ; Column I/O   ;                 ; no       ; On           ;
; AG16     ; 149        ; 4A       ; RESERVED_INPUT_WITH_WEAK_PULLUP     ;        ;              ;                     ; Column I/O   ;                 ; no       ; On           ;
; AG17     ;            ;          ; GND                                 ; gnd    ;              ;                     ; --           ;                 ; --       ; --           ;
; AG18     ; 171        ; 4A       ; RESERVED_INPUT_WITH_WEAK_PULLUP     ;        ;              ;                     ; Column I/O   ;                 ; no       ; On           ;
; AG19     ; 174        ; 4A       ; RESERVED_INPUT_WITH_WEAK_PULLUP     ;        ;              ;                     ; Column I/O   ;                 ; no       ; On           ;
; AG20     ; 177        ; 4A       ; RESERVED_INPUT_WITH_WEAK_PULLUP     ;        ;              ;                     ; Column I/O   ;                 ; no       ; On           ;
; AG21     ; 182        ; 4A       ; RESERVED_INPUT_WITH_WEAK_PULLUP     ;        ;              ;                     ; Column I/O   ;                 ; no       ; On           ;
; AG22     ;            ; 4A       ; VCCIO4A                             ; power  ;              ; 3.3V                ; --           ;                 ; --       ; --           ;
; AG23     ; 191        ; 4A       ; RESERVED_INPUT_WITH_WEAK_PULLUP     ;        ;              ;                     ; Column I/O   ;                 ; no       ; On           ;
; AG24     ; 195        ; 4A       ; RESERVED_INPUT_WITH_WEAK_PULLUP     ;        ;              ;                     ; Column I/O   ;                 ; no       ; On           ;
; AG25     ; 205        ; 4A       ; RESERVED_INPUT_WITH_WEAK_PULLUP     ;        ;              ;                     ; Column I/O   ;                 ; no       ; On           ;
; AG26     ; 198        ; 4A       ; RESERVED_INPUT_WITH_WEAK_PULLUP     ;        ;              ;                     ; Column I/O   ;                 ; no       ; On           ;
; AG27     ;            ;          ; GND                                 ; gnd    ;              ;                     ; --           ;                 ; --       ; --           ;
; AG28     ; 206        ; 4A       ; RESERVED_INPUT_WITH_WEAK_PULLUP     ;        ;              ;                     ; Column I/O   ;                 ; no       ; On           ;
; AH2      ; 121        ; 3B       ; hdmi_data[17]                       ; output ; 3.3-V LVTTL  ;                     ; Column I/O   ; Y               ; no       ; Off          ;
; AH3      ; 123        ; 3B       ; RESERVED_INPUT_WITH_WEAK_PULLUP     ;        ;              ;                     ; Column I/O   ;                 ; no       ; On           ;
; AH4      ; 124        ; 3B       ; hdmi_data[18]                       ; output ; 3.3-V LVTTL  ;                     ; Column I/O   ; Y               ; no       ; Off          ;
; AH5      ; 129        ; 3B       ; hdmi_data[19]                       ; output ; 3.3-V LVTTL  ;                     ; Column I/O   ; Y               ; no       ; Off          ;
; AH6      ; 131        ; 3B       ; hdmi_data[20]                       ; output ; 3.3-V LVTTL  ;                     ; Column I/O   ; Y               ; no       ; Off          ;
; AH7      ; 132        ; 4A       ; RESERVED_INPUT_WITH_WEAK_PULLUP     ;        ;              ;                     ; Column I/O   ;                 ; no       ; On           ;
; AH8      ; 137        ; 4A       ; RESERVED_INPUT_WITH_WEAK_PULLUP     ;        ;              ;                     ; Column I/O   ;                 ; no       ; On           ;
; AH9      ; 140        ; 4A       ; RESERVED_INPUT_WITH_WEAK_PULLUP     ;        ;              ;                     ; Column I/O   ;                 ; no       ; On           ;
; AH10     ;            ;          ; GND                                 ; gnd    ;              ;                     ; --           ;                 ; --       ; --           ;
; AH11     ; 145        ; 4A       ; RESERVED_INPUT_WITH_WEAK_PULLUP     ;        ;              ;                     ; Column I/O   ;                 ; no       ; On           ;
; AH12     ; 150        ; 4A       ; RESERVED_INPUT_WITH_WEAK_PULLUP     ;        ;              ;                     ; Column I/O   ;                 ; no       ; On           ;
; AH13     ; 153        ; 4A       ; RESERVED_INPUT_WITH_WEAK_PULLUP     ;        ;              ;                     ; Column I/O   ;                 ; no       ; On           ;
; AH14     ; 156        ; 4A       ; RESERVED_INPUT_WITH_WEAK_PULLUP     ;        ;              ;                     ; Column I/O   ;                 ; no       ; On           ;
; AH15     ;            ; 4A       ; VCCIO4A                             ; power  ;              ; 3.3V                ; --           ;                 ; --       ; --           ;
; AH16     ; 161        ; 4A       ; RESERVED_INPUT_WITH_WEAK_PULLUP     ;        ;              ;                     ; Column I/O   ;                 ; no       ; On           ;
; AH17     ; 163        ; 4A       ; RESERVED_INPUT_WITH_WEAK_PULLUP     ;        ;              ;                     ; Column I/O   ;                 ; no       ; On           ;
; AH18     ; 169        ; 4A       ; RESERVED_INPUT_WITH_WEAK_PULLUP     ;        ;              ;                     ; Column I/O   ;                 ; no       ; On           ;
; AH19     ; 172        ; 4A       ; RESERVED_INPUT_WITH_WEAK_PULLUP     ;        ;              ;                     ; Column I/O   ;                 ; no       ; On           ;
; AH20     ;            ;          ; GND                                 ; gnd    ;              ;                     ; --           ;                 ; --       ; --           ;
; AH21     ; 185        ; 4A       ; RESERVED_INPUT_WITH_WEAK_PULLUP     ;        ;              ;                     ; Column I/O   ;                 ; no       ; On           ;
; AH22     ; 188        ; 4A       ; RESERVED_INPUT_WITH_WEAK_PULLUP     ;        ;              ;                     ; Column I/O   ;                 ; no       ; On           ;
; AH23     ; 190        ; 4A       ; RESERVED_INPUT_WITH_WEAK_PULLUP     ;        ;              ;                     ; Column I/O   ;                 ; no       ; On           ;
; AH24     ; 193        ; 4A       ; RESERVED_INPUT_WITH_WEAK_PULLUP     ;        ;              ;                     ; Column I/O   ;                 ; no       ; On           ;
; AH25     ;            ; 4A       ; VCCIO4A                             ; power  ;              ; 3.3V                ; --           ;                 ; --       ; --           ;
; AH26     ; 201        ; 4A       ; RESERVED_INPUT_WITH_WEAK_PULLUP     ;        ;              ;                     ; Column I/O   ;                 ; no       ; On           ;
; AH27     ; 204        ; 4A       ; RESERVED_INPUT_WITH_WEAK_PULLUP     ;        ;              ;                     ; Column I/O   ;                 ; no       ; On           ;
; B1       ;            ;          ; RREF                                ;        ;              ;                     ; --           ;                 ; --       ; --           ;
; B2       ;            ;          ; DNU                                 ;        ;              ;                     ; --           ;                 ; --       ; --           ;
; B3       ;            ;          ; GND                                 ; gnd    ;              ;                     ; --           ;                 ; --       ; --           ;
; B4       ; 437        ; 7C       ; RESERVED_INPUT_WITH_WEAK_PULLUP     ;        ;              ;                     ; Column I/O   ;                 ; no       ; On           ;
; B5       ;            ;          ; GND                                 ; gnd    ;              ;                     ; --           ;                 ; --       ; --           ;
; B6       ; 433        ; 7C       ; RESERVED_INPUT_WITH_WEAK_PULLUP     ;        ;              ;                     ; Column I/O   ;                 ; no       ; On           ;
; B7       ;            ;          ; GND                                 ; gnd    ;              ;                     ; --           ;                 ; --       ; --           ;
; B8       ; 439        ; 7C       ; RESERVED_INPUT_WITH_WEAK_PULLUP     ;        ;              ;                     ; Column I/O   ;                 ; no       ; On           ;
; B9       ; 441        ; 7C       ; RESERVED_INPUT_WITH_WEAK_PULLUP     ;        ;              ;                     ; Column I/O   ;                 ; no       ; On           ;
; B10      ;            ; 7C       ; VCCIO7C_HPS                         ; power  ;              ; 2.5V                ; --           ;                 ; --       ; --           ;
; B11      ; 440        ; 7C       ; RESERVED_INPUT_WITH_WEAK_PULLUP     ;        ;              ;                     ; Column I/O   ;                 ; no       ; On           ;
; B12      ; 438        ; 7C       ; RESERVED_INPUT_WITH_WEAK_PULLUP     ;        ;              ;                     ; Column I/O   ;                 ; no       ; On           ;
; B13      ;            ; 7B       ; VCCIO7B_HPS                         ; power  ;              ; 2.5V                ; --           ;                 ; --       ; --           ;
; B14      ; 427        ; 7B       ; RESERVED_INPUT_WITH_WEAK_PULLUP     ;        ;              ;                     ; Column I/O   ;                 ; no       ; On           ;
; B15      ;            ;          ; GND                                 ; gnd    ;              ;                     ; --           ;                 ; --       ; --           ;
; B16      ; 402        ; 7A       ; RESERVED_INPUT_WITH_WEAK_PULLUP     ;        ;              ;                     ; Column I/O   ;                 ; no       ; On           ;
; B17      ;            ;          ; GND                                 ; gnd    ;              ;                     ; --           ;                 ; --       ; --           ;
; B18      ; 397        ; 7A       ; RESERVED_INPUT_WITH_WEAK_PULLUP     ;        ;              ;                     ; Column I/O   ;                 ; no       ; On           ;
; B19      ; 403        ; 7A       ; RESERVED_INPUT_WITH_WEAK_PULLUP     ;        ;              ;                     ; Column I/O   ;                 ; no       ; On           ;
; B20      ;            ;          ; GND                                 ; gnd    ;              ;                     ; --           ;                 ; --       ; --           ;
; B21      ; 388        ; 7A       ; RESERVED_INPUT_WITH_WEAK_PULLUP     ;        ;              ;                     ; Column I/O   ;                 ; no       ; On           ;
; B22      ;            ;          ; GND                                 ; gnd    ;              ;                     ; --           ;                 ; --       ; --           ;
; B23      ; 376        ; 7A       ; ^HPS_TDO                            ;        ;              ;                     ; --           ;                 ; --       ; --           ;
; B24      ; 363        ; 6A       ; RESERVED_INPUT_WITH_WEAK_PULLUP     ;        ;              ;                     ; Row I/O      ;                 ; no       ; On           ;
; B25      ;            ;          ; GND                                 ; gnd    ;              ;                     ; --           ;                 ; --       ; --           ;
; B26      ; 351        ; 6A       ; RESERVED_INPUT_WITH_WEAK_PULLUP     ;        ;              ;                     ; Row I/O      ;                 ; no       ; On           ;
; B27      ;            ;          ; GND                                 ; gnd    ;              ;                     ; --           ;                 ; --       ; --           ;
; B28      ; 343        ; 6A       ; RESERVED_INPUT_WITH_WEAK_PULLUP     ;        ;              ;                     ; Row I/O      ;                 ; no       ; On           ;
; C1       ;            ;          ; GND                                 ; gnd    ;              ;                     ; --           ;                 ; --       ; --           ;
; C2       ;            ;          ; GND                                 ; gnd    ;              ;                     ; --           ;                 ; --       ; --           ;
; C3       ;            ;          ; GND                                 ; gnd    ;              ;                     ; --           ;                 ; --       ; --           ;
; C4       ; 446        ; 7D       ; RESERVED_INPUT_WITH_WEAK_PULLUP     ;        ;              ;                     ; Column I/O   ;                 ; no       ; On           ;
; C5       ; 453        ; 7D       ; RESERVED_INPUT_WITH_WEAK_PULLUP     ;        ;              ;                     ; Column I/O   ;                 ; no       ; On           ;
; C6       ; 451        ; 7D       ; RESERVED_INPUT_WITH_WEAK_PULLUP     ;        ;              ;                     ; Column I/O   ;                 ; no       ; On           ;
; C7       ; 449        ; 7D       ; RESERVED_INPUT_WITH_WEAK_PULLUP     ;        ;              ;                     ; Column I/O   ;                 ; no       ; On           ;
; C8       ; 447        ; 7D       ; RESERVED_INPUT_WITH_WEAK_PULLUP     ;        ;              ;                     ; Column I/O   ;                 ; no       ; On           ;
; C9       ; 445        ; 7D       ; RESERVED_INPUT_WITH_WEAK_PULLUP     ;        ;              ;                     ; Column I/O   ;                 ; no       ; On           ;
; C10      ; 443        ; 7D       ; RESERVED_INPUT_WITH_WEAK_PULLUP     ;        ;              ;                     ; Column I/O   ;                 ; no       ; On           ;
; C11      ;            ;          ; GND                                 ; gnd    ;              ;                     ; --           ;                 ; --       ; --           ;
; C12      ; 460        ; 8A       ; RESERVED_INPUT_WITH_WEAK_PULLUP     ;        ;              ;                     ; Column I/O   ;                 ; no       ; On           ;
; C13      ; 432        ; 7C       ; RESERVED_INPUT_WITH_WEAK_PULLUP     ;        ;              ;                     ; Column I/O   ;                 ; no       ; On           ;
; C14      ; 426        ; 7B       ; RESERVED_INPUT_WITH_WEAK_PULLUP     ;        ;              ;                     ; Column I/O   ;                 ; no       ; On           ;
; C15      ; 418        ; 7B       ; RESERVED_INPUT_WITH_WEAK_PULLUP     ;        ;              ;                     ; Column I/O   ;                 ; no       ; On           ;
; C16      ; 404        ; 7A       ; RESERVED_INPUT_WITH_WEAK_PULLUP     ;        ;              ;                     ; Column I/O   ;                 ; no       ; On           ;
; C17      ; 396        ; 7A       ; RESERVED_INPUT_WITH_WEAK_PULLUP     ;        ;              ;                     ; Column I/O   ;                 ; no       ; On           ;
; C18      ; 394        ; 7A       ; RESERVED_INPUT_WITH_WEAK_PULLUP     ;        ;              ;                     ; Column I/O   ;                 ; no       ; On           ;
; C19      ; 401        ; 7A       ; RESERVED_INPUT_WITH_WEAK_PULLUP     ;        ;              ;                     ; Column I/O   ;                 ; no       ; On           ;
; C20      ;            ; 7A       ; VCCIO7A_HPS                         ; power  ;              ; 2.5V                ; --           ;                 ; --       ; --           ;
; C21      ; 386        ; 7A       ; RESERVED_INPUT_WITH_WEAK_PULLUP     ;        ;              ;                     ; Column I/O   ;                 ; no       ; On           ;
; C22      ; 380        ; 7A       ; ^HPS_TRST                           ;        ;              ;                     ; --           ;                 ; --       ; --           ;
; C23      ; 378        ; 7A       ; ^HPS_TMS                            ;        ;              ;                     ; --           ;                 ; --       ; --           ;
; C24      ; 367        ; 6A       ; RESERVED_INPUT_WITH_WEAK_PULLUP     ;        ;              ;                     ; Row I/O      ;                 ; no       ; On           ;
; C25      ;            ; 6A       ; VCCIO6A_HPS                         ; power  ;              ; 2.5V                ; --           ;                 ; --       ; --           ;
; C26      ; 349        ; 6A       ; RESERVED_INPUT_WITH_WEAK_PULLUP     ;        ;              ;                     ; Row I/O      ;                 ; no       ; On           ;
; C27      ;            ; 6A       ; VCCIO6A_HPS                         ; power  ;              ; 2.5V                ; --           ;                 ; --       ; --           ;
; C28      ; 341        ; 6A       ; RESERVED_INPUT_WITH_WEAK_PULLUP     ;        ;              ;                     ; Row I/O      ;                 ; no       ; On           ;
; D1       ;            ;          ; DNU                                 ;        ;              ;                     ; --           ;                 ; --       ; --           ;
; D2       ;            ;          ; DNU                                 ;        ;              ;                     ; --           ;                 ; --       ; --           ;
; D3       ;            ;          ; GND                                 ; gnd    ;              ;                     ; --           ;                 ; --       ; --           ;
; D4       ; 448        ; 7D       ; RESERVED_INPUT_WITH_WEAK_PULLUP     ;        ;              ;                     ; Column I/O   ;                 ; no       ; On           ;
; D5       ; 455        ; 7D       ; RESERVED_INPUT_WITH_WEAK_PULLUP     ;        ;              ;                     ; Column I/O   ;                 ; no       ; On           ;
; D6       ;            ; 7D       ; VCCIO7D_HPS                         ; power  ;              ; 2.5V                ; --           ;                 ; --       ; --           ;
; D7       ;            ; --       ; VCCBAT                              ; power  ;              ; 1.2V                ; --           ;                 ; --       ; --           ;
; D8       ; 465        ; 8A       ; RESERVED_INPUT_WITH_WEAK_PULLUP     ;        ;              ;                     ; Column I/O   ;                 ; no       ; On           ;
; D9       ;            ; 8A       ; VREFB8AN0                           ; power  ;              ;                     ; --           ;                 ; --       ; --           ;
; D10      ;            ;          ; GND                                 ; gnd    ;              ;                     ; --           ;                 ; --       ; --           ;
; D11      ; 476        ; 8A       ; RESERVED_INPUT_WITH_WEAK_PULLUP     ;        ;              ;                     ; Column I/O   ;                 ; no       ; On           ;
; D12      ; 458        ; 8A       ; RESERVED_INPUT_WITH_WEAK_PULLUP     ;        ;              ;                     ; Column I/O   ;                 ; no       ; On           ;
; D13      ;            ;          ; GND                                 ; gnd    ;              ;                     ; --           ;                 ; --       ; --           ;
; D14      ; 430        ; 7C       ; RESERVED_INPUT_WITH_WEAK_PULLUP     ;        ;              ;                     ; Column I/O   ;                 ; no       ; On           ;
; D15      ; 420        ; 7B       ; RESERVED_INPUT_WITH_WEAK_PULLUP     ;        ;              ;                     ; Column I/O   ;                 ; no       ; On           ;
; D16      ;            ;          ; GND                                 ; gnd    ;              ;                     ; --           ;                 ; --       ; --           ;
; D17      ; 410        ; 7B       ; RESERVED_INPUT_WITH_WEAK_PULLUP     ;        ;              ;                     ; Column I/O   ;                 ; no       ; On           ;
; D18      ;            ; 7A       ; VCCIO7A_HPS                         ; power  ;              ; 2.5V                ; --           ;                 ; --       ; --           ;
; D19      ;            ; --       ; VREFB7A7B7C7DN0_HPS                 ; power  ;              ;                     ; --           ;                 ; --       ; --           ;
; D20      ; 385        ; 7A       ; ^HPS_CLK2                           ;        ;              ;                     ; --           ;                 ; --       ; --           ;
; D21      ; 382        ; 7A       ; ^GND                                ;        ;              ;                     ; --           ;                 ; --       ; --           ;
; D22      ; 381        ; 7A       ; ^HPS_TDI                            ;        ;              ;                     ; --           ;                 ; --       ; --           ;
; D23      ;            ;          ; DNU                                 ;        ;              ;                     ; --           ;                 ; --       ; --           ;
; D24      ; 365        ; 6A       ; RESERVED_INPUT_WITH_WEAK_PULLUP     ;        ;              ;                     ; Row I/O      ;                 ; no       ; On           ;
; D25      ; 371        ; 6A       ; HPS_RZQ_0                           ;        ;              ;                     ; --           ;                 ; no       ; On           ;
; D26      ; 347        ; 6A       ; RESERVED_INPUT_WITH_WEAK_PULLUP     ;        ;              ;                     ; Row I/O      ;                 ; no       ; On           ;
; D27      ; 335        ; 6A       ; RESERVED_INPUT_WITH_WEAK_PULLUP     ;        ;              ;                     ; Row I/O      ;                 ; no       ; On           ;
; D28      ; 333        ; 6A       ; RESERVED_INPUT_WITH_WEAK_PULLUP     ;        ;              ;                     ; Row I/O      ;                 ; no       ; On           ;
; E1       ;            ;          ; GND                                 ; gnd    ;              ;                     ; --           ;                 ; --       ; --           ;
; E2       ;            ;          ; GND                                 ; gnd    ;              ;                     ; --           ;                 ; --       ; --           ;
; E3       ;            ;          ; GND                                 ; gnd    ;              ;                     ; --           ;                 ; --       ; --           ;
; E4       ; 442        ; 7D       ; RESERVED_INPUT_WITH_WEAK_PULLUP     ;        ;              ;                     ; Column I/O   ;                 ; no       ; On           ;
; E5       ; 454        ; 7D       ; RESERVED_INPUT_WITH_WEAK_PULLUP     ;        ;              ;                     ; Column I/O   ;                 ; no       ; On           ;
; E6       ; 542        ; 9A       ; ^nCE                                ;        ;              ;                     ; --           ;                 ; --       ; --           ;
; E7       ;            ; 8A       ; VCCIO8A                             ; power  ;              ; 2.5V                ; --           ;                 ; --       ; --           ;
; E8       ; 463        ; 8A       ; RESERVED_INPUT_WITH_WEAK_PULLUP     ;        ;              ;                     ; Column I/O   ;                 ; no       ; On           ;
; E9       ;            ;          ; GND                                 ; gnd    ;              ;                     ; --           ;                 ; --       ; --           ;
; E10      ;            ; 8A       ; VCCPD8A                             ; power  ;              ; 2.5V                ; --           ;                 ; --       ; --           ;
; E11      ; 474        ; 8A       ; RESERVED_INPUT_WITH_WEAK_PULLUP     ;        ;              ;                     ; Column I/O   ;                 ; no       ; On           ;
; E12      ;            ;          ; DNU                                 ;        ;              ;                     ; --           ;                 ; --       ; --           ;
; E13      ;            ; 7D       ; VCCPD7D_HPS                         ; power  ;              ; 2.5V                ; --           ;                 ; --       ; --           ;
; E14      ;            ; 7C       ; VCCPD7C_HPS                         ; power  ;              ; 2.5V                ; --           ;                 ; --       ; --           ;
; E15      ;            ; --       ; VCC_AUX                             ; power  ;              ; 2.5V                ; --           ;                 ; --       ; --           ;
; E16      ; 412        ; 7B       ; RESERVED_INPUT_WITH_WEAK_PULLUP     ;        ;              ;                     ; Column I/O   ;                 ; no       ; On           ;
; E17      ;            ; 7B       ; VCCPD7B_HPS                         ; power  ;              ; 2.5V                ; --           ;                 ; --       ; --           ;
; E18      ; 383        ; 7A       ; ^HPS_PORSEL                         ;        ;              ;                     ; --           ;                 ; --       ; --           ;
; E19      ;            ;          ; GND                                 ; gnd    ;              ;                     ; --           ;                 ; --       ; --           ;
; E20      ; 384        ; 7A       ; ^HPS_CLK1                           ;        ;              ;                     ; --           ;                 ; --       ; --           ;
; E21      ;            ; 7A       ; VCCPD7A_HPS                         ; power  ;              ; 2.5V                ; --           ;                 ; --       ; --           ;
; E22      ;            ;          ; GND                                 ; gnd    ;              ;                     ; --           ;                 ; --       ; --           ;
; E23      ; 373        ; 7A       ; ^GND                                ;        ;              ;                     ; --           ;                 ; --       ; --           ;
; E24      ;            ;          ; GND                                 ; gnd    ;              ;                     ; --           ;                 ; --       ; --           ;
; E25      ; 369        ; 6A       ; RESERVED_INPUT_WITH_WEAK_PULLUP     ;        ;              ;                     ; Row I/O      ;                 ; no       ; On           ;
; E26      ; 345        ; 6A       ; RESERVED_INPUT_WITH_WEAK_PULLUP     ;        ;              ;                     ; Row I/O      ;                 ; no       ; On           ;
; E27      ;            ;          ; GND                                 ; gnd    ;              ;                     ; --           ;                 ; --       ; --           ;
; E28      ; 337        ; 6A       ; RESERVED_INPUT_WITH_WEAK_PULLUP     ;        ;              ;                     ; Row I/O      ;                 ; no       ; On           ;
; F1       ;            ;          ; GND                                 ; gnd    ;              ;                     ; --           ;                 ; --       ; --           ;
; F2       ;            ;          ; GND                                 ; gnd    ;              ;                     ; --           ;                 ; --       ; --           ;
; F3       ;            ;          ; GND                                 ; gnd    ;              ;                     ; --           ;                 ; --       ; --           ;
; F4       ; 450        ; 7D       ; RESERVED_INPUT_WITH_WEAK_PULLUP     ;        ;              ;                     ; Column I/O   ;                 ; no       ; On           ;
; F5       ; 444        ; 7D       ; RESERVED_INPUT_WITH_WEAK_PULLUP     ;        ;              ;                     ; Column I/O   ;                 ; no       ; On           ;
; F6       ; 547        ; 9A       ; ^GND                                ;        ;              ;                     ; --           ;                 ; --       ; --           ;
; F7       ; 545        ; 9A       ; ^nCONFIG                            ;        ;              ;                     ; --           ;                 ; --       ; --           ;
; F8       ;            ; --       ; VCC_AUX                             ; power  ;              ; 2.5V                ; --           ;                 ; --       ; --           ;
; F21      ;            ; --       ; VCC_AUX_SHARED                      ; power  ;              ; 2.5V                ; --           ;                 ; --       ; --           ;
; F22      ;            ; --       ; VCCRSTCLK_HPS                       ; power  ;              ; 1.8V/2.5V/3.0V/3.3V ; --           ;                 ; --       ; --           ;
; F23      ; 372        ; 7A       ; ^GND                                ;        ;              ;                     ; --           ;                 ; --       ; --           ;
; F24      ; 370        ; 6A       ; RESERVED_INPUT_WITH_WEAK_PULLUP     ;        ;              ;                     ; Row I/O      ;                 ; no       ; On           ;
; F25      ; 362        ; 6A       ; RESERVED_INPUT_WITH_WEAK_PULLUP     ;        ;              ;                     ; Row I/O      ;                 ; no       ; On           ;
; F26      ; 360        ; 6A       ; RESERVED_INPUT_WITH_WEAK_PULLUP     ;        ;              ;                     ; Row I/O      ;                 ; no       ; On           ;
; F27      ;            ; 6A       ; VCCIO6A_HPS                         ; power  ;              ; 2.5V                ; --           ;                 ; --       ; --           ;
; F28      ; 327        ; 6A       ; RESERVED_INPUT_WITH_WEAK_PULLUP     ;        ;              ;                     ; Row I/O      ;                 ; no       ; On           ;
; G1       ;            ;          ; GND                                 ; gnd    ;              ;                     ; --           ;                 ; --       ; --           ;
; G2       ;            ;          ; GND                                 ; gnd    ;              ;                     ; --           ;                 ; --       ; --           ;
; G3       ;            ;          ; GND                                 ; gnd    ;              ;                     ; --           ;                 ; --       ; --           ;
; G4       ; 452        ; 7D       ; RESERVED_INPUT_WITH_WEAK_PULLUP     ;        ;              ;                     ; Column I/O   ;                 ; no       ; On           ;
; G5       ;            ; 7D       ; VCCIO7D_HPS                         ; power  ;              ; 2.5V                ; --           ;                 ; --       ; --           ;
; G6       ; 543        ; 9A       ; ^MSEL2                              ;        ;              ;                     ; --           ;                 ; --       ; --           ;
; G23      ; 368        ; 6A       ; RESERVED_INPUT_WITH_WEAK_PULLUP     ;        ;              ;                     ; Row I/O      ;                 ; no       ; On           ;
; G24      ;            ; 6A       ; VCCIO6A_HPS                         ; power  ;              ; 2.5V                ; --           ;                 ; --       ; --           ;
; G25      ; 354        ; 6A       ; RESERVED_INPUT_WITH_WEAK_PULLUP     ;        ;              ;                     ; Row I/O      ;                 ; no       ; On           ;
; G26      ; 331        ; 6A       ; RESERVED_INPUT_WITH_WEAK_PULLUP     ;        ;              ;                     ; Row I/O      ;                 ; no       ; On           ;
; G27      ; 329        ; 6A       ; RESERVED_INPUT_WITH_WEAK_PULLUP     ;        ;              ;                     ; Row I/O      ;                 ; no       ; On           ;
; G28      ; 325        ; 6A       ; RESERVED_INPUT_WITH_WEAK_PULLUP     ;        ;              ;                     ; Row I/O      ;                 ; no       ; On           ;
; H1       ;            ;          ; DNU                                 ;        ;              ;                     ; --           ;                 ; --       ; --           ;
; H2       ;            ;          ; DNU                                 ;        ;              ;                     ; --           ;                 ; --       ; --           ;
; H3       ;            ;          ; GND                                 ; gnd    ;              ;                     ; --           ;                 ; --       ; --           ;
; H4       ;            ;          ; GND                                 ; gnd    ;              ;                     ; --           ;                 ; --       ; --           ;
; H5       ;            ;          ; GND                                 ; gnd    ;              ;                     ; --           ;                 ; --       ; --           ;
; H6       ;            ;          ; GND                                 ; gnd    ;              ;                     ; --           ;                 ; --       ; --           ;
; H8       ; 541        ; 9A       ; ^nSTATUS                            ;        ;              ;                     ; --           ;                 ; --       ; --           ;
; H9       ; 540        ; 9A       ; ^MSEL1                              ;        ;              ;                     ; --           ;                 ; --       ; --           ;
; H10      ;            ; --       ; VCCPGM                              ; power  ;              ; 1.8V/2.5V/3.0V/3.3V ; --           ;                 ; --       ; --           ;
; H11      ;            ;          ; GND                                 ; gnd    ;              ;                     ; --           ;                 ; --       ; --           ;
; H12      ; 436        ; 7C       ; RESERVED_INPUT_WITH_WEAK_PULLUP     ;        ;              ;                     ; Column I/O   ;                 ; no       ; On           ;
; H13      ; 434        ; 7C       ; RESERVED_INPUT_WITH_WEAK_PULLUP     ;        ;              ;                     ; Column I/O   ;                 ; no       ; On           ;
; H14      ;            ; 7B       ; VCCIO7B_HPS                         ; power  ;              ; 2.5V                ; --           ;                 ; --       ; --           ;
; H15      ;            ;          ; GND                                 ; gnd    ;              ;                     ; --           ;                 ; --       ; --           ;
; H16      ; 422        ; 7B       ; RESERVED_INPUT_WITH_WEAK_PULLUP     ;        ;              ;                     ; Column I/O   ;                 ; no       ; On           ;
; H17      ; 400        ; 7A       ; RESERVED_INPUT_WITH_WEAK_PULLUP     ;        ;              ;                     ; Column I/O   ;                 ; no       ; On           ;
; H18      ;            ;          ; GND                                 ; gnd    ;              ;                     ; --           ;                 ; --       ; --           ;
; H19      ; 375        ; 7A       ; ^HPS_nPOR                           ;        ;              ;                     ; --           ;                 ; --       ; --           ;
; H20      ;            ;          ; GND                                 ; gnd    ;              ;                     ; --           ;                 ; --       ; --           ;
; H21      ;            ; 6A       ; VCCIO6A_HPS                         ; power  ;              ; 2.5V                ; --           ;                 ; --       ; --           ;
; H23      ;            ; --       ; VCCPLL_HPS                          ; power  ;              ; 2.5V                ; --           ;                 ; --       ; --           ;
; H24      ;            ;          ; GND                                 ; gnd    ;              ;                     ; --           ;                 ; --       ; --           ;
; H25      ; 352        ; 6A       ; RESERVED_INPUT_WITH_WEAK_PULLUP     ;        ;              ;                     ; Row I/O      ;                 ; no       ; On           ;
; H26      ;            ; 6A       ; VCCIO6A_HPS                         ; power  ;              ; 2.5V                ; --           ;                 ; --       ; --           ;
; H27      ;            ;          ; GND                                 ; gnd    ;              ;                     ; --           ;                 ; --       ; --           ;
; H28      ; 339        ; 6A       ; GND+                                ;        ;              ;                     ; Row I/O      ;                 ; --       ; --           ;
; J1       ;            ;          ; GND                                 ; gnd    ;              ;                     ; --           ;                 ; --       ; --           ;
; J2       ;            ;          ; GND                                 ; gnd    ;              ;                     ; --           ;                 ; --       ; --           ;
; J3       ;            ;          ; GND                                 ; gnd    ;              ;                     ; --           ;                 ; --       ; --           ;
; J4       ;            ; --       ; VCCA_FPLL                           ; power  ;              ; 2.5V                ; --           ;                 ; --       ; --           ;
; J5       ;            ;          ; GND                                 ; gnd    ;              ;                     ; --           ;                 ; --       ; --           ;
; J8       ; 539        ; 9A       ; ^CONF_DONE                          ;        ;              ;                     ; --           ;                 ; --       ; --           ;
; J9       ;            ;          ; GND                                 ; gnd    ;              ;                     ; --           ;                 ; --       ; --           ;
; J10      ; 538        ; 9A       ; ^MSEL0                              ;        ;              ;                     ; --           ;                 ; --       ; --           ;
; J11      ;            ; --       ; VCC                                 ; power  ;              ; 1.1V                ; --           ;                 ; --       ; --           ;
; J12      ; 416        ; 7B       ; RESERVED_INPUT_WITH_WEAK_PULLUP     ;        ;              ;                     ; Column I/O   ;                 ; no       ; On           ;
; J13      ; 414        ; 7B       ; RESERVED_INPUT_WITH_WEAK_PULLUP     ;        ;              ;                     ; Column I/O   ;                 ; no       ; On           ;
; J14      ; 408        ; 7B       ; RESERVED_INPUT_WITH_WEAK_PULLUP     ;        ;              ;                     ; Column I/O   ;                 ; no       ; On           ;
; J15      ; 406        ; 7B       ; RESERVED_INPUT_WITH_WEAK_PULLUP     ;        ;              ;                     ; Column I/O   ;                 ; no       ; On           ;
; J16      ; 424        ; 7B       ; RESERVED_INPUT_WITH_WEAK_PULLUP     ;        ;              ;                     ; Column I/O   ;                 ; no       ; On           ;
; J17      ; 398        ; 7A       ; RESERVED_INPUT_WITH_WEAK_PULLUP     ;        ;              ;                     ; Column I/O   ;                 ; no       ; On           ;
; J18      ; 392        ; 7A       ; RESERVED_INPUT_WITH_WEAK_PULLUP     ;        ;              ;                     ; Column I/O   ;                 ; no       ; On           ;
; J19      ; 377        ; 7A       ; ^VCCRSTCLK_HPS                      ;        ;              ;                     ; --           ;                 ; --       ; --           ;
; J20      ; 346        ; 6A       ; RESERVED_INPUT_WITH_WEAK_PULLUP     ;        ;              ;                     ; Row I/O      ;                 ; no       ; On           ;
; J21      ; 344        ; 6A       ; RESERVED_INPUT_WITH_WEAK_PULLUP     ;        ;              ;                     ; Row I/O      ;                 ; no       ; On           ;
; J24      ; 336        ; 6A       ; RESERVED_INPUT_WITH_WEAK_PULLUP     ;        ;              ;                     ; Row I/O      ;                 ; no       ; On           ;
; J25      ; 338        ; 6A       ; RESERVED_INPUT_WITH_WEAK_PULLUP     ;        ;              ;                     ; Row I/O      ;                 ; no       ; On           ;
; J26      ; 330        ; 6A       ; RESERVED_INPUT_WITH_WEAK_PULLUP     ;        ;              ;                     ; Row I/O      ;                 ; no       ; On           ;
; J27      ; 321        ; 6A       ; RESERVED_INPUT_WITH_WEAK_PULLUP     ;        ;              ;                     ; Row I/O      ;                 ; no       ; On           ;
; J28      ; 319        ; 6A       ; RESERVED_INPUT_WITH_WEAK_PULLUP     ;        ;              ;                     ; Row I/O      ;                 ; no       ; On           ;
; K1       ;            ;          ; GND                                 ; gnd    ;              ;                     ; --           ;                 ; --       ; --           ;
; K2       ;            ;          ; GND                                 ; gnd    ;              ;                     ; --           ;                 ; --       ; --           ;
; K3       ;            ;          ; GND                                 ; gnd    ;              ;                     ; --           ;                 ; --       ; --           ;
; K4       ;            ;          ; GND                                 ; gnd    ;              ;                     ; --           ;                 ; --       ; --           ;
; K5       ;            ; --       ; VCCA_FPLL                           ; power  ;              ; 2.5V                ; --           ;                 ; --       ; --           ;
; K8       ;            ;          ; GND                                 ; gnd    ;              ;                     ; --           ;                 ; --       ; --           ;
; K9       ; 546        ; 9A       ; ^MSEL4                              ;        ;              ;                     ; --           ;                 ; --       ; --           ;
; K10      ; 544        ; 9A       ; ^MSEL3                              ;        ;              ;                     ; --           ;                 ; --       ; --           ;
; K11      ;            ;          ; GND                                 ; gnd    ;              ;                     ; --           ;                 ; --       ; --           ;
; K12      ;            ;          ; GND                                 ; gnd    ;              ;                     ; --           ;                 ; --       ; --           ;
; K13      ;            ; --       ; VCC                                 ; power  ;              ; 1.1V                ; --           ;                 ; --       ; --           ;
; K14      ;            ;          ; GND                                 ; gnd    ;              ;                     ; --           ;                 ; --       ; --           ;
; K15      ;            ; --       ; VCC                                 ; power  ;              ; 1.1V                ; --           ;                 ; --       ; --           ;
; K16      ;            ;          ; GND                                 ; gnd    ;              ;                     ; --           ;                 ; --       ; --           ;
; K17      ;            ; --       ; VCC_HPS                             ; power  ;              ; 1.1V                ; --           ;                 ; --       ; --           ;
; K18      ; 390        ; 7A       ; RESERVED_INPUT_WITH_WEAK_PULLUP     ;        ;              ;                     ; Column I/O   ;                 ; no       ; On           ;
; K19      ; 379        ; 7A       ; ^HPS_TCK                            ;        ;              ;                     ; --           ;                 ; --       ; --           ;
; K20      ;            ;          ; GND                                 ; gnd    ;              ;                     ; --           ;                 ; --       ; --           ;
; K21      ;            ; --       ; VCCPD6A6B_HPS                       ; power  ;              ; 2.5V                ; --           ;                 ; --       ; --           ;
; K24      ;            ; --       ; VCCPD6A6B_HPS                       ; power  ;              ; 2.5V                ; --           ;                 ; --       ; --           ;
; K25      ; 322        ; 6A       ; RESERVED_INPUT_WITH_WEAK_PULLUP     ;        ;              ;                     ; Row I/O      ;                 ; no       ; On           ;
; K26      ; 328        ; 6A       ; RESERVED_INPUT_WITH_WEAK_PULLUP     ;        ;              ;                     ; Row I/O      ;                 ; no       ; On           ;
; K27      ; 323        ; 6A       ; RESERVED_INPUT_WITH_WEAK_PULLUP     ;        ;              ;                     ; Row I/O      ;                 ; no       ; On           ;
; K28      ; 317        ; 6A       ; RESERVED_INPUT_WITH_WEAK_PULLUP     ;        ;              ;                     ; Row I/O      ;                 ; no       ; On           ;
; L1       ;            ;          ; GND                                 ; gnd    ;              ;                     ; --           ;                 ; --       ; --           ;
; L2       ;            ;          ; GND                                 ; gnd    ;              ;                     ; --           ;                 ; --       ; --           ;
; L3       ;            ;          ; GND                                 ; gnd    ;              ;                     ; --           ;                 ; --       ; --           ;
; L4       ;            ; --       ; VCC                                 ; power  ;              ; 1.1V                ; --           ;                 ; --       ; --           ;
; L5       ;            ;          ; GND                                 ; gnd    ;              ;                     ; --           ;                 ; --       ; --           ;
; L8       ;            ;          ; GND                                 ; gnd    ;              ;                     ; --           ;                 ; --       ; --           ;
; L9       ;            ;          ; GND                                 ; gnd    ;              ;                     ; --           ;                 ; --       ; --           ;
; L10      ;            ;          ; GND                                 ; gnd    ;              ;                     ; --           ;                 ; --       ; --           ;
; L11      ;            ; --       ; VCC                                 ; power  ;              ; 1.1V                ; --           ;                 ; --       ; --           ;
; L12      ;            ; --       ; VCC                                 ; power  ;              ; 1.1V                ; --           ;                 ; --       ; --           ;
; L13      ;            ;          ; GND                                 ; gnd    ;              ;                     ; --           ;                 ; --       ; --           ;
; L14      ;            ; --       ; VCC                                 ; power  ;              ; 1.1V                ; --           ;                 ; --       ; --           ;
; L15      ;            ;          ; GND                                 ; gnd    ;              ;                     ; --           ;                 ; --       ; --           ;
; L16      ;            ; --       ; VCC_HPS                             ; power  ;              ; 1.1V                ; --           ;                 ; --       ; --           ;
; L17      ;            ;          ; GND                                 ; gnd    ;              ;                     ; --           ;                 ; --       ; --           ;
; L18      ;            ; --       ; VCC_HPS                             ; power  ;              ; 1.1V                ; --           ;                 ; --       ; --           ;
; L19      ;            ;          ; GND                                 ; gnd    ;              ;                     ; --           ;                 ; --       ; --           ;
; L20      ; 366        ; 6A       ; RESERVED_INPUT_WITH_WEAK_PULLUP     ;        ;              ;                     ; Row I/O      ;                 ; no       ; On           ;
; L21      ; 364        ; 6A       ; RESERVED_INPUT_WITH_WEAK_PULLUP     ;        ;              ;                     ; Row I/O      ;                 ; no       ; On           ;
; L24      ;            ;          ; GND                                 ; gnd    ;              ;                     ; --           ;                 ; --       ; --           ;
; L25      ; 320        ; 6A       ; RESERVED_INPUT_WITH_WEAK_PULLUP     ;        ;              ;                     ; Row I/O      ;                 ; no       ; On           ;
; L26      ;            ; 6A       ; VCCIO6A_HPS                         ; power  ;              ; 2.5V                ; --           ;                 ; --       ; --           ;
; L27      ;            ;          ; GND                                 ; gnd    ;              ;                     ; --           ;                 ; --       ; --           ;
; L28      ; 315        ; 6A       ; RESERVED_INPUT_WITH_WEAK_PULLUP     ;        ;              ;                     ; Row I/O      ;                 ; no       ; On           ;
; M1       ;            ;          ; DNU                                 ;        ;              ;                     ; --           ;                 ; --       ; --           ;
; M2       ;            ;          ; DNU                                 ;        ;              ;                     ; --           ;                 ; --       ; --           ;
; M3       ;            ;          ; GND                                 ; gnd    ;              ;                     ; --           ;                 ; --       ; --           ;
; M4       ;            ; --       ; VCCA_FPLL                           ; power  ;              ; 2.5V                ; --           ;                 ; --       ; --           ;
; M5       ;            ; --       ; VCC                                 ; power  ;              ; 1.1V                ; --           ;                 ; --       ; --           ;
; M8       ;            ;          ; GND                                 ; gnd    ;              ;                     ; --           ;                 ; --       ; --           ;
; M9       ;            ; --       ; VCC                                 ; power  ;              ; 1.1V                ; --           ;                 ; --       ; --           ;
; M10      ;            ;          ; GND                                 ; gnd    ;              ;                     ; --           ;                 ; --       ; --           ;
; M11      ;            ;          ; GND                                 ; gnd    ;              ;                     ; --           ;                 ; --       ; --           ;
; M12      ;            ; --       ; VCC                                 ; power  ;              ; 1.1V                ; --           ;                 ; --       ; --           ;
; M13      ;            ; --       ; VCC                                 ; power  ;              ; 1.1V                ; --           ;                 ; --       ; --           ;
; M14      ;            ;          ; GND                                 ; gnd    ;              ;                     ; --           ;                 ; --       ; --           ;
; M15      ;            ; --       ; VCC                                 ; power  ;              ; 1.1V                ; --           ;                 ; --       ; --           ;
; M16      ;            ;          ; GND                                 ; gnd    ;              ;                     ; --           ;                 ; --       ; --           ;
; M17      ;            ; --       ; VCC_HPS                             ; power  ;              ; 1.1V                ; --           ;                 ; --       ; --           ;
; M18      ;            ; --       ; VCC_HPS                             ; power  ;              ; 1.1V                ; --           ;                 ; --       ; --           ;
; M19      ;            ; --       ; VCC_HPS                             ; power  ;              ; 1.1V                ; --           ;                 ; --       ; --           ;
; M20      ;            ;          ; GND                                 ; gnd    ;              ;                     ; --           ;                 ; --       ; --           ;
; M21      ;            ; 6A       ; VCCIO6A_HPS                         ; power  ;              ; 2.5V                ; --           ;                 ; --       ; --           ;
; M24      ;            ; --       ; VCCPD6A6B_HPS                       ; power  ;              ; 2.5V                ; --           ;                 ; --       ; --           ;
; M25      ; 324        ; 6A       ; RESERVED_INPUT_WITH_WEAK_PULLUP     ;        ;              ;                     ; Row I/O      ;                 ; no       ; On           ;
; M26      ; 312        ; 6A       ; RESERVED_INPUT_WITH_WEAK_PULLUP     ;        ;              ;                     ; Row I/O      ;                 ; no       ; On           ;
; M27      ; 314        ; 6A       ; RESERVED_INPUT_WITH_WEAK_PULLUP     ;        ;              ;                     ; Row I/O      ;                 ; no       ; On           ;
; M28      ; 313        ; 6A       ; RESERVED_INPUT_WITH_WEAK_PULLUP     ;        ;              ;                     ; Row I/O      ;                 ; no       ; On           ;
; N1       ;            ;          ; GND                                 ; gnd    ;              ;                     ; --           ;                 ; --       ; --           ;
; N2       ;            ;          ; GND                                 ; gnd    ;              ;                     ; --           ;                 ; --       ; --           ;
; N3       ;            ;          ; GND                                 ; gnd    ;              ;                     ; --           ;                 ; --       ; --           ;
; N4       ;            ;          ; GND                                 ; gnd    ;              ;                     ; --           ;                 ; --       ; --           ;
; N5       ;            ; --       ; VCC                                 ; power  ;              ; 1.1V                ; --           ;                 ; --       ; --           ;
; N8       ;            ;          ; GND                                 ; gnd    ;              ;                     ; --           ;                 ; --       ; --           ;
; N9       ;            ; --       ; VCC                                 ; power  ;              ; 1.1V                ; --           ;                 ; --       ; --           ;
; N10      ;            ; --       ; VCC                                 ; power  ;              ; 1.1V                ; --           ;                 ; --       ; --           ;
; N11      ;            ; --       ; VCC                                 ; power  ;              ; 1.1V                ; --           ;                 ; --       ; --           ;
; N12      ;            ; --       ; VCC                                 ; power  ;              ; 1.1V                ; --           ;                 ; --       ; --           ;
; N13      ;            ;          ; GND                                 ; gnd    ;              ;                     ; --           ;                 ; --       ; --           ;
; N14      ;            ; --       ; VCC                                 ; power  ;              ; 1.1V                ; --           ;                 ; --       ; --           ;
; N15      ;            ;          ; GND                                 ; gnd    ;              ;                     ; --           ;                 ; --       ; --           ;
; N16      ;            ; --       ; VCC_HPS                             ; power  ;              ; 1.1V                ; --           ;                 ; --       ; --           ;
; N17      ;            ;          ; GND                                 ; gnd    ;              ;                     ; --           ;                 ; --       ; --           ;
; N18      ;            ; --       ; VCC_HPS                             ; power  ;              ; 1.1V                ; --           ;                 ; --       ; --           ;
; N19      ;            ;          ; GND                                 ; gnd    ;              ;                     ; --           ;                 ; --       ; --           ;
; N20      ; 350        ; 6A       ; RESERVED_INPUT_WITH_WEAK_PULLUP     ;        ;              ;                     ; Row I/O      ;                 ; no       ; On           ;
; N21      ; 348        ; 6A       ; RESERVED_INPUT_WITH_WEAK_PULLUP     ;        ;              ;                     ; Row I/O      ;                 ; no       ; On           ;
; N24      ; 306        ; 6B       ; RESERVED_INPUT_WITH_WEAK_PULLUP     ;        ;              ;                     ; Row I/O      ;                 ; no       ; On           ;
; N25      ; 304        ; 6B       ; RESERVED_INPUT_WITH_WEAK_PULLUP     ;        ;              ;                     ; Row I/O      ;                 ; no       ; On           ;
; N26      ; 298        ; 6B       ; RESERVED_INPUT_WITH_WEAK_PULLUP     ;        ;              ;                     ; Row I/O      ;                 ; no       ; On           ;
; N27      ; 296        ; 6B       ; RESERVED_INPUT_WITH_WEAK_PULLUP     ;        ;              ;                     ; Row I/O      ;                 ; no       ; On           ;
; N28      ; 311        ; 6A       ; RESERVED_INPUT_WITH_WEAK_PULLUP     ;        ;              ;                     ; Row I/O      ;                 ; no       ; On           ;
; P1       ;            ;          ; GND                                 ; gnd    ;              ;                     ; --           ;                 ; --       ; --           ;
; P2       ;            ;          ; GND                                 ; gnd    ;              ;                     ; --           ;                 ; --       ; --           ;
; P3       ;            ;          ; GND                                 ; gnd    ;              ;                     ; --           ;                 ; --       ; --           ;
; P4       ;            ; --       ; VCCA_FPLL                           ; power  ;              ; 2.5V                ; --           ;                 ; --       ; --           ;
; P5       ;            ;          ; GND                                 ; gnd    ;              ;                     ; --           ;                 ; --       ; --           ;
; P8       ;            ;          ; GND                                 ; gnd    ;              ;                     ; --           ;                 ; --       ; --           ;
; P9       ;            ;          ; GND                                 ; gnd    ;              ;                     ; --           ;                 ; --       ; --           ;
; P10      ;            ;          ; GND                                 ; gnd    ;              ;                     ; --           ;                 ; --       ; --           ;
; P11      ;            ; --       ; VCC                                 ; power  ;              ; 1.1V                ; --           ;                 ; --       ; --           ;
; P12      ;            ;          ; GND                                 ; gnd    ;              ;                     ; --           ;                 ; --       ; --           ;
; P13      ;            ; --       ; VCC                                 ; power  ;              ; 1.1V                ; --           ;                 ; --       ; --           ;
; P14      ;            ; --       ; VCC                                 ; power  ;              ; 1.1V                ; --           ;                 ; --       ; --           ;
; P15      ;            ; --       ; VCC                                 ; power  ;              ; 1.1V                ; --           ;                 ; --       ; --           ;
; P16      ;            ;          ; GND                                 ; gnd    ;              ;                     ; --           ;                 ; --       ; --           ;
; P17      ;            ; --       ; VCC_HPS                             ; power  ;              ; 1.1V                ; --           ;                 ; --       ; --           ;
; P18      ;            ;          ; GND                                 ; gnd    ;              ;                     ; --           ;                 ; --       ; --           ;
; P19      ;            ; --       ; VCC_HPS                             ; power  ;              ; 1.1V                ; --           ;                 ; --       ; --           ;
; P20      ;            ;          ; GND                                 ; gnd    ;              ;                     ; --           ;                 ; --       ; --           ;
; P21      ;            ; --       ; VCCPD6A6B_HPS                       ; power  ;              ; 2.5V                ; --           ;                 ; --       ; --           ;
; P24      ;            ; --       ; VCCPD6A6B_HPS                       ; power  ;              ; 2.5V                ; --           ;                 ; --       ; --           ;
; P25      ;            ;          ; GND                                 ; gnd    ;              ;                     ; --           ;                 ; --       ; --           ;
; P26      ; 299        ; 6B       ; RESERVED_INPUT_WITH_WEAK_PULLUP     ;        ;              ;                     ; Row I/O      ;                 ; no       ; On           ;
; P27      ;            ; 6B       ; VCCIO6B_HPS                         ; power  ;              ; 2.5V                ; --           ;                 ; --       ; --           ;
; P28      ; 309        ; 6A       ; RESERVED_INPUT_WITH_WEAK_PULLUP     ;        ;              ;                     ; Row I/O      ;                 ; no       ; On           ;
; R1       ;            ;          ; GND                                 ; gnd    ;              ;                     ; --           ;                 ; --       ; --           ;
; R2       ;            ;          ; GND                                 ; gnd    ;              ;                     ; --           ;                 ; --       ; --           ;
; R3       ;            ;          ; GND                                 ; gnd    ;              ;                     ; --           ;                 ; --       ; --           ;
; R4       ;            ; --       ; VCCA_FPLL                           ; power  ;              ; 2.5V                ; --           ;                 ; --       ; --           ;
; R5       ;            ; --       ; VCC                                 ; power  ;              ; 1.1V                ; --           ;                 ; --       ; --           ;
; R8       ;            ;          ; GND                                 ; gnd    ;              ;                     ; --           ;                 ; --       ; --           ;
; R9       ;            ; --       ; VCC                                 ; power  ;              ; 1.1V                ; --           ;                 ; --       ; --           ;
; R10      ;            ; --       ; VCC                                 ; power  ;              ; 1.1V                ; --           ;                 ; --       ; --           ;
; R11      ;            ;          ; GND                                 ; gnd    ;              ;                     ; --           ;                 ; --       ; --           ;
; R12      ;            ; --       ; VCC                                 ; power  ;              ; 1.1V                ; --           ;                 ; --       ; --           ;
; R13      ;            ;          ; GND                                 ; gnd    ;              ;                     ; --           ;                 ; --       ; --           ;
; R14      ;            ; --       ; VCC                                 ; power  ;              ; 1.1V                ; --           ;                 ; --       ; --           ;
; R15      ;            ;          ; GND                                 ; gnd    ;              ;                     ; --           ;                 ; --       ; --           ;
; R16      ; 334        ; 6A       ; RESERVED_INPUT_WITH_WEAK_PULLUP     ;        ;              ;                     ; Row I/O      ;                 ; no       ; On           ;
; R17      ; 332        ; 6A       ; RESERVED_INPUT_WITH_WEAK_PULLUP     ;        ;              ;                     ; Row I/O      ;                 ; no       ; On           ;
; R18      ; 318        ; 6A       ; RESERVED_INPUT_WITH_WEAK_PULLUP     ;        ;              ;                     ; Row I/O      ;                 ; no       ; On           ;
; R19      ; 316        ; 6A       ; RESERVED_INPUT_WITH_WEAK_PULLUP     ;        ;              ;                     ; Row I/O      ;                 ; no       ; On           ;
; R20      ; 310        ; 6A       ; RESERVED_INPUT_WITH_WEAK_PULLUP     ;        ;              ;                     ; Row I/O      ;                 ; no       ; On           ;
; R21      ; 308        ; 6A       ; RESERVED_INPUT_WITH_WEAK_PULLUP     ;        ;              ;                     ; Row I/O      ;                 ; no       ; On           ;
; R24      ; 282        ; 6B       ; RESERVED_INPUT_WITH_WEAK_PULLUP     ;        ;              ;                     ; Row I/O      ;                 ; no       ; On           ;
; R25      ; 288        ; 6B       ; RESERVED_INPUT_WITH_WEAK_PULLUP     ;        ;              ;                     ; Row I/O      ;                 ; no       ; On           ;
; R26      ; 290        ; 6B       ; RESERVED_INPUT_WITH_WEAK_PULLUP     ;        ;              ;                     ; Row I/O      ;                 ; no       ; On           ;
; R27      ; 297        ; 6B       ; RESERVED_INPUT_WITH_WEAK_PULLUP     ;        ;              ;                     ; Row I/O      ;                 ; no       ; On           ;
; R28      ; 307        ; 6B       ; RESERVED_INPUT_WITH_WEAK_PULLUP     ;        ;              ;                     ; Row I/O      ;                 ; no       ; On           ;
; T1       ;            ;          ; DNU                                 ;        ;              ;                     ; --           ;                 ; --       ; --           ;
; T2       ;            ;          ; DNU                                 ;        ;              ;                     ; --           ;                 ; --       ; --           ;
; T3       ;            ;          ; GND                                 ; gnd    ;              ;                     ; --           ;                 ; --       ; --           ;
; T4       ;            ; --       ; VCC                                 ; power  ;              ; 1.1V                ; --           ;                 ; --       ; --           ;
; T5       ;            ; --       ; VCC                                 ; power  ;              ; 1.1V                ; --           ;                 ; --       ; --           ;
; T8       ; 56         ; 3A       ; hdmi_hs                             ; output ; 3.3-V LVTTL  ;                     ; Column I/O   ; Y               ; no       ; Off          ;
; T9       ;            ; --       ; VCC                                 ; power  ;              ; 1.1V                ; --           ;                 ; --       ; --           ;
; T10      ;            ;          ; GND                                 ; gnd    ;              ;                     ; --           ;                 ; --       ; --           ;
; T11      ; 106        ; 3B       ; RESERVED_INPUT_WITH_WEAK_PULLUP     ;        ;              ;                     ; Column I/O   ;                 ; no       ; On           ;
; T12      ; 120        ; 3B       ; RESERVED_INPUT_WITH_WEAK_PULLUP     ;        ;              ;                     ; Column I/O   ;                 ; no       ; On           ;
; T13      ; 122        ; 3B       ; RESERVED_INPUT_WITH_WEAK_PULLUP     ;        ;              ;                     ; Column I/O   ;                 ; no       ; On           ;
; T14      ;            ;          ; GND                                 ; gnd    ;              ;                     ; --           ;                 ; --       ; --           ;
; T15      ;            ; --       ; VCC                                 ; power  ;              ; 1.1V                ; --           ;                 ; --       ; --           ;
; T16      ; 292        ; 6B       ; RESERVED_INPUT_WITH_WEAK_PULLUP     ;        ;              ;                     ; Row I/O      ;                 ; no       ; On           ;
; T17      ; 294        ; 6B       ; RESERVED_INPUT_WITH_WEAK_PULLUP     ;        ;              ;                     ; Row I/O      ;                 ; no       ; On           ;
; T18      ; 302        ; 6B       ; RESERVED_INPUT_WITH_WEAK_PULLUP     ;        ;              ;                     ; Row I/O      ;                 ; no       ; On           ;
; T19      ; 300        ; 6B       ; RESERVED_INPUT_WITH_WEAK_PULLUP     ;        ;              ;                     ; Row I/O      ;                 ; no       ; On           ;
; T20      ; 286        ; 6B       ; RESERVED_INPUT_WITH_WEAK_PULLUP     ;        ;              ;                     ; Row I/O      ;                 ; no       ; On           ;
; T21      ;            ; 6B       ; VCCIO6B_HPS                         ; power  ;              ; 2.5V                ; --           ;                 ; --       ; --           ;
; T24      ; 280        ; 6B       ; RESERVED_INPUT_WITH_WEAK_PULLUP     ;        ;              ;                     ; Row I/O      ;                 ; no       ; On           ;
; T25      ;            ; 6B       ; VCCIO6B_HPS                         ; power  ;              ; 2.5V                ; --           ;                 ; --       ; --           ;
; T26      ; 274        ; 6B       ; RESERVED_INPUT_WITH_WEAK_PULLUP     ;        ;              ;                     ; Row I/O      ;                 ; no       ; On           ;
; T27      ; 283        ; 6B       ; GND+                                ;        ;              ;                     ; Row I/O      ;                 ; --       ; --           ;
; T28      ; 305        ; 6B       ; RESERVED_INPUT_WITH_WEAK_PULLUP     ;        ;              ;                     ; Row I/O      ;                 ; no       ; On           ;
; U1       ;            ;          ; GND                                 ; gnd    ;              ;                     ; --           ;                 ; --       ; --           ;
; U2       ;            ;          ; GND                                 ; gnd    ;              ;                     ; --           ;                 ; --       ; --           ;
; U3       ;            ;          ; GND                                 ; gnd    ;              ;                     ; --           ;                 ; --       ; --           ;
; U4       ;            ; --       ; VCCA_FPLL                           ; power  ;              ; 2.5V                ; --           ;                 ; --       ; --           ;
; U5       ;            ;          ; GND                                 ; gnd    ;              ;                     ; --           ;                 ; --       ; --           ;
; U8       ;            ;          ; DNU                                 ;        ;              ;                     ; --           ;                 ; --       ; --           ;
; U9       ; 58         ; 3A       ; RESERVED_INPUT_WITH_WEAK_PULLUP     ;        ;              ;                     ; Column I/O   ;                 ; no       ; On           ;
; U10      ; 62         ; 3A       ; RESERVED_INPUT_WITH_WEAK_PULLUP     ;        ;              ;                     ; Column I/O   ;                 ; no       ; On           ;
; U11      ; 104        ; 3B       ; RESERVED_INPUT_WITH_WEAK_PULLUP     ;        ;              ;                     ; Column I/O   ;                 ; no       ; On           ;
; U12      ;            ;          ; GND                                 ; gnd    ;              ;                     ; --           ;                 ; --       ; --           ;
; U13      ; 136        ; 4A       ; RESERVED_INPUT_WITH_WEAK_PULLUP     ;        ;              ;                     ; Column I/O   ;                 ; no       ; On           ;
; U14      ; 138        ; 4A       ; RESERVED_INPUT_WITH_WEAK_PULLUP     ;        ;              ;                     ; Column I/O   ;                 ; no       ; On           ;
; U15      ; 278        ; 6B       ; RESERVED_INPUT_WITH_WEAK_PULLUP     ;        ;              ;                     ; Row I/O      ;                 ; no       ; On           ;
; U16      ; 276        ; 6B       ; RESERVED_INPUT_WITH_WEAK_PULLUP     ;        ;              ;                     ; Row I/O      ;                 ; no       ; On           ;
; U17      ;            ;          ; GND                                 ; gnd    ;              ;                     ; --           ;                 ; --       ; --           ;
; U18      ;            ; 6B       ; VCCIO6B_HPS                         ; power  ;              ; 2.5V                ; --           ;                 ; --       ; --           ;
; U19      ; 284        ; 6B       ; RESERVED_INPUT_WITH_WEAK_PULLUP     ;        ;              ;                     ; Row I/O      ;                 ; no       ; On           ;
; U20      ;            ;          ; GND                                 ; gnd    ;              ;                     ; --           ;                 ; --       ; --           ;
; U21      ;            ; --       ; VCC_HPS                             ; power  ;              ; 1.1V                ; --           ;                 ; --       ; --           ;
; U24      ;            ;          ; GND                                 ; gnd    ;              ;                     ; --           ;                 ; --       ; --           ;
; U25      ; 272        ; 6B       ; RESERVED_INPUT_WITH_WEAK_PULLUP     ;        ;              ;                     ; Row I/O      ;                 ; no       ; On           ;
; U26      ;            ; --       ; VCC                                 ; power  ;              ; 1.1V                ; --           ;                 ; --       ; --           ;
; U27      ;            ;          ; GND                                 ; gnd    ;              ;                     ; --           ;                 ; --       ; --           ;
; U28      ; 303        ; 6B       ; RESERVED_INPUT_WITH_WEAK_PULLUP     ;        ;              ;                     ; Row I/O      ;                 ; no       ; On           ;
; V1       ;            ;          ; GND                                 ; gnd    ;              ;                     ; --           ;                 ; --       ; --           ;
; V2       ;            ;          ; GND                                 ; gnd    ;              ;                     ; --           ;                 ; --       ; --           ;
; V3       ;            ;          ; GND                                 ; gnd    ;              ;                     ; --           ;                 ; --       ; --           ;
; V4       ;            ;          ; GND                                 ; gnd    ;              ;                     ; --           ;                 ; --       ; --           ;
; V5       ;            ;          ; GND                                 ; gnd    ;              ;                     ; --           ;                 ; --       ; --           ;
; V8       ;            ;          ; GND                                 ; gnd    ;              ;                     ; --           ;                 ; --       ; --           ;
; V9       ;            ;          ; GND                                 ; gnd    ;              ;                     ; --           ;                 ; --       ; --           ;
; V10      ; 60         ; 3A       ; RESERVED_INPUT_WITH_WEAK_PULLUP     ;        ;              ;                     ; Column I/O   ;                 ; no       ; On           ;
; V11      ; 114        ; 3B       ; clk_clk                             ; input  ; 3.3-V LVTTL  ;                     ; Column I/O   ; Y               ; no       ; Off          ;
; V12      ; 130        ; 3B       ; RESERVED_INPUT_WITH_WEAK_PULLUP     ;        ;              ;                     ; Column I/O   ;                 ; no       ; On           ;
; V13      ; 152        ; 4A       ; hdmi_vs                             ; output ; 3.3-V LVTTL  ;                     ; Column I/O   ; Y               ; no       ; Off          ;
; V14      ;            ;          ; GND                                 ; gnd    ;              ;                     ; --           ;                 ; --       ; --           ;
; V15      ; 227        ; 5A       ; pio_0_external_connection_export[4] ; output ; 3.3-V LVTTL  ;                     ; Row I/O      ; Y               ; no       ; Off          ;
; V16      ; 225        ; 5A       ; pio_0_external_connection_export[5] ; output ; 3.3-V LVTTL  ;                     ; Row I/O      ; Y               ; no       ; Off          ;
; V17      ; 270        ; 6B       ; RESERVED_INPUT_WITH_WEAK_PULLUP     ;        ;              ;                     ; Row I/O      ;                 ; no       ; On           ;
; V18      ; 268        ; 6B       ; RESERVED_INPUT_WITH_WEAK_PULLUP     ;        ;              ;                     ; Row I/O      ;                 ; no       ; On           ;
; V19      ; 266        ; 6B       ; RESERVED_INPUT_WITH_WEAK_PULLUP     ;        ;              ;                     ; Row I/O      ;                 ; no       ; On           ;
; V20      ; 264        ; 6B       ; RESERVED_INPUT_WITH_WEAK_PULLUP     ;        ;              ;                     ; Row I/O      ;                 ; no       ; On           ;
; V21      ;            ;          ; GND                                 ; gnd    ;              ;                     ; --           ;                 ; --       ; --           ;
; V24      ; 269        ; 6B       ; RESERVED_INPUT_WITH_WEAK_PULLUP     ;        ;              ;                     ; Row I/O      ;                 ; no       ; On           ;
; V25      ; 271        ; 6B       ; RESERVED_INPUT_WITH_WEAK_PULLUP     ;        ;              ;                     ; Row I/O      ;                 ; no       ; On           ;
; V26      ;            ;          ; GND                                 ; gnd    ;              ;                     ; --           ;                 ; --       ; --           ;
; V27      ; 295        ; 6B       ; RESERVED_INPUT_WITH_WEAK_PULLUP     ;        ;              ;                     ; Row I/O      ;                 ; no       ; On           ;
; V28      ; 301        ; 6B       ; RESERVED_INPUT_WITH_WEAK_PULLUP     ;        ;              ;                     ; Row I/O      ;                 ; no       ; On           ;
; W1       ;            ;          ; GND                                 ; gnd    ;              ;                     ; --           ;                 ; --       ; --           ;
; W2       ;            ;          ; GND                                 ; gnd    ;              ;                     ; --           ;                 ; --       ; --           ;
; W3       ;            ;          ; GND                                 ; gnd    ;              ;                     ; --           ;                 ; --       ; --           ;
; W4       ;            ;          ; GND                                 ; gnd    ;              ;                     ; --           ;                 ; --       ; --           ;
; W5       ;            ; --       ; VCCA_FPLL                           ; power  ;              ; 2.5V                ; --           ;                 ; --       ; --           ;
; W8       ; 54         ; 3A       ; hdmi_data[2]                        ; output ; 3.3-V LVTTL  ;                     ; Column I/O   ; Y               ; no       ; Off          ;
; W9       ;            ; 3A       ; VCCIO3A                             ; power  ;              ; 3.3V                ; --           ;                 ; --       ; --           ;
; W10      ; 48         ; 3A       ; altera_reserved_tdi                 ; input  ; 3.3-V LVTTL  ;                     ; --           ; N               ; no       ; Off          ;
; W11      ; 112        ; 3B       ; RESERVED_INPUT_WITH_WEAK_PULLUP     ;        ;              ;                     ; Column I/O   ;                 ; no       ; On           ;
; W12      ; 128        ; 3B       ; RESERVED_INPUT_WITH_WEAK_PULLUP     ;        ;              ;                     ; Column I/O   ;                 ; no       ; On           ;
; W13      ;            ; 4A       ; VCCIO4A                             ; power  ;              ; 3.3V                ; --           ;                 ; --       ; --           ;
; W14      ; 154        ; 4A       ; RESERVED_INPUT_WITH_WEAK_PULLUP     ;        ;              ;                     ; Column I/O   ;                 ; no       ; On           ;
; W15      ; 223        ; 5A       ; pio_0_external_connection_export[7] ; output ; 3.3-V LVTTL  ;                     ; Row I/O      ; Y               ; no       ; Off          ;
; W16      ;            ;          ; GND                                 ; gnd    ;              ;                     ; --           ;                 ; --       ; --           ;
; W17      ;            ; 5A       ; VCCIO5A                             ; power  ;              ; 3.3V                ; --           ;                 ; --       ; --           ;
; W18      ;            ;          ; GND                                 ; gnd    ;              ;                     ; --           ;                 ; --       ; --           ;
; W19      ;            ; 5B       ; VCCPD5B                             ; power  ;              ; 3.3V                ; --           ;                 ; --       ; --           ;
; W20      ; 254        ; 5B       ; RESERVED_INPUT_WITH_WEAK_PULLUP     ;        ;              ;                     ; Row I/O      ;                 ; no       ; On           ;
; W21      ; 252        ; 5B       ; RGB_value                           ; input  ; 3.3-V LVTTL  ;                     ; Row I/O      ; Y               ; no       ; Off          ;
; W24      ; 258        ; 5B       ; synchro_trame                       ; input  ; 3.3-V LVTTL  ;                     ; Row I/O      ; Y               ; no       ; Off          ;
; W25      ;            ; 5B       ; VCCIO5B                             ; power  ;              ; 3.3V                ; --           ;                 ; --       ; --           ;
; W26      ; 287        ; 6B       ; RESERVED_INPUT_WITH_WEAK_PULLUP     ;        ;              ;                     ; Row I/O      ;                 ; no       ; On           ;
; W27      ;            ; 6B       ; VCCIO6B_HPS                         ; power  ;              ; 2.5V                ; --           ;                 ; --       ; --           ;
; W28      ; 293        ; 6B       ; RESERVED_INPUT_WITH_WEAK_PULLUP     ;        ;              ;                     ; Row I/O      ;                 ; no       ; On           ;
; Y1       ;            ;          ; DNU                                 ;        ;              ;                     ; --           ;                 ; --       ; --           ;
; Y2       ;            ;          ; DNU                                 ;        ;              ;                     ; --           ;                 ; --       ; --           ;
; Y3       ;            ;          ; GND                                 ; gnd    ;              ;                     ; --           ;                 ; --       ; --           ;
; Y4       ; 53         ; 3A       ; hdmi_data[9]                        ; output ; 3.3-V LVTTL  ;                     ; Column I/O   ; Y               ; no       ; Off          ;
; Y5       ; 55         ; 3A       ; hdmi_data[7]                        ; output ; 3.3-V LVTTL  ;                     ; Column I/O   ; Y               ; no       ; Off          ;
; Y8       ; 52         ; 3A       ; hdmi_data[3]                        ; output ; 3.3-V LVTTL  ;                     ; Column I/O   ; Y               ; no       ; Off          ;
; Y9       ; 42         ; 3A       ; altera_reserved_tdo                 ; output ; 3.3-V LVTTL  ;                     ; --           ; N               ; no       ; Off          ;
; Y10      ;            ; --       ; VCCPGM                              ; power  ;              ; 1.8V/2.5V/3.0V/3.3V ; --           ;                 ; --       ; --           ;
; Y11      ; 66         ; 3A       ; RESERVED_INPUT_WITH_WEAK_PULLUP     ;        ;              ;                     ; Column I/O   ;                 ; no       ; On           ;
; Y12      ;            ;          ; GND                                 ; gnd    ;              ;                     ; --           ;                 ; --       ; --           ;
; Y13      ; 146        ; 4A       ; RESERVED_INPUT_WITH_WEAK_PULLUP     ;        ;              ;                     ; Column I/O   ;                 ; no       ; On           ;
; Y14      ;            ;          ; GND                                 ; gnd    ;              ;                     ; --           ;                 ; --       ; --           ;
; Y15      ; 162        ; 4A       ; RESERVED_INPUT_WITH_WEAK_PULLUP     ;        ;              ;                     ; Column I/O   ;                 ; no       ; On           ;
; Y16      ; 221        ; 5A       ; pio_0_external_connection_export[1] ; output ; 3.3-V LVTTL  ;                     ; Row I/O      ; Y               ; no       ; Off          ;
; Y17      ; 217        ; 5A       ; RESERVED_INPUT_WITH_WEAK_PULLUP     ;        ;              ;                     ; Row I/O      ;                 ; no       ; On           ;
; Y18      ; 219        ; 5A       ; RESERVED_INPUT_WITH_WEAK_PULLUP     ;        ;              ;                     ; Row I/O      ;                 ; no       ; On           ;
; Y19      ; 215        ; 5A       ; RESERVED_INPUT_WITH_WEAK_PULLUP     ;        ;              ;                     ; Row I/O      ;                 ; no       ; On           ;
; Y20      ;            ;          ; GND                                 ; gnd    ;              ;                     ; --           ;                 ; --       ; --           ;
; Y21      ;            ; 5A       ; VCCPD5A                             ; power  ;              ; 3.3V                ; --           ;                 ; --       ; --           ;
; Y24      ; 256        ; 5B       ; reset_reset_n                       ; input  ; 3.3-V LVTTL  ;                     ; Row I/O      ; Y               ; no       ; Off          ;
; Y25      ;            ;          ; GND                                 ; gnd    ;              ;                     ; --           ;                 ; --       ; --           ;
; Y26      ; 285        ; 6B       ; RESERVED_INPUT_WITH_WEAK_PULLUP     ;        ;              ;                     ; Row I/O      ;                 ; no       ; On           ;
; Y27      ; 281        ; 6B       ; RESERVED_INPUT_WITH_WEAK_PULLUP     ;        ;              ;                     ; Row I/O      ;                 ; no       ; On           ;
; Y28      ; 291        ; 6B       ; RESERVED_INPUT_WITH_WEAK_PULLUP     ;        ;              ;                     ; Row I/O      ;                 ; no       ; On           ;
+----------+------------+----------+-------------------------------------+--------+--------------+---------------------+--------------+-----------------+----------+--------------+
Note: Pin directions (input, output or bidir) are based on device operating in user mode.


+------------------------------------------------------------------------------------------------------------------------------------------------------------------------------------+
; Optimized GXB Elements                                                                                                                                                             ;
+----------------------------------------------------------------------------------------+-------------------------------------------------------------------------------------------+
; Preserved Component                                                                    ; Removed Component                                                                         ;
+----------------------------------------------------------------------------------------+-------------------------------------------------------------------------------------------+
; PLL Reference Clock Select Blocks                                                      ;                                                                                           ;
;  pll:inst2|pll_0002:pll_inst|altera_pll:altera_pll_i|general[0].gpll~PLL_REFCLK_SELECT ;                                                                                           ;
;   --                                                                                   ; pll2:inst11|pll2_0002:pll2_inst|altera_pll:altera_pll_i|general[0].gpll~PLL_REFCLK_SELECT ;
; PLL Reconfiguration Blocks                                                             ;                                                                                           ;
;  pll:inst2|pll_0002:pll_inst|altera_pll:altera_pll_i|general[0].gpll~PLL_RECONFIG      ;                                                                                           ;
;   --                                                                                   ; pll2:inst11|pll2_0002:pll2_inst|altera_pll:altera_pll_i|general[0].gpll~PLL_RECONFIG      ;
; Fractional PLLs                                                                        ;                                                                                           ;
;  pll:inst2|pll_0002:pll_inst|altera_pll:altera_pll_i|general[0].gpll~FRACTIONAL_PLL    ;                                                                                           ;
;   --                                                                                   ; pll2:inst11|pll2_0002:pll2_inst|altera_pll:altera_pll_i|general[0].gpll~FRACTIONAL_PLL    ;
+----------------------------------------------------------------------------------------+-------------------------------------------------------------------------------------------+


+------------------------------------------------------------------------------------------------------------------------------------+
; PLL Usage Summary                                                                                                                  ;
+-------------------------------------------------------------------------------------------------------+----------------------------+
;                                                                                                       ;                            ;
+-------------------------------------------------------------------------------------------------------+----------------------------+
; pll:inst2|pll_0002:pll_inst|altera_pll:altera_pll_i|general[0].gpll~FRACTIONAL_PLL                    ;                            ;
;     -- PLL Type                                                                                       ; Integer PLL                ;
;     -- PLL Location                                                                                   ; FRACTIONALPLL_X0_Y15_N0    ;
;     -- PLL Feedback clock type                                                                        ; none                       ;
;     -- PLL Bandwidth                                                                                  ; Auto                       ;
;         -- PLL Bandwidth Range                                                                        ; 2100000 to 1400000 Hz      ;
;     -- Reference Clock Frequency                                                                      ; 50.0 MHz                   ;
;     -- Reference Clock Sourced by                                                                     ; Dedicated Pin              ;
;     -- PLL VCO Frequency                                                                              ; 300.0 MHz                  ;
;     -- PLL Operation Mode                                                                             ; Direct                     ;
;     -- PLL Freq Min Lock                                                                              ; 50.000000 MHz              ;
;     -- PLL Freq Max Lock                                                                              ; 133.333333 MHz             ;
;     -- PLL Enable                                                                                     ; On                         ;
;     -- PLL Fractional Division                                                                        ; N/A                        ;
;     -- M Counter                                                                                      ; 12                         ;
;     -- N Counter                                                                                      ; 2                          ;
;     -- PLL Refclk Select                                                                              ;                            ;
;             -- PLL Refclk Select Location                                                             ; PLLREFCLKSELECT_X0_Y21_N0  ;
;             -- PLL Reference Clock Input 0 source                                                     ; clk_0                      ;
;             -- PLL Reference Clock Input 1 source                                                     ; ref_clk1                   ;
;             -- ADJPLLIN source                                                                        ; N/A                        ;
;             -- CORECLKIN source                                                                       ; N/A                        ;
;             -- IQTXRXCLKIN source                                                                     ; N/A                        ;
;             -- PLLIQCLKIN source                                                                      ; N/A                        ;
;             -- RXIQCLKIN source                                                                       ; N/A                        ;
;             -- CLKIN(0) source                                                                        ; clk_clk~input              ;
;             -- CLKIN(1) source                                                                        ; N/A                        ;
;             -- CLKIN(2) source                                                                        ; N/A                        ;
;             -- CLKIN(3) source                                                                        ; N/A                        ;
;     -- PLL Output Counter                                                                             ;                            ;
;         -- pll:inst2|pll_0002:pll_inst|altera_pll:altera_pll_i|general[0].gpll~PLL_OUTPUT_COUNTER     ;                            ;
;             -- Output Clock Frequency                                                                 ; 25.0 MHz                   ;
;             -- Output Clock Location                                                                  ; PLLOUTPUTCOUNTER_X0_Y20_N1 ;
;             -- C Counter Odd Divider Even Duty Enable                                                 ; Off                        ;
;             -- Duty Cycle                                                                             ; 50.0000                    ;
;             -- Phase Shift                                                                            ; 0.000000 degrees           ;
;             -- C Counter                                                                              ; 12                         ;
;             -- C Counter PH Mux PRST                                                                  ; 0                          ;
;             -- C Counter PRST                                                                         ; 1                          ;
;         -- pll2:inst11|pll2_0002:pll2_inst|altera_pll:altera_pll_i|general[0].gpll~PLL_OUTPUT_COUNTER ;                            ;
;             -- Output Clock Frequency                                                                 ; 1.171875 MHz               ;
;             -- Output Clock Location                                                                  ; PLLOUTPUTCOUNTER_X0_Y19_N1 ;
;             -- C Counter Odd Divider Even Duty Enable                                                 ; Off                        ;
;             -- Duty Cycle                                                                             ; 50.0000                    ;
;             -- Phase Shift                                                                            ; 0.000000 degrees           ;
;             -- C Counter                                                                              ; 256                        ;
;             -- C Counter PH Mux PRST                                                                  ; 0                          ;
;             -- C Counter PRST                                                                         ; 1                          ;
;                                                                                                       ;                            ;
+-------------------------------------------------------------------------------------------------------+----------------------------+


+-----------------------------------------------------------------------------------------------------------------------------------------------------------------------------------------------------------------------------------------------------------------------------------------------------------------------------------------------------------------------------------------------------------------------------------------------------------------------------------------------------------------------------------------------------------------------------------------------------------------------------------------------------------------------------------------------------------------------------------------------------------------------------------------------------------------------------------------------------+
; Fitter Resource Utilization by Entity                                                                                                                                                                                                                                                                                                                                                                                                                                                                                                                                                                                                                                                                                                                                                                                                               ;
+---------------------------------------------------------------------------------------------------------------+----------------------+----------------------------------+---------------------------------------------------+----------------------------------+----------------------+---------------------+---------------------------+---------------+-------------------+-------+------------+------+--------------+-------------------------------------------------------------------------------------------------------------------------------------------------------------------------------------------------------------------------------------------------------------------------------------------------------------------------------------------------------------------------------------------------------------+--------------+
; Compilation Hierarchy Node                                                                                    ; ALMs needed [=A-B+C] ; [A] ALMs used in final placement ; [B] Estimate of ALMs recoverable by dense packing ; [C] Estimate of ALMs unavailable ; ALMs used for memory ; Combinational ALUTs ; Dedicated Logic Registers ; I/O Registers ; Block Memory Bits ; M10Ks ; DSP Blocks ; Pins ; Virtual Pins ; Full Hierarchy Name                                                                                                                                                                                                                                                                                                                                                                                         ; Library Name ;
+---------------------------------------------------------------------------------------------------------------+----------------------+----------------------------------+---------------------------------------------------+----------------------------------+----------------------+---------------------+---------------------------+---------------+-------------------+-------+------------+------+--------------+-------------------------------------------------------------------------------------------------------------------------------------------------------------------------------------------------------------------------------------------------------------------------------------------------------------------------------------------------------------------------------------------------------------+--------------+
; |videocapsule                                                                                                 ; 2493.5 (57.1)        ; 2720.5 (58.9)                    ; 260.5 (1.9)                                       ; 33.5 (0.1)                       ; 0.0 (0.0)            ; 4070 (80)           ; 2423 (0)                  ; 0 (0)         ; 3859840           ; 479   ; 3          ; 40   ; 0            ; |videocapsule                                                                                                                                                                                                                                                                                                                                                                                               ; work         ;
;    |count:inst10|                                                                                             ; 8.0 (0.0)            ; 8.0 (0.0)                        ; 0.0 (0.0)                                         ; 0.0 (0.0)                        ; 0.0 (0.0)            ; 16 (0)              ; 16 (0)                    ; 0 (0)         ; 0                 ; 0     ; 0          ; 0    ; 0            ; |videocapsule|count:inst10                                                                                                                                                                                                                                                                                                                                                                                  ; work         ;
;       |lpm_counter:LPM_COUNTER_component|                                                                     ; 8.0 (0.0)            ; 8.0 (0.0)                        ; 0.0 (0.0)                                         ; 0.0 (0.0)                        ; 0.0 (0.0)            ; 16 (0)              ; 16 (0)                    ; 0 (0)         ; 0                 ; 0     ; 0          ; 0    ; 0            ; |videocapsule|count:inst10|lpm_counter:LPM_COUNTER_component                                                                                                                                                                                                                                                                                                                                                ; work         ;
;          |cntr_fjh:auto_generated|                                                                            ; 8.0 (8.0)            ; 8.0 (8.0)                        ; 0.0 (0.0)                                         ; 0.0 (0.0)                        ; 0.0 (0.0)            ; 16 (16)             ; 16 (16)                   ; 0 (0)         ; 0                 ; 0     ; 0          ; 0    ; 0            ; |videocapsule|count:inst10|lpm_counter:LPM_COUNTER_component|cntr_fjh:auto_generated                                                                                                                                                                                                                                                                                                                        ; work         ;
;    |hdmi_controler:inst4|                                                                                     ; 45.3 (45.3)          ; 46.2 (46.2)                      ; 0.8 (0.8)                                         ; 0.0 (0.0)                        ; 0.0 (0.0)            ; 90 (90)             ; 25 (25)                   ; 0 (0)         ; 0                 ; 0     ; 0          ; 0    ; 0            ; |videocapsule|hdmi_controler:inst4                                                                                                                                                                                                                                                                                                                                                                          ; work         ;
;    |lpm_compare:inst14|                                                                                       ; 3.5 (0.0)            ; 3.5 (0.0)                        ; 0.0 (0.0)                                         ; 0.0 (0.0)                        ; 0.0 (0.0)            ; 4 (0)               ; 0 (0)                     ; 0 (0)         ; 0                 ; 0     ; 0          ; 0    ; 0            ; |videocapsule|lpm_compare:inst14                                                                                                                                                                                                                                                                                                                                                                            ; work         ;
;       |cmpr_iik:auto_generated|                                                                               ; 3.5 (3.5)            ; 3.5 (3.5)                        ; 0.0 (0.0)                                         ; 0.0 (0.0)                        ; 0.0 (0.0)            ; 4 (4)               ; 0 (0)                     ; 0 (0)         ; 0                 ; 0     ; 0          ; 0    ; 0            ; |videocapsule|lpm_compare:inst14|cmpr_iik:auto_generated                                                                                                                                                                                                                                                                                                                                                    ; work         ;
;    |niosii:inst13|                                                                                            ; 2081.3 (0.0)         ; 2270.7 (0.0)                     ; 220.7 (0.0)                                       ; 31.3 (0.0)                       ; 0.0 (0.0)            ; 3453 (0)            ; 2196 (0)                  ; 0 (0)         ; 1095040           ; 141   ; 3          ; 0    ; 0            ; |videocapsule|niosii:inst13                                                                                                                                                                                                                                                                                                                                                                                 ; niosii       ;
;       |colorimetrie:colorimetrie_0|                                                                           ; 756.0 (77.2)         ; 760.5 (87.5)                     ; 11.5 (10.3)                                       ; 7.0 (0.0)                        ; 0.0 (0.0)            ; 1460 (117)          ; 127 (127)                 ; 0 (0)         ; 0                 ; 0     ; 0          ; 0    ; 0            ; |videocapsule|niosii:inst13|colorimetrie:colorimetrie_0                                                                                                                                                                                                                                                                                                                                                     ; niosii       ;
;          |lpm_divide:Div1|                                                                                    ; 339.6 (0.0)          ; 337.5 (0.0)                      ; 1.2 (0.0)                                         ; 3.3 (0.0)                        ; 0.0 (0.0)            ; 672 (0)             ; 0 (0)                     ; 0 (0)         ; 0                 ; 0     ; 0          ; 0    ; 0            ; |videocapsule|niosii:inst13|colorimetrie:colorimetrie_0|lpm_divide:Div1                                                                                                                                                                                                                                                                                                                                     ; work         ;
;             |lpm_divide_8dm:auto_generated|                                                                   ; 339.6 (0.0)          ; 337.5 (0.0)                      ; 1.2 (0.0)                                         ; 3.3 (0.0)                        ; 0.0 (0.0)            ; 672 (0)             ; 0 (0)                     ; 0 (0)         ; 0                 ; 0     ; 0          ; 0    ; 0            ; |videocapsule|niosii:inst13|colorimetrie:colorimetrie_0|lpm_divide:Div1|lpm_divide_8dm:auto_generated                                                                                                                                                                                                                                                                                                       ; work         ;
;                |sign_div_unsign_enh:divider|                                                                  ; 339.6 (0.0)          ; 337.5 (0.0)                      ; 1.2 (0.0)                                         ; 3.3 (0.0)                        ; 0.0 (0.0)            ; 672 (0)             ; 0 (0)                     ; 0 (0)         ; 0                 ; 0     ; 0          ; 0    ; 0            ; |videocapsule|niosii:inst13|colorimetrie:colorimetrie_0|lpm_divide:Div1|lpm_divide_8dm:auto_generated|sign_div_unsign_enh:divider                                                                                                                                                                                                                                                                           ; work         ;
;                   |alt_u_div_23f:divider|                                                                     ; 339.6 (339.6)        ; 337.5 (337.5)                    ; 1.2 (1.2)                                         ; 3.3 (3.3)                        ; 0.0 (0.0)            ; 672 (672)           ; 0 (0)                     ; 0 (0)         ; 0                 ; 0     ; 0          ; 0    ; 0            ; |videocapsule|niosii:inst13|colorimetrie:colorimetrie_0|lpm_divide:Div1|lpm_divide_8dm:auto_generated|sign_div_unsign_enh:divider|alt_u_div_23f:divider                                                                                                                                                                                                                                                     ; work         ;
;          |lpm_divide:Div2|                                                                                    ; 339.2 (0.0)          ; 335.5 (0.0)                      ; 0.0 (0.0)                                         ; 3.7 (0.0)                        ; 0.0 (0.0)            ; 671 (0)             ; 0 (0)                     ; 0 (0)         ; 0                 ; 0     ; 0          ; 0    ; 0            ; |videocapsule|niosii:inst13|colorimetrie:colorimetrie_0|lpm_divide:Div2                                                                                                                                                                                                                                                                                                                                     ; work         ;
;             |lpm_divide_8dm:auto_generated|                                                                   ; 339.2 (0.0)          ; 335.5 (0.0)                      ; 0.0 (0.0)                                         ; 3.7 (0.0)                        ; 0.0 (0.0)            ; 671 (0)             ; 0 (0)                     ; 0 (0)         ; 0                 ; 0     ; 0          ; 0    ; 0            ; |videocapsule|niosii:inst13|colorimetrie:colorimetrie_0|lpm_divide:Div2|lpm_divide_8dm:auto_generated                                                                                                                                                                                                                                                                                                       ; work         ;
;                |sign_div_unsign_enh:divider|                                                                  ; 339.2 (0.0)          ; 335.5 (0.0)                      ; 0.0 (0.0)                                         ; 3.7 (0.0)                        ; 0.0 (0.0)            ; 671 (0)             ; 0 (0)                     ; 0 (0)         ; 0                 ; 0     ; 0          ; 0    ; 0            ; |videocapsule|niosii:inst13|colorimetrie:colorimetrie_0|lpm_divide:Div2|lpm_divide_8dm:auto_generated|sign_div_unsign_enh:divider                                                                                                                                                                                                                                                                           ; work         ;
;                   |alt_u_div_23f:divider|                                                                     ; 339.2 (339.2)        ; 335.5 (335.5)                    ; 0.0 (0.0)                                         ; 3.7 (3.7)                        ; 0.0 (0.0)            ; 671 (671)           ; 0 (0)                     ; 0 (0)         ; 0                 ; 0     ; 0          ; 0    ; 0            ; |videocapsule|niosii:inst13|colorimetrie:colorimetrie_0|lpm_divide:Div2|lpm_divide_8dm:auto_generated|sign_div_unsign_enh:divider|alt_u_div_23f:divider                                                                                                                                                                                                                                                     ; work         ;
;       |niosii_jtag_uart_0:jtag_uart_0|                                                                        ; 61.6 (15.5)          ; 78.5 (18.2)                      ; 16.9 (2.7)                                        ; 0.0 (0.0)                        ; 0.0 (0.0)            ; 118 (34)            ; 115 (15)                  ; 0 (0)         ; 1024              ; 2     ; 0          ; 0    ; 0            ; |videocapsule|niosii:inst13|niosii_jtag_uart_0:jtag_uart_0                                                                                                                                                                                                                                                                                                                                                  ; niosii       ;
;          |alt_jtag_atlantic:niosii_jtag_uart_0_alt_jtag_atlantic|                                             ; 21.6 (21.6)          ; 34.8 (34.8)                      ; 13.3 (13.3)                                       ; 0.0 (0.0)                        ; 0.0 (0.0)            ; 36 (36)             ; 55 (55)                   ; 0 (0)         ; 0                 ; 0     ; 0          ; 0    ; 0            ; |videocapsule|niosii:inst13|niosii_jtag_uart_0:jtag_uart_0|alt_jtag_atlantic:niosii_jtag_uart_0_alt_jtag_atlantic                                                                                                                                                                                                                                                                                           ; work         ;
;          |niosii_jtag_uart_0_scfifo_r:the_niosii_jtag_uart_0_scfifo_r|                                        ; 12.3 (0.0)           ; 12.5 (0.0)                       ; 0.2 (0.0)                                         ; 0.0 (0.0)                        ; 0.0 (0.0)            ; 24 (0)              ; 22 (0)                    ; 0 (0)         ; 512               ; 1     ; 0          ; 0    ; 0            ; |videocapsule|niosii:inst13|niosii_jtag_uart_0:jtag_uart_0|niosii_jtag_uart_0_scfifo_r:the_niosii_jtag_uart_0_scfifo_r                                                                                                                                                                                                                                                                                      ; niosii       ;
;             |scfifo:rfifo|                                                                                    ; 12.3 (0.0)           ; 12.5 (0.0)                       ; 0.2 (0.0)                                         ; 0.0 (0.0)                        ; 0.0 (0.0)            ; 24 (0)              ; 22 (0)                    ; 0 (0)         ; 512               ; 1     ; 0          ; 0    ; 0            ; |videocapsule|niosii:inst13|niosii_jtag_uart_0:jtag_uart_0|niosii_jtag_uart_0_scfifo_r:the_niosii_jtag_uart_0_scfifo_r|scfifo:rfifo                                                                                                                                                                                                                                                                         ; work         ;
;                |scfifo_3291:auto_generated|                                                                   ; 12.3 (0.0)           ; 12.5 (0.0)                       ; 0.2 (0.0)                                         ; 0.0 (0.0)                        ; 0.0 (0.0)            ; 24 (0)              ; 22 (0)                    ; 0 (0)         ; 512               ; 1     ; 0          ; 0    ; 0            ; |videocapsule|niosii:inst13|niosii_jtag_uart_0:jtag_uart_0|niosii_jtag_uart_0_scfifo_r:the_niosii_jtag_uart_0_scfifo_r|scfifo:rfifo|scfifo_3291:auto_generated                                                                                                                                                                                                                                              ; work         ;
;                   |a_dpfifo_a891:dpfifo|                                                                      ; 12.3 (0.0)           ; 12.5 (0.0)                       ; 0.2 (0.0)                                         ; 0.0 (0.0)                        ; 0.0 (0.0)            ; 24 (0)              ; 22 (0)                    ; 0 (0)         ; 512               ; 1     ; 0          ; 0    ; 0            ; |videocapsule|niosii:inst13|niosii_jtag_uart_0:jtag_uart_0|niosii_jtag_uart_0_scfifo_r:the_niosii_jtag_uart_0_scfifo_r|scfifo:rfifo|scfifo_3291:auto_generated|a_dpfifo_a891:dpfifo                                                                                                                                                                                                                         ; work         ;
;                      |a_fefifo_7cf:fifo_state|                                                                ; 6.3 (3.3)            ; 6.5 (3.5)                        ; 0.2 (0.2)                                         ; 0.0 (0.0)                        ; 0.0 (0.0)            ; 12 (6)              ; 10 (3)                    ; 0 (0)         ; 0                 ; 0     ; 0          ; 0    ; 0            ; |videocapsule|niosii:inst13|niosii_jtag_uart_0:jtag_uart_0|niosii_jtag_uart_0_scfifo_r:the_niosii_jtag_uart_0_scfifo_r|scfifo:rfifo|scfifo_3291:auto_generated|a_dpfifo_a891:dpfifo|a_fefifo_7cf:fifo_state                                                                                                                                                                                                 ; work         ;
;                         |cntr_vg7:count_usedw|                                                                ; 3.0 (3.0)            ; 3.0 (3.0)                        ; 0.0 (0.0)                                         ; 0.0 (0.0)                        ; 0.0 (0.0)            ; 6 (6)               ; 7 (7)                     ; 0 (0)         ; 0                 ; 0     ; 0          ; 0    ; 0            ; |videocapsule|niosii:inst13|niosii_jtag_uart_0:jtag_uart_0|niosii_jtag_uart_0_scfifo_r:the_niosii_jtag_uart_0_scfifo_r|scfifo:rfifo|scfifo_3291:auto_generated|a_dpfifo_a891:dpfifo|a_fefifo_7cf:fifo_state|cntr_vg7:count_usedw                                                                                                                                                                            ; work         ;
;                      |cntr_jgb:rd_ptr_count|                                                                  ; 3.0 (3.0)            ; 3.0 (3.0)                        ; 0.0 (0.0)                                         ; 0.0 (0.0)                        ; 0.0 (0.0)            ; 6 (6)               ; 6 (6)                     ; 0 (0)         ; 0                 ; 0     ; 0          ; 0    ; 0            ; |videocapsule|niosii:inst13|niosii_jtag_uart_0:jtag_uart_0|niosii_jtag_uart_0_scfifo_r:the_niosii_jtag_uart_0_scfifo_r|scfifo:rfifo|scfifo_3291:auto_generated|a_dpfifo_a891:dpfifo|cntr_jgb:rd_ptr_count                                                                                                                                                                                                   ; work         ;
;                      |cntr_jgb:wr_ptr|                                                                        ; 3.0 (3.0)            ; 3.0 (3.0)                        ; 0.0 (0.0)                                         ; 0.0 (0.0)                        ; 0.0 (0.0)            ; 6 (6)               ; 6 (6)                     ; 0 (0)         ; 0                 ; 0     ; 0          ; 0    ; 0            ; |videocapsule|niosii:inst13|niosii_jtag_uart_0:jtag_uart_0|niosii_jtag_uart_0_scfifo_r:the_niosii_jtag_uart_0_scfifo_r|scfifo:rfifo|scfifo_3291:auto_generated|a_dpfifo_a891:dpfifo|cntr_jgb:wr_ptr                                                                                                                                                                                                         ; work         ;
;                      |dpram_7s81:FIFOram|                                                                     ; 0.0 (0.0)            ; 0.0 (0.0)                        ; 0.0 (0.0)                                         ; 0.0 (0.0)                        ; 0.0 (0.0)            ; 0 (0)               ; 0 (0)                     ; 0 (0)         ; 512               ; 1     ; 0          ; 0    ; 0            ; |videocapsule|niosii:inst13|niosii_jtag_uart_0:jtag_uart_0|niosii_jtag_uart_0_scfifo_r:the_niosii_jtag_uart_0_scfifo_r|scfifo:rfifo|scfifo_3291:auto_generated|a_dpfifo_a891:dpfifo|dpram_7s81:FIFOram                                                                                                                                                                                                      ; work         ;
;                         |altsyncram_b8s1:altsyncram1|                                                         ; 0.0 (0.0)            ; 0.0 (0.0)                        ; 0.0 (0.0)                                         ; 0.0 (0.0)                        ; 0.0 (0.0)            ; 0 (0)               ; 0 (0)                     ; 0 (0)         ; 512               ; 1     ; 0          ; 0    ; 0            ; |videocapsule|niosii:inst13|niosii_jtag_uart_0:jtag_uart_0|niosii_jtag_uart_0_scfifo_r:the_niosii_jtag_uart_0_scfifo_r|scfifo:rfifo|scfifo_3291:auto_generated|a_dpfifo_a891:dpfifo|dpram_7s81:FIFOram|altsyncram_b8s1:altsyncram1                                                                                                                                                                          ; work         ;
;          |niosii_jtag_uart_0_scfifo_w:the_niosii_jtag_uart_0_scfifo_w|                                        ; 12.3 (0.0)           ; 13.0 (0.0)                       ; 0.8 (0.0)                                         ; 0.0 (0.0)                        ; 0.0 (0.0)            ; 24 (0)              ; 23 (0)                    ; 0 (0)         ; 512               ; 1     ; 0          ; 0    ; 0            ; |videocapsule|niosii:inst13|niosii_jtag_uart_0:jtag_uart_0|niosii_jtag_uart_0_scfifo_w:the_niosii_jtag_uart_0_scfifo_w                                                                                                                                                                                                                                                                                      ; niosii       ;
;             |scfifo:wfifo|                                                                                    ; 12.3 (0.0)           ; 13.0 (0.0)                       ; 0.8 (0.0)                                         ; 0.0 (0.0)                        ; 0.0 (0.0)            ; 24 (0)              ; 23 (0)                    ; 0 (0)         ; 512               ; 1     ; 0          ; 0    ; 0            ; |videocapsule|niosii:inst13|niosii_jtag_uart_0:jtag_uart_0|niosii_jtag_uart_0_scfifo_w:the_niosii_jtag_uart_0_scfifo_w|scfifo:wfifo                                                                                                                                                                                                                                                                         ; work         ;
;                |scfifo_3291:auto_generated|                                                                   ; 12.3 (0.0)           ; 13.0 (0.0)                       ; 0.8 (0.0)                                         ; 0.0 (0.0)                        ; 0.0 (0.0)            ; 24 (0)              ; 23 (0)                    ; 0 (0)         ; 512               ; 1     ; 0          ; 0    ; 0            ; |videocapsule|niosii:inst13|niosii_jtag_uart_0:jtag_uart_0|niosii_jtag_uart_0_scfifo_w:the_niosii_jtag_uart_0_scfifo_w|scfifo:wfifo|scfifo_3291:auto_generated                                                                                                                                                                                                                                              ; work         ;
;                   |a_dpfifo_a891:dpfifo|                                                                      ; 12.3 (0.0)           ; 13.0 (0.0)                       ; 0.8 (0.0)                                         ; 0.0 (0.0)                        ; 0.0 (0.0)            ; 24 (0)              ; 23 (0)                    ; 0 (0)         ; 512               ; 1     ; 0          ; 0    ; 0            ; |videocapsule|niosii:inst13|niosii_jtag_uart_0:jtag_uart_0|niosii_jtag_uart_0_scfifo_w:the_niosii_jtag_uart_0_scfifo_w|scfifo:wfifo|scfifo_3291:auto_generated|a_dpfifo_a891:dpfifo                                                                                                                                                                                                                         ; work         ;
;                      |a_fefifo_7cf:fifo_state|                                                                ; 6.3 (3.3)            ; 7.0 (4.0)                        ; 0.8 (0.7)                                         ; 0.0 (0.0)                        ; 0.0 (0.0)            ; 12 (6)              ; 11 (3)                    ; 0 (0)         ; 0                 ; 0     ; 0          ; 0    ; 0            ; |videocapsule|niosii:inst13|niosii_jtag_uart_0:jtag_uart_0|niosii_jtag_uart_0_scfifo_w:the_niosii_jtag_uart_0_scfifo_w|scfifo:wfifo|scfifo_3291:auto_generated|a_dpfifo_a891:dpfifo|a_fefifo_7cf:fifo_state                                                                                                                                                                                                 ; work         ;
;                         |cntr_vg7:count_usedw|                                                                ; 3.0 (3.0)            ; 3.0 (3.0)                        ; 0.0 (0.0)                                         ; 0.0 (0.0)                        ; 0.0 (0.0)            ; 6 (6)               ; 8 (8)                     ; 0 (0)         ; 0                 ; 0     ; 0          ; 0    ; 0            ; |videocapsule|niosii:inst13|niosii_jtag_uart_0:jtag_uart_0|niosii_jtag_uart_0_scfifo_w:the_niosii_jtag_uart_0_scfifo_w|scfifo:wfifo|scfifo_3291:auto_generated|a_dpfifo_a891:dpfifo|a_fefifo_7cf:fifo_state|cntr_vg7:count_usedw                                                                                                                                                                            ; work         ;
;                      |cntr_jgb:rd_ptr_count|                                                                  ; 3.0 (3.0)            ; 3.0 (3.0)                        ; 0.0 (0.0)                                         ; 0.0 (0.0)                        ; 0.0 (0.0)            ; 6 (6)               ; 6 (6)                     ; 0 (0)         ; 0                 ; 0     ; 0          ; 0    ; 0            ; |videocapsule|niosii:inst13|niosii_jtag_uart_0:jtag_uart_0|niosii_jtag_uart_0_scfifo_w:the_niosii_jtag_uart_0_scfifo_w|scfifo:wfifo|scfifo_3291:auto_generated|a_dpfifo_a891:dpfifo|cntr_jgb:rd_ptr_count                                                                                                                                                                                                   ; work         ;
;                      |cntr_jgb:wr_ptr|                                                                        ; 3.0 (3.0)            ; 3.0 (3.0)                        ; 0.0 (0.0)                                         ; 0.0 (0.0)                        ; 0.0 (0.0)            ; 6 (6)               ; 6 (6)                     ; 0 (0)         ; 0                 ; 0     ; 0          ; 0    ; 0            ; |videocapsule|niosii:inst13|niosii_jtag_uart_0:jtag_uart_0|niosii_jtag_uart_0_scfifo_w:the_niosii_jtag_uart_0_scfifo_w|scfifo:wfifo|scfifo_3291:auto_generated|a_dpfifo_a891:dpfifo|cntr_jgb:wr_ptr                                                                                                                                                                                                         ; work         ;
;                      |dpram_7s81:FIFOram|                                                                     ; 0.0 (0.0)            ; 0.0 (0.0)                        ; 0.0 (0.0)                                         ; 0.0 (0.0)                        ; 0.0 (0.0)            ; 0 (0)               ; 0 (0)                     ; 0 (0)         ; 512               ; 1     ; 0          ; 0    ; 0            ; |videocapsule|niosii:inst13|niosii_jtag_uart_0:jtag_uart_0|niosii_jtag_uart_0_scfifo_w:the_niosii_jtag_uart_0_scfifo_w|scfifo:wfifo|scfifo_3291:auto_generated|a_dpfifo_a891:dpfifo|dpram_7s81:FIFOram                                                                                                                                                                                                      ; work         ;
;                         |altsyncram_b8s1:altsyncram1|                                                         ; 0.0 (0.0)            ; 0.0 (0.0)                        ; 0.0 (0.0)                                         ; 0.0 (0.0)                        ; 0.0 (0.0)            ; 0 (0)               ; 0 (0)                     ; 0 (0)         ; 512               ; 1     ; 0          ; 0    ; 0            ; |videocapsule|niosii:inst13|niosii_jtag_uart_0:jtag_uart_0|niosii_jtag_uart_0_scfifo_w:the_niosii_jtag_uart_0_scfifo_w|scfifo:wfifo|scfifo_3291:auto_generated|a_dpfifo_a891:dpfifo|dpram_7s81:FIFOram|altsyncram_b8s1:altsyncram1                                                                                                                                                                          ; work         ;
;       |niosii_mm_interconnect_0:mm_interconnect_0|                                                            ; 171.0 (0.0)          ; 194.3 (0.0)                      ; 23.7 (0.0)                                        ; 0.4 (0.0)                        ; 0.0 (0.0)            ; 346 (0)             ; 192 (0)                   ; 0 (0)         ; 0                 ; 0     ; 0          ; 0    ; 0            ; |videocapsule|niosii:inst13|niosii_mm_interconnect_0:mm_interconnect_0                                                                                                                                                                                                                                                                                                                                      ; niosii       ;
;          |altera_avalon_sc_fifo:colorimetrie_0_avalon_slave_0_agent_rsp_fifo|                                 ; 2.6 (2.6)            ; 3.5 (3.5)                        ; 0.9 (0.9)                                         ; 0.0 (0.0)                        ; 0.0 (0.0)            ; 5 (5)               ; 4 (4)                     ; 0 (0)         ; 0                 ; 0     ; 0          ; 0    ; 0            ; |videocapsule|niosii:inst13|niosii_mm_interconnect_0:mm_interconnect_0|altera_avalon_sc_fifo:colorimetrie_0_avalon_slave_0_agent_rsp_fifo                                                                                                                                                                                                                                                                   ; niosii       ;
;          |altera_avalon_sc_fifo:jtag_uart_0_avalon_jtag_slave_agent_rsp_fifo|                                 ; 2.5 (2.5)            ; 2.5 (2.5)                        ; 0.0 (0.0)                                         ; 0.0 (0.0)                        ; 0.0 (0.0)            ; 5 (5)               ; 5 (5)                     ; 0 (0)         ; 0                 ; 0     ; 0          ; 0    ; 0            ; |videocapsule|niosii:inst13|niosii_mm_interconnect_0:mm_interconnect_0|altera_avalon_sc_fifo:jtag_uart_0_avalon_jtag_slave_agent_rsp_fifo                                                                                                                                                                                                                                                                   ; niosii       ;
;          |altera_avalon_sc_fifo:nios2_gen2_0_debug_mem_slave_agent_rsp_fifo|                                  ; 3.9 (3.9)            ; 3.9 (3.9)                        ; 0.0 (0.0)                                         ; 0.0 (0.0)                        ; 0.0 (0.0)            ; 7 (7)               ; 8 (8)                     ; 0 (0)         ; 0                 ; 0     ; 0          ; 0    ; 0            ; |videocapsule|niosii:inst13|niosii_mm_interconnect_0:mm_interconnect_0|altera_avalon_sc_fifo:nios2_gen2_0_debug_mem_slave_agent_rsp_fifo                                                                                                                                                                                                                                                                    ; niosii       ;
;          |altera_avalon_sc_fifo:onchip_memory2_0_s1_agent_rsp_fifo|                                           ; 4.7 (4.7)            ; 4.7 (4.7)                        ; 0.0 (0.0)                                         ; 0.0 (0.0)                        ; 0.0 (0.0)            ; 7 (7)               ; 8 (8)                     ; 0 (0)         ; 0                 ; 0     ; 0          ; 0    ; 0            ; |videocapsule|niosii:inst13|niosii_mm_interconnect_0:mm_interconnect_0|altera_avalon_sc_fifo:onchip_memory2_0_s1_agent_rsp_fifo                                                                                                                                                                                                                                                                             ; niosii       ;
;          |altera_avalon_sc_fifo:pio_0_s1_agent_rsp_fifo|                                                      ; 3.0 (3.0)            ; 3.3 (3.3)                        ; 0.3 (0.3)                                         ; 0.0 (0.0)                        ; 0.0 (0.0)            ; 5 (5)               ; 5 (5)                     ; 0 (0)         ; 0                 ; 0     ; 0          ; 0    ; 0            ; |videocapsule|niosii:inst13|niosii_mm_interconnect_0:mm_interconnect_0|altera_avalon_sc_fifo:pio_0_s1_agent_rsp_fifo                                                                                                                                                                                                                                                                                        ; niosii       ;
;          |altera_avalon_sc_fifo:sysid_qsys_0_control_slave_agent_rsp_fifo|                                    ; 1.9 (1.9)            ; 1.9 (1.9)                        ; 0.0 (0.0)                                         ; 0.0 (0.0)                        ; 0.0 (0.0)            ; 4 (4)               ; 4 (4)                     ; 0 (0)         ; 0                 ; 0     ; 0          ; 0    ; 0            ; |videocapsule|niosii:inst13|niosii_mm_interconnect_0:mm_interconnect_0|altera_avalon_sc_fifo:sysid_qsys_0_control_slave_agent_rsp_fifo                                                                                                                                                                                                                                                                      ; niosii       ;
;          |altera_avalon_sc_fifo:timer_0_s1_agent_rsp_fifo|                                                    ; 2.3 (2.3)            ; 3.0 (3.0)                        ; 0.8 (0.8)                                         ; 0.0 (0.0)                        ; 0.0 (0.0)            ; 5 (5)               ; 4 (4)                     ; 0 (0)         ; 0                 ; 0     ; 0          ; 0    ; 0            ; |videocapsule|niosii:inst13|niosii_mm_interconnect_0:mm_interconnect_0|altera_avalon_sc_fifo:timer_0_s1_agent_rsp_fifo                                                                                                                                                                                                                                                                                      ; niosii       ;
;          |altera_merlin_master_agent:nios2_gen2_0_data_master_agent|                                          ; 0.5 (0.5)            ; 0.5 (0.5)                        ; 0.0 (0.0)                                         ; 0.0 (0.0)                        ; 0.0 (0.0)            ; 1 (1)               ; 0 (0)                     ; 0 (0)         ; 0                 ; 0     ; 0          ; 0    ; 0            ; |videocapsule|niosii:inst13|niosii_mm_interconnect_0:mm_interconnect_0|altera_merlin_master_agent:nios2_gen2_0_data_master_agent                                                                                                                                                                                                                                                                            ; niosii       ;
;          |altera_merlin_slave_agent:nios2_gen2_0_debug_mem_slave_agent|                                       ; 1.0 (1.0)            ; 1.0 (1.0)                        ; 0.0 (0.0)                                         ; 0.0 (0.0)                        ; 0.0 (0.0)            ; 1 (1)               ; 0 (0)                     ; 0 (0)         ; 0                 ; 0     ; 0          ; 0    ; 0            ; |videocapsule|niosii:inst13|niosii_mm_interconnect_0:mm_interconnect_0|altera_merlin_slave_agent:nios2_gen2_0_debug_mem_slave_agent                                                                                                                                                                                                                                                                         ; niosii       ;
;          |altera_merlin_slave_translator:colorimetrie_0_avalon_slave_0_translator|                            ; 7.5 (7.5)            ; 12.1 (12.1)                      ; 4.6 (4.6)                                         ; 0.0 (0.0)                        ; 0.0 (0.0)            ; 7 (7)               ; 32 (32)                   ; 0 (0)         ; 0                 ; 0     ; 0          ; 0    ; 0            ; |videocapsule|niosii:inst13|niosii_mm_interconnect_0:mm_interconnect_0|altera_merlin_slave_translator:colorimetrie_0_avalon_slave_0_translator                                                                                                                                                                                                                                                              ; niosii       ;
;          |altera_merlin_slave_translator:jtag_uart_0_avalon_jtag_slave_translator|                            ; 7.8 (7.8)            ; 8.9 (8.9)                        ; 1.2 (1.2)                                         ; 0.0 (0.0)                        ; 0.0 (0.0)            ; 2 (2)               ; 24 (24)                   ; 0 (0)         ; 0                 ; 0     ; 0          ; 0    ; 0            ; |videocapsule|niosii:inst13|niosii_mm_interconnect_0:mm_interconnect_0|altera_merlin_slave_translator:jtag_uart_0_avalon_jtag_slave_translator                                                                                                                                                                                                                                                              ; niosii       ;
;          |altera_merlin_slave_translator:nios2_gen2_0_debug_mem_slave_translator|                             ; 6.7 (6.7)            ; 13.6 (13.6)                      ; 6.8 (6.8)                                         ; 0.0 (0.0)                        ; 0.0 (0.0)            ; 1 (1)               ; 34 (34)                   ; 0 (0)         ; 0                 ; 0     ; 0          ; 0    ; 0            ; |videocapsule|niosii:inst13|niosii_mm_interconnect_0:mm_interconnect_0|altera_merlin_slave_translator:nios2_gen2_0_debug_mem_slave_translator                                                                                                                                                                                                                                                               ; niosii       ;
;          |altera_merlin_slave_translator:onchip_memory2_0_s1_translator|                                      ; 1.0 (1.0)            ; 1.0 (1.0)                        ; 0.0 (0.0)                                         ; 0.0 (0.0)                        ; 0.0 (0.0)            ; 2 (2)               ; 1 (1)                     ; 0 (0)         ; 0                 ; 0     ; 0          ; 0    ; 0            ; |videocapsule|niosii:inst13|niosii_mm_interconnect_0:mm_interconnect_0|altera_merlin_slave_translator:onchip_memory2_0_s1_translator                                                                                                                                                                                                                                                                        ; niosii       ;
;          |altera_merlin_slave_translator:pio_0_s1_translator|                                                 ; 5.4 (5.4)            ; 5.7 (5.7)                        ; 0.3 (0.3)                                         ; 0.0 (0.0)                        ; 0.0 (0.0)            ; 6 (6)               ; 12 (12)                   ; 0 (0)         ; 0                 ; 0     ; 0          ; 0    ; 0            ; |videocapsule|niosii:inst13|niosii_mm_interconnect_0:mm_interconnect_0|altera_merlin_slave_translator:pio_0_s1_translator                                                                                                                                                                                                                                                                                   ; niosii       ;
;          |altera_merlin_slave_translator:sysid_qsys_0_control_slave_translator|                               ; 3.4 (3.4)            ; 3.8 (3.8)                        ; 0.4 (0.4)                                         ; 0.0 (0.0)                        ; 0.0 (0.0)            ; 6 (6)               ; 4 (4)                     ; 0 (0)         ; 0                 ; 0     ; 0          ; 0    ; 0            ; |videocapsule|niosii:inst13|niosii_mm_interconnect_0:mm_interconnect_0|altera_merlin_slave_translator:sysid_qsys_0_control_slave_translator                                                                                                                                                                                                                                                                 ; niosii       ;
;          |altera_merlin_slave_translator:timer_0_s1_translator|                                               ; 8.5 (8.5)            ; 8.5 (8.5)                        ; 0.0 (0.0)                                         ; 0.0 (0.0)                        ; 0.0 (0.0)            ; 7 (7)               ; 20 (20)                   ; 0 (0)         ; 0                 ; 0     ; 0          ; 0    ; 0            ; |videocapsule|niosii:inst13|niosii_mm_interconnect_0:mm_interconnect_0|altera_merlin_slave_translator:timer_0_s1_translator                                                                                                                                                                                                                                                                                 ; niosii       ;
;          |altera_merlin_traffic_limiter:nios2_gen2_0_data_master_limiter|                                     ; 9.8 (9.8)            ; 9.8 (9.8)                        ; 0.0 (0.0)                                         ; 0.0 (0.0)                        ; 0.0 (0.0)            ; 15 (15)             ; 12 (12)                   ; 0 (0)         ; 0                 ; 0     ; 0          ; 0    ; 0            ; |videocapsule|niosii:inst13|niosii_mm_interconnect_0:mm_interconnect_0|altera_merlin_traffic_limiter:nios2_gen2_0_data_master_limiter                                                                                                                                                                                                                                                                       ; niosii       ;
;          |altera_merlin_traffic_limiter:nios2_gen2_0_instruction_master_limiter|                              ; 3.5 (3.5)            ; 4.0 (4.0)                        ; 0.5 (0.5)                                         ; 0.0 (0.0)                        ; 0.0 (0.0)            ; 8 (8)               ; 5 (5)                     ; 0 (0)         ; 0                 ; 0     ; 0          ; 0    ; 0            ; |videocapsule|niosii:inst13|niosii_mm_interconnect_0:mm_interconnect_0|altera_merlin_traffic_limiter:nios2_gen2_0_instruction_master_limiter                                                                                                                                                                                                                                                                ; niosii       ;
;          |niosii_mm_interconnect_0_cmd_demux:cmd_demux|                                                       ; 8.2 (8.2)            ; 9.1 (9.1)                        ; 0.9 (0.9)                                         ; 0.0 (0.0)                        ; 0.0 (0.0)            ; 13 (13)             ; 0 (0)                     ; 0 (0)         ; 0                 ; 0     ; 0          ; 0    ; 0            ; |videocapsule|niosii:inst13|niosii_mm_interconnect_0:mm_interconnect_0|niosii_mm_interconnect_0_cmd_demux:cmd_demux                                                                                                                                                                                                                                                                                         ; niosii       ;
;          |niosii_mm_interconnect_0_cmd_demux_001:cmd_demux_001|                                               ; 3.3 (3.3)            ; 3.5 (3.5)                        ; 0.2 (0.2)                                         ; 0.0 (0.0)                        ; 0.0 (0.0)            ; 4 (4)               ; 0 (0)                     ; 0 (0)         ; 0                 ; 0     ; 0          ; 0    ; 0            ; |videocapsule|niosii:inst13|niosii_mm_interconnect_0:mm_interconnect_0|niosii_mm_interconnect_0_cmd_demux_001:cmd_demux_001                                                                                                                                                                                                                                                                                 ; niosii       ;
;          |niosii_mm_interconnect_0_cmd_mux_003:cmd_mux_003|                                                   ; 16.6 (14.6)          ; 18.2 (16.2)                      ; 1.6 (1.6)                                         ; 0.1 (0.1)                        ; 0.0 (0.0)            ; 53 (49)             ; 5 (3)                     ; 0 (0)         ; 0                 ; 0     ; 0          ; 0    ; 0            ; |videocapsule|niosii:inst13|niosii_mm_interconnect_0:mm_interconnect_0|niosii_mm_interconnect_0_cmd_mux_003:cmd_mux_003                                                                                                                                                                                                                                                                                     ; niosii       ;
;             |altera_merlin_arbitrator:arb|                                                                    ; 2.0 (2.0)            ; 2.0 (2.0)                        ; 0.0 (0.0)                                         ; 0.0 (0.0)                        ; 0.0 (0.0)            ; 4 (4)               ; 2 (2)                     ; 0 (0)         ; 0                 ; 0     ; 0          ; 0    ; 0            ; |videocapsule|niosii:inst13|niosii_mm_interconnect_0:mm_interconnect_0|niosii_mm_interconnect_0_cmd_mux_003:cmd_mux_003|altera_merlin_arbitrator:arb                                                                                                                                                                                                                                                        ; niosii       ;
;          |niosii_mm_interconnect_0_cmd_mux_003:cmd_mux_006|                                                   ; 25.8 (23.9)          ; 27.6 (25.6)                      ; 1.8 (1.7)                                         ; 0.0 (0.0)                        ; 0.0 (0.0)            ; 58 (54)             ; 5 (3)                     ; 0 (0)         ; 0                 ; 0     ; 0          ; 0    ; 0            ; |videocapsule|niosii:inst13|niosii_mm_interconnect_0:mm_interconnect_0|niosii_mm_interconnect_0_cmd_mux_003:cmd_mux_006                                                                                                                                                                                                                                                                                     ; niosii       ;
;             |altera_merlin_arbitrator:arb|                                                                    ; 1.9 (1.9)            ; 2.0 (2.0)                        ; 0.1 (0.1)                                         ; 0.0 (0.0)                        ; 0.0 (0.0)            ; 4 (4)               ; 2 (2)                     ; 0 (0)         ; 0                 ; 0     ; 0          ; 0    ; 0            ; |videocapsule|niosii:inst13|niosii_mm_interconnect_0:mm_interconnect_0|niosii_mm_interconnect_0_cmd_mux_003:cmd_mux_006|altera_merlin_arbitrator:arb                                                                                                                                                                                                                                                        ; niosii       ;
;          |niosii_mm_interconnect_0_router:router|                                                             ; 5.7 (5.7)            ; 6.1 (6.1)                        ; 0.4 (0.4)                                         ; 0.0 (0.0)                        ; 0.0 (0.0)            ; 14 (14)             ; 0 (0)                     ; 0 (0)         ; 0                 ; 0     ; 0          ; 0    ; 0            ; |videocapsule|niosii:inst13|niosii_mm_interconnect_0:mm_interconnect_0|niosii_mm_interconnect_0_router:router                                                                                                                                                                                                                                                                                               ; niosii       ;
;          |niosii_mm_interconnect_0_router_001:router_001|                                                     ; 1.2 (1.2)            ; 1.7 (1.7)                        ; 0.5 (0.5)                                         ; 0.0 (0.0)                        ; 0.0 (0.0)            ; 3 (3)               ; 0 (0)                     ; 0 (0)         ; 0                 ; 0     ; 0          ; 0    ; 0            ; |videocapsule|niosii:inst13|niosii_mm_interconnect_0:mm_interconnect_0|niosii_mm_interconnect_0_router_001:router_001                                                                                                                                                                                                                                                                                       ; niosii       ;
;          |niosii_mm_interconnect_0_rsp_demux_003:rsp_demux_003|                                               ; 0.5 (0.5)            ; 0.5 (0.5)                        ; 0.0 (0.0)                                         ; 0.0 (0.0)                        ; 0.0 (0.0)            ; 2 (2)               ; 0 (0)                     ; 0 (0)         ; 0                 ; 0     ; 0          ; 0    ; 0            ; |videocapsule|niosii:inst13|niosii_mm_interconnect_0:mm_interconnect_0|niosii_mm_interconnect_0_rsp_demux_003:rsp_demux_003                                                                                                                                                                                                                                                                                 ; niosii       ;
;          |niosii_mm_interconnect_0_rsp_demux_003:rsp_demux_006|                                               ; 0.5 (0.5)            ; 0.5 (0.5)                        ; 0.0 (0.0)                                         ; 0.0 (0.0)                        ; 0.0 (0.0)            ; 2 (2)               ; 0 (0)                     ; 0 (0)         ; 0                 ; 0     ; 0          ; 0    ; 0            ; |videocapsule|niosii:inst13|niosii_mm_interconnect_0:mm_interconnect_0|niosii_mm_interconnect_0_rsp_demux_003:rsp_demux_006                                                                                                                                                                                                                                                                                 ; niosii       ;
;          |niosii_mm_interconnect_0_rsp_mux:rsp_mux|                                                           ; 28.0 (28.0)          ; 30.8 (30.8)                      ; 2.9 (2.9)                                         ; 0.1 (0.1)                        ; 0.0 (0.0)            ; 70 (70)             ; 0 (0)                     ; 0 (0)         ; 0                 ; 0     ; 0          ; 0    ; 0            ; |videocapsule|niosii:inst13|niosii_mm_interconnect_0:mm_interconnect_0|niosii_mm_interconnect_0_rsp_mux:rsp_mux                                                                                                                                                                                                                                                                                             ; niosii       ;
;          |niosii_mm_interconnect_0_rsp_mux_001:rsp_mux_001|                                                   ; 3.4 (3.4)            ; 4.8 (4.8)                        ; 1.5 (1.5)                                         ; 0.1 (0.1)                        ; 0.0 (0.0)            ; 33 (33)             ; 0 (0)                     ; 0 (0)         ; 0                 ; 0     ; 0          ; 0    ; 0            ; |videocapsule|niosii:inst13|niosii_mm_interconnect_0:mm_interconnect_0|niosii_mm_interconnect_0_rsp_mux_001:rsp_mux_001                                                                                                                                                                                                                                                                                     ; niosii       ;
;       |niosii_nios2_gen2_0:nios2_gen2_0|                                                                      ; 982.7 (11.4)         ; 1110.9 (11.9)                    ; 150.1 (0.7)                                       ; 21.9 (0.1)                       ; 0.0 (0.0)            ; 1367 (1)            ; 1600 (40)                 ; 0 (0)         ; 45440             ; 11    ; 3          ; 0    ; 0            ; |videocapsule|niosii:inst13|niosii_nios2_gen2_0:nios2_gen2_0                                                                                                                                                                                                                                                                                                                                                ; niosii       ;
;          |niosii_nios2_gen2_0_cpu:cpu|                                                                        ; 971.3 (830.1)        ; 1099.0 (934.0)                   ; 149.5 (123.8)                                     ; 21.8 (20.0)                      ; 0.0 (0.0)            ; 1366 (1194)         ; 1560 (1280)               ; 0 (0)         ; 45440             ; 11    ; 3          ; 0    ; 0            ; |videocapsule|niosii:inst13|niosii_nios2_gen2_0:nios2_gen2_0|niosii_nios2_gen2_0_cpu:cpu                                                                                                                                                                                                                                                                                                                    ; niosii       ;
;             |niosii_nios2_gen2_0_cpu_bht_module:niosii_nios2_gen2_0_cpu_bht|                                  ; 0.0 (0.0)            ; 0.0 (0.0)                        ; 0.0 (0.0)                                         ; 0.0 (0.0)                        ; 0.0 (0.0)            ; 0 (0)               ; 0 (0)                     ; 0 (0)         ; 512               ; 1     ; 0          ; 0    ; 0            ; |videocapsule|niosii:inst13|niosii_nios2_gen2_0:nios2_gen2_0|niosii_nios2_gen2_0_cpu:cpu|niosii_nios2_gen2_0_cpu_bht_module:niosii_nios2_gen2_0_cpu_bht                                                                                                                                                                                                                                                     ; niosii       ;
;                |altsyncram:the_altsyncram|                                                                    ; 0.0 (0.0)            ; 0.0 (0.0)                        ; 0.0 (0.0)                                         ; 0.0 (0.0)                        ; 0.0 (0.0)            ; 0 (0)               ; 0 (0)                     ; 0 (0)         ; 512               ; 1     ; 0          ; 0    ; 0            ; |videocapsule|niosii:inst13|niosii_nios2_gen2_0:nios2_gen2_0|niosii_nios2_gen2_0_cpu:cpu|niosii_nios2_gen2_0_cpu_bht_module:niosii_nios2_gen2_0_cpu_bht|altsyncram:the_altsyncram                                                                                                                                                                                                                           ; work         ;
;                   |altsyncram_pdj1:auto_generated|                                                            ; 0.0 (0.0)            ; 0.0 (0.0)                        ; 0.0 (0.0)                                         ; 0.0 (0.0)                        ; 0.0 (0.0)            ; 0 (0)               ; 0 (0)                     ; 0 (0)         ; 512               ; 1     ; 0          ; 0    ; 0            ; |videocapsule|niosii:inst13|niosii_nios2_gen2_0:nios2_gen2_0|niosii_nios2_gen2_0_cpu:cpu|niosii_nios2_gen2_0_cpu_bht_module:niosii_nios2_gen2_0_cpu_bht|altsyncram:the_altsyncram|altsyncram_pdj1:auto_generated                                                                                                                                                                                            ; work         ;
;             |niosii_nios2_gen2_0_cpu_dc_data_module:niosii_nios2_gen2_0_cpu_dc_data|                          ; 0.0 (0.0)            ; 0.0 (0.0)                        ; 0.0 (0.0)                                         ; 0.0 (0.0)                        ; 0.0 (0.0)            ; 0 (0)               ; 0 (0)                     ; 0 (0)         ; 16384             ; 2     ; 0          ; 0    ; 0            ; |videocapsule|niosii:inst13|niosii_nios2_gen2_0:nios2_gen2_0|niosii_nios2_gen2_0_cpu:cpu|niosii_nios2_gen2_0_cpu_dc_data_module:niosii_nios2_gen2_0_cpu_dc_data                                                                                                                                                                                                                                             ; niosii       ;
;                |altsyncram:the_altsyncram|                                                                    ; 0.0 (0.0)            ; 0.0 (0.0)                        ; 0.0 (0.0)                                         ; 0.0 (0.0)                        ; 0.0 (0.0)            ; 0 (0)               ; 0 (0)                     ; 0 (0)         ; 16384             ; 2     ; 0          ; 0    ; 0            ; |videocapsule|niosii:inst13|niosii_nios2_gen2_0:nios2_gen2_0|niosii_nios2_gen2_0_cpu:cpu|niosii_nios2_gen2_0_cpu_dc_data_module:niosii_nios2_gen2_0_cpu_dc_data|altsyncram:the_altsyncram                                                                                                                                                                                                                   ; work         ;
;                   |altsyncram_4kl1:auto_generated|                                                            ; 0.0 (0.0)            ; 0.0 (0.0)                        ; 0.0 (0.0)                                         ; 0.0 (0.0)                        ; 0.0 (0.0)            ; 0 (0)               ; 0 (0)                     ; 0 (0)         ; 16384             ; 2     ; 0          ; 0    ; 0            ; |videocapsule|niosii:inst13|niosii_nios2_gen2_0:nios2_gen2_0|niosii_nios2_gen2_0_cpu:cpu|niosii_nios2_gen2_0_cpu_dc_data_module:niosii_nios2_gen2_0_cpu_dc_data|altsyncram:the_altsyncram|altsyncram_4kl1:auto_generated                                                                                                                                                                                    ; work         ;
;             |niosii_nios2_gen2_0_cpu_dc_tag_module:niosii_nios2_gen2_0_cpu_dc_tag|                            ; 0.0 (0.0)            ; 0.0 (0.0)                        ; 0.0 (0.0)                                         ; 0.0 (0.0)                        ; 0.0 (0.0)            ; 0 (0)               ; 0 (0)                     ; 0 (0)         ; 640               ; 1     ; 0          ; 0    ; 0            ; |videocapsule|niosii:inst13|niosii_nios2_gen2_0:nios2_gen2_0|niosii_nios2_gen2_0_cpu:cpu|niosii_nios2_gen2_0_cpu_dc_tag_module:niosii_nios2_gen2_0_cpu_dc_tag                                                                                                                                                                                                                                               ; niosii       ;
;                |altsyncram:the_altsyncram|                                                                    ; 0.0 (0.0)            ; 0.0 (0.0)                        ; 0.0 (0.0)                                         ; 0.0 (0.0)                        ; 0.0 (0.0)            ; 0 (0)               ; 0 (0)                     ; 0 (0)         ; 640               ; 1     ; 0          ; 0    ; 0            ; |videocapsule|niosii:inst13|niosii_nios2_gen2_0:nios2_gen2_0|niosii_nios2_gen2_0_cpu:cpu|niosii_nios2_gen2_0_cpu_dc_tag_module:niosii_nios2_gen2_0_cpu_dc_tag|altsyncram:the_altsyncram                                                                                                                                                                                                                     ; work         ;
;                   |altsyncram_3pi1:auto_generated|                                                            ; 0.0 (0.0)            ; 0.0 (0.0)                        ; 0.0 (0.0)                                         ; 0.0 (0.0)                        ; 0.0 (0.0)            ; 0 (0)               ; 0 (0)                     ; 0 (0)         ; 640               ; 1     ; 0          ; 0    ; 0            ; |videocapsule|niosii:inst13|niosii_nios2_gen2_0:nios2_gen2_0|niosii_nios2_gen2_0_cpu:cpu|niosii_nios2_gen2_0_cpu_dc_tag_module:niosii_nios2_gen2_0_cpu_dc_tag|altsyncram:the_altsyncram|altsyncram_3pi1:auto_generated                                                                                                                                                                                      ; work         ;
;             |niosii_nios2_gen2_0_cpu_dc_victim_module:niosii_nios2_gen2_0_cpu_dc_victim|                      ; 0.0 (0.0)            ; 0.0 (0.0)                        ; 0.0 (0.0)                                         ; 0.0 (0.0)                        ; 0.0 (0.0)            ; 0 (0)               ; 0 (0)                     ; 0 (0)         ; 256               ; 1     ; 0          ; 0    ; 0            ; |videocapsule|niosii:inst13|niosii_nios2_gen2_0:nios2_gen2_0|niosii_nios2_gen2_0_cpu:cpu|niosii_nios2_gen2_0_cpu_dc_victim_module:niosii_nios2_gen2_0_cpu_dc_victim                                                                                                                                                                                                                                         ; niosii       ;
;                |altsyncram:the_altsyncram|                                                                    ; 0.0 (0.0)            ; 0.0 (0.0)                        ; 0.0 (0.0)                                         ; 0.0 (0.0)                        ; 0.0 (0.0)            ; 0 (0)               ; 0 (0)                     ; 0 (0)         ; 256               ; 1     ; 0          ; 0    ; 0            ; |videocapsule|niosii:inst13|niosii_nios2_gen2_0:nios2_gen2_0|niosii_nios2_gen2_0_cpu:cpu|niosii_nios2_gen2_0_cpu_dc_victim_module:niosii_nios2_gen2_0_cpu_dc_victim|altsyncram:the_altsyncram                                                                                                                                                                                                               ; work         ;
;                   |altsyncram_baj1:auto_generated|                                                            ; 0.0 (0.0)            ; 0.0 (0.0)                        ; 0.0 (0.0)                                         ; 0.0 (0.0)                        ; 0.0 (0.0)            ; 0 (0)               ; 0 (0)                     ; 0 (0)         ; 256               ; 1     ; 0          ; 0    ; 0            ; |videocapsule|niosii:inst13|niosii_nios2_gen2_0:nios2_gen2_0|niosii_nios2_gen2_0_cpu:cpu|niosii_nios2_gen2_0_cpu_dc_victim_module:niosii_nios2_gen2_0_cpu_dc_victim|altsyncram:the_altsyncram|altsyncram_baj1:auto_generated                                                                                                                                                                                ; work         ;
;             |niosii_nios2_gen2_0_cpu_ic_data_module:niosii_nios2_gen2_0_cpu_ic_data|                          ; 0.0 (0.0)            ; 0.0 (0.0)                        ; 0.0 (0.0)                                         ; 0.0 (0.0)                        ; 0.0 (0.0)            ; 0 (0)               ; 0 (0)                     ; 0 (0)         ; 16384             ; 2     ; 0          ; 0    ; 0            ; |videocapsule|niosii:inst13|niosii_nios2_gen2_0:nios2_gen2_0|niosii_nios2_gen2_0_cpu:cpu|niosii_nios2_gen2_0_cpu_ic_data_module:niosii_nios2_gen2_0_cpu_ic_data                                                                                                                                                                                                                                             ; niosii       ;
;                |altsyncram:the_altsyncram|                                                                    ; 0.0 (0.0)            ; 0.0 (0.0)                        ; 0.0 (0.0)                                         ; 0.0 (0.0)                        ; 0.0 (0.0)            ; 0 (0)               ; 0 (0)                     ; 0 (0)         ; 16384             ; 2     ; 0          ; 0    ; 0            ; |videocapsule|niosii:inst13|niosii_nios2_gen2_0:nios2_gen2_0|niosii_nios2_gen2_0_cpu:cpu|niosii_nios2_gen2_0_cpu_ic_data_module:niosii_nios2_gen2_0_cpu_ic_data|altsyncram:the_altsyncram                                                                                                                                                                                                                   ; work         ;
;                   |altsyncram_ekj1:auto_generated|                                                            ; 0.0 (0.0)            ; 0.0 (0.0)                        ; 0.0 (0.0)                                         ; 0.0 (0.0)                        ; 0.0 (0.0)            ; 0 (0)               ; 0 (0)                     ; 0 (0)         ; 16384             ; 2     ; 0          ; 0    ; 0            ; |videocapsule|niosii:inst13|niosii_nios2_gen2_0:nios2_gen2_0|niosii_nios2_gen2_0_cpu:cpu|niosii_nios2_gen2_0_cpu_ic_data_module:niosii_nios2_gen2_0_cpu_ic_data|altsyncram:the_altsyncram|altsyncram_ekj1:auto_generated                                                                                                                                                                                    ; work         ;
;             |niosii_nios2_gen2_0_cpu_ic_tag_module:niosii_nios2_gen2_0_cpu_ic_tag|                            ; 0.0 (0.0)            ; 0.0 (0.0)                        ; 0.0 (0.0)                                         ; 0.0 (0.0)                        ; 0.0 (0.0)            ; 0 (0)               ; 0 (0)                     ; 0 (0)         ; 1024              ; 1     ; 0          ; 0    ; 0            ; |videocapsule|niosii:inst13|niosii_nios2_gen2_0:nios2_gen2_0|niosii_nios2_gen2_0_cpu:cpu|niosii_nios2_gen2_0_cpu_ic_tag_module:niosii_nios2_gen2_0_cpu_ic_tag                                                                                                                                                                                                                                               ; niosii       ;
;                |altsyncram:the_altsyncram|                                                                    ; 0.0 (0.0)            ; 0.0 (0.0)                        ; 0.0 (0.0)                                         ; 0.0 (0.0)                        ; 0.0 (0.0)            ; 0 (0)               ; 0 (0)                     ; 0 (0)         ; 1024              ; 1     ; 0          ; 0    ; 0            ; |videocapsule|niosii:inst13|niosii_nios2_gen2_0:nios2_gen2_0|niosii_nios2_gen2_0_cpu:cpu|niosii_nios2_gen2_0_cpu_ic_tag_module:niosii_nios2_gen2_0_cpu_ic_tag|altsyncram:the_altsyncram                                                                                                                                                                                                                     ; work         ;
;                   |altsyncram_qdj1:auto_generated|                                                            ; 0.0 (0.0)            ; 0.0 (0.0)                        ; 0.0 (0.0)                                         ; 0.0 (0.0)                        ; 0.0 (0.0)            ; 0 (0)               ; 0 (0)                     ; 0 (0)         ; 1024              ; 1     ; 0          ; 0    ; 0            ; |videocapsule|niosii:inst13|niosii_nios2_gen2_0:nios2_gen2_0|niosii_nios2_gen2_0_cpu:cpu|niosii_nios2_gen2_0_cpu_ic_tag_module:niosii_nios2_gen2_0_cpu_ic_tag|altsyncram:the_altsyncram|altsyncram_qdj1:auto_generated                                                                                                                                                                                      ; work         ;
;             |niosii_nios2_gen2_0_cpu_mult_cell:the_niosii_nios2_gen2_0_cpu_mult_cell|                         ; 0.0 (0.0)            ; 0.0 (0.0)                        ; 0.0 (0.0)                                         ; 0.0 (0.0)                        ; 0.0 (0.0)            ; 0 (0)               ; 0 (0)                     ; 0 (0)         ; 0                 ; 0     ; 3          ; 0    ; 0            ; |videocapsule|niosii:inst13|niosii_nios2_gen2_0:nios2_gen2_0|niosii_nios2_gen2_0_cpu:cpu|niosii_nios2_gen2_0_cpu_mult_cell:the_niosii_nios2_gen2_0_cpu_mult_cell                                                                                                                                                                                                                                            ; niosii       ;
;                |altera_mult_add:the_altmult_add_p1|                                                           ; 0.0 (0.0)            ; 0.0 (0.0)                        ; 0.0 (0.0)                                         ; 0.0 (0.0)                        ; 0.0 (0.0)            ; 0 (0)               ; 0 (0)                     ; 0 (0)         ; 0                 ; 0     ; 1          ; 0    ; 0            ; |videocapsule|niosii:inst13|niosii_nios2_gen2_0:nios2_gen2_0|niosii_nios2_gen2_0_cpu:cpu|niosii_nios2_gen2_0_cpu_mult_cell:the_niosii_nios2_gen2_0_cpu_mult_cell|altera_mult_add:the_altmult_add_p1                                                                                                                                                                                                         ; work         ;
;                   |altera_mult_add_37p2:auto_generated|                                                       ; 0.0 (0.0)            ; 0.0 (0.0)                        ; 0.0 (0.0)                                         ; 0.0 (0.0)                        ; 0.0 (0.0)            ; 0 (0)               ; 0 (0)                     ; 0 (0)         ; 0                 ; 0     ; 1          ; 0    ; 0            ; |videocapsule|niosii:inst13|niosii_nios2_gen2_0:nios2_gen2_0|niosii_nios2_gen2_0_cpu:cpu|niosii_nios2_gen2_0_cpu_mult_cell:the_niosii_nios2_gen2_0_cpu_mult_cell|altera_mult_add:the_altmult_add_p1|altera_mult_add_37p2:auto_generated                                                                                                                                                                     ; work         ;
;                      |altera_mult_add_rtl:altera_mult_add_rtl1|                                               ; 0.0 (0.0)            ; 0.0 (0.0)                        ; 0.0 (0.0)                                         ; 0.0 (0.0)                        ; 0.0 (0.0)            ; 0 (0)               ; 0 (0)                     ; 0 (0)         ; 0                 ; 0     ; 1          ; 0    ; 0            ; |videocapsule|niosii:inst13|niosii_nios2_gen2_0:nios2_gen2_0|niosii_nios2_gen2_0_cpu:cpu|niosii_nios2_gen2_0_cpu_mult_cell:the_niosii_nios2_gen2_0_cpu_mult_cell|altera_mult_add:the_altmult_add_p1|altera_mult_add_37p2:auto_generated|altera_mult_add_rtl:altera_mult_add_rtl1                                                                                                                            ; work         ;
;                         |ama_multiplier_function:multiplier_block|                                            ; 0.0 (0.0)            ; 0.0 (0.0)                        ; 0.0 (0.0)                                         ; 0.0 (0.0)                        ; 0.0 (0.0)            ; 0 (0)               ; 0 (0)                     ; 0 (0)         ; 0                 ; 0     ; 1          ; 0    ; 0            ; |videocapsule|niosii:inst13|niosii_nios2_gen2_0:nios2_gen2_0|niosii_nios2_gen2_0_cpu:cpu|niosii_nios2_gen2_0_cpu_mult_cell:the_niosii_nios2_gen2_0_cpu_mult_cell|altera_mult_add:the_altmult_add_p1|altera_mult_add_37p2:auto_generated|altera_mult_add_rtl:altera_mult_add_rtl1|ama_multiplier_function:multiplier_block                                                                                   ; work         ;
;                |altera_mult_add:the_altmult_add_p2|                                                           ; 0.0 (0.0)            ; 0.0 (0.0)                        ; 0.0 (0.0)                                         ; 0.0 (0.0)                        ; 0.0 (0.0)            ; 0 (0)               ; 0 (0)                     ; 0 (0)         ; 0                 ; 0     ; 1          ; 0    ; 0            ; |videocapsule|niosii:inst13|niosii_nios2_gen2_0:nios2_gen2_0|niosii_nios2_gen2_0_cpu:cpu|niosii_nios2_gen2_0_cpu_mult_cell:the_niosii_nios2_gen2_0_cpu_mult_cell|altera_mult_add:the_altmult_add_p2                                                                                                                                                                                                         ; work         ;
;                   |altera_mult_add_37p2:auto_generated|                                                       ; 0.0 (0.0)            ; 0.0 (0.0)                        ; 0.0 (0.0)                                         ; 0.0 (0.0)                        ; 0.0 (0.0)            ; 0 (0)               ; 0 (0)                     ; 0 (0)         ; 0                 ; 0     ; 1          ; 0    ; 0            ; |videocapsule|niosii:inst13|niosii_nios2_gen2_0:nios2_gen2_0|niosii_nios2_gen2_0_cpu:cpu|niosii_nios2_gen2_0_cpu_mult_cell:the_niosii_nios2_gen2_0_cpu_mult_cell|altera_mult_add:the_altmult_add_p2|altera_mult_add_37p2:auto_generated                                                                                                                                                                     ; work         ;
;                      |altera_mult_add_rtl:altera_mult_add_rtl1|                                               ; 0.0 (0.0)            ; 0.0 (0.0)                        ; 0.0 (0.0)                                         ; 0.0 (0.0)                        ; 0.0 (0.0)            ; 0 (0)               ; 0 (0)                     ; 0 (0)         ; 0                 ; 0     ; 1          ; 0    ; 0            ; |videocapsule|niosii:inst13|niosii_nios2_gen2_0:nios2_gen2_0|niosii_nios2_gen2_0_cpu:cpu|niosii_nios2_gen2_0_cpu_mult_cell:the_niosii_nios2_gen2_0_cpu_mult_cell|altera_mult_add:the_altmult_add_p2|altera_mult_add_37p2:auto_generated|altera_mult_add_rtl:altera_mult_add_rtl1                                                                                                                            ; work         ;
;                         |ama_multiplier_function:multiplier_block|                                            ; 0.0 (0.0)            ; 0.0 (0.0)                        ; 0.0 (0.0)                                         ; 0.0 (0.0)                        ; 0.0 (0.0)            ; 0 (0)               ; 0 (0)                     ; 0 (0)         ; 0                 ; 0     ; 1          ; 0    ; 0            ; |videocapsule|niosii:inst13|niosii_nios2_gen2_0:nios2_gen2_0|niosii_nios2_gen2_0_cpu:cpu|niosii_nios2_gen2_0_cpu_mult_cell:the_niosii_nios2_gen2_0_cpu_mult_cell|altera_mult_add:the_altmult_add_p2|altera_mult_add_37p2:auto_generated|altera_mult_add_rtl:altera_mult_add_rtl1|ama_multiplier_function:multiplier_block                                                                                   ; work         ;
;                |altera_mult_add:the_altmult_add_p3|                                                           ; 0.0 (0.0)            ; 0.0 (0.0)                        ; 0.0 (0.0)                                         ; 0.0 (0.0)                        ; 0.0 (0.0)            ; 0 (0)               ; 0 (0)                     ; 0 (0)         ; 0                 ; 0     ; 1          ; 0    ; 0            ; |videocapsule|niosii:inst13|niosii_nios2_gen2_0:nios2_gen2_0|niosii_nios2_gen2_0_cpu:cpu|niosii_nios2_gen2_0_cpu_mult_cell:the_niosii_nios2_gen2_0_cpu_mult_cell|altera_mult_add:the_altmult_add_p3                                                                                                                                                                                                         ; work         ;
;                   |altera_mult_add_37p2:auto_generated|                                                       ; 0.0 (0.0)            ; 0.0 (0.0)                        ; 0.0 (0.0)                                         ; 0.0 (0.0)                        ; 0.0 (0.0)            ; 0 (0)               ; 0 (0)                     ; 0 (0)         ; 0                 ; 0     ; 1          ; 0    ; 0            ; |videocapsule|niosii:inst13|niosii_nios2_gen2_0:nios2_gen2_0|niosii_nios2_gen2_0_cpu:cpu|niosii_nios2_gen2_0_cpu_mult_cell:the_niosii_nios2_gen2_0_cpu_mult_cell|altera_mult_add:the_altmult_add_p3|altera_mult_add_37p2:auto_generated                                                                                                                                                                     ; work         ;
;                      |altera_mult_add_rtl:altera_mult_add_rtl1|                                               ; 0.0 (0.0)            ; 0.0 (0.0)                        ; 0.0 (0.0)                                         ; 0.0 (0.0)                        ; 0.0 (0.0)            ; 0 (0)               ; 0 (0)                     ; 0 (0)         ; 0                 ; 0     ; 1          ; 0    ; 0            ; |videocapsule|niosii:inst13|niosii_nios2_gen2_0:nios2_gen2_0|niosii_nios2_gen2_0_cpu:cpu|niosii_nios2_gen2_0_cpu_mult_cell:the_niosii_nios2_gen2_0_cpu_mult_cell|altera_mult_add:the_altmult_add_p3|altera_mult_add_37p2:auto_generated|altera_mult_add_rtl:altera_mult_add_rtl1                                                                                                                            ; work         ;
;                         |ama_multiplier_function:multiplier_block|                                            ; 0.0 (0.0)            ; 0.0 (0.0)                        ; 0.0 (0.0)                                         ; 0.0 (0.0)                        ; 0.0 (0.0)            ; 0 (0)               ; 0 (0)                     ; 0 (0)         ; 0                 ; 0     ; 1          ; 0    ; 0            ; |videocapsule|niosii:inst13|niosii_nios2_gen2_0:nios2_gen2_0|niosii_nios2_gen2_0_cpu:cpu|niosii_nios2_gen2_0_cpu_mult_cell:the_niosii_nios2_gen2_0_cpu_mult_cell|altera_mult_add:the_altmult_add_p3|altera_mult_add_37p2:auto_generated|altera_mult_add_rtl:altera_mult_add_rtl1|ama_multiplier_function:multiplier_block                                                                                   ; work         ;
;             |niosii_nios2_gen2_0_cpu_nios2_oci:the_niosii_nios2_gen2_0_cpu_nios2_oci|                         ; 141.2 (29.1)         ; 165.0 (30.0)                     ; 25.7 (1.0)                                        ; 1.8 (0.1)                        ; 0.0 (0.0)            ; 172 (5)             ; 280 (81)                  ; 0 (0)         ; 8192              ; 1     ; 0          ; 0    ; 0            ; |videocapsule|niosii:inst13|niosii_nios2_gen2_0:nios2_gen2_0|niosii_nios2_gen2_0_cpu:cpu|niosii_nios2_gen2_0_cpu_nios2_oci:the_niosii_nios2_gen2_0_cpu_nios2_oci                                                                                                                                                                                                                                            ; niosii       ;
;                |niosii_nios2_gen2_0_cpu_debug_slave_wrapper:the_niosii_nios2_gen2_0_cpu_debug_slave_wrapper|  ; 44.6 (0.0)           ; 65.1 (0.0)                       ; 21.5 (0.0)                                        ; 1.0 (0.0)                        ; 0.0 (0.0)            ; 64 (0)              ; 96 (0)                    ; 0 (0)         ; 0                 ; 0     ; 0          ; 0    ; 0            ; |videocapsule|niosii:inst13|niosii_nios2_gen2_0:nios2_gen2_0|niosii_nios2_gen2_0_cpu:cpu|niosii_nios2_gen2_0_cpu_nios2_oci:the_niosii_nios2_gen2_0_cpu_nios2_oci|niosii_nios2_gen2_0_cpu_debug_slave_wrapper:the_niosii_nios2_gen2_0_cpu_debug_slave_wrapper                                                                                                                                                ; niosii       ;
;                   |niosii_nios2_gen2_0_cpu_debug_slave_sysclk:the_niosii_nios2_gen2_0_cpu_debug_slave_sysclk| ; 12.3 (11.3)          ; 19.5 (18.3)                      ; 7.1 (7.1)                                         ; 0.0 (0.0)                        ; 0.0 (0.0)            ; 6 (6)               ; 49 (45)                   ; 0 (0)         ; 0                 ; 0     ; 0          ; 0    ; 0            ; |videocapsule|niosii:inst13|niosii_nios2_gen2_0:nios2_gen2_0|niosii_nios2_gen2_0_cpu:cpu|niosii_nios2_gen2_0_cpu_nios2_oci:the_niosii_nios2_gen2_0_cpu_nios2_oci|niosii_nios2_gen2_0_cpu_debug_slave_wrapper:the_niosii_nios2_gen2_0_cpu_debug_slave_wrapper|niosii_nios2_gen2_0_cpu_debug_slave_sysclk:the_niosii_nios2_gen2_0_cpu_debug_slave_sysclk                                                      ; niosii       ;
;                      |altera_std_synchronizer:the_altera_std_synchronizer3|                                   ; 0.5 (0.5)            ; 0.7 (0.7)                        ; 0.2 (0.2)                                         ; 0.0 (0.0)                        ; 0.0 (0.0)            ; 0 (0)               ; 2 (2)                     ; 0 (0)         ; 0                 ; 0     ; 0          ; 0    ; 0            ; |videocapsule|niosii:inst13|niosii_nios2_gen2_0:nios2_gen2_0|niosii_nios2_gen2_0_cpu:cpu|niosii_nios2_gen2_0_cpu_nios2_oci:the_niosii_nios2_gen2_0_cpu_nios2_oci|niosii_nios2_gen2_0_cpu_debug_slave_wrapper:the_niosii_nios2_gen2_0_cpu_debug_slave_wrapper|niosii_nios2_gen2_0_cpu_debug_slave_sysclk:the_niosii_nios2_gen2_0_cpu_debug_slave_sysclk|altera_std_synchronizer:the_altera_std_synchronizer3 ; work         ;
;                      |altera_std_synchronizer:the_altera_std_synchronizer4|                                   ; 0.5 (0.5)            ; 0.5 (0.5)                        ; 0.0 (0.0)                                         ; 0.0 (0.0)                        ; 0.0 (0.0)            ; 0 (0)               ; 2 (2)                     ; 0 (0)         ; 0                 ; 0     ; 0          ; 0    ; 0            ; |videocapsule|niosii:inst13|niosii_nios2_gen2_0:nios2_gen2_0|niosii_nios2_gen2_0_cpu:cpu|niosii_nios2_gen2_0_cpu_nios2_oci:the_niosii_nios2_gen2_0_cpu_nios2_oci|niosii_nios2_gen2_0_cpu_debug_slave_wrapper:the_niosii_nios2_gen2_0_cpu_debug_slave_wrapper|niosii_nios2_gen2_0_cpu_debug_slave_sysclk:the_niosii_nios2_gen2_0_cpu_debug_slave_sysclk|altera_std_synchronizer:the_altera_std_synchronizer4 ; work         ;
;                   |niosii_nios2_gen2_0_cpu_debug_slave_tck:the_niosii_nios2_gen2_0_cpu_debug_slave_tck|       ; 30.7 (30.1)          ; 44.0 (43.0)                      ; 14.3 (13.9)                                       ; 1.0 (1.0)                        ; 0.0 (0.0)            ; 54 (54)             ; 47 (43)                   ; 0 (0)         ; 0                 ; 0     ; 0          ; 0    ; 0            ; |videocapsule|niosii:inst13|niosii_nios2_gen2_0:nios2_gen2_0|niosii_nios2_gen2_0_cpu:cpu|niosii_nios2_gen2_0_cpu_nios2_oci:the_niosii_nios2_gen2_0_cpu_nios2_oci|niosii_nios2_gen2_0_cpu_debug_slave_wrapper:the_niosii_nios2_gen2_0_cpu_debug_slave_wrapper|niosii_nios2_gen2_0_cpu_debug_slave_tck:the_niosii_nios2_gen2_0_cpu_debug_slave_tck                                                            ; niosii       ;
;                      |altera_std_synchronizer:the_altera_std_synchronizer1|                                   ; 0.0 (0.0)            ; 0.5 (0.5)                        ; 0.5 (0.5)                                         ; 0.0 (0.0)                        ; 0.0 (0.0)            ; 0 (0)               ; 2 (2)                     ; 0 (0)         ; 0                 ; 0     ; 0          ; 0    ; 0            ; |videocapsule|niosii:inst13|niosii_nios2_gen2_0:nios2_gen2_0|niosii_nios2_gen2_0_cpu:cpu|niosii_nios2_gen2_0_cpu_nios2_oci:the_niosii_nios2_gen2_0_cpu_nios2_oci|niosii_nios2_gen2_0_cpu_debug_slave_wrapper:the_niosii_nios2_gen2_0_cpu_debug_slave_wrapper|niosii_nios2_gen2_0_cpu_debug_slave_tck:the_niosii_nios2_gen2_0_cpu_debug_slave_tck|altera_std_synchronizer:the_altera_std_synchronizer1       ; work         ;
;                      |altera_std_synchronizer:the_altera_std_synchronizer2|                                   ; 0.5 (0.5)            ; 0.5 (0.5)                        ; 0.0 (0.0)                                         ; 0.0 (0.0)                        ; 0.0 (0.0)            ; 0 (0)               ; 2 (2)                     ; 0 (0)         ; 0                 ; 0     ; 0          ; 0    ; 0            ; |videocapsule|niosii:inst13|niosii_nios2_gen2_0:nios2_gen2_0|niosii_nios2_gen2_0_cpu:cpu|niosii_nios2_gen2_0_cpu_nios2_oci:the_niosii_nios2_gen2_0_cpu_nios2_oci|niosii_nios2_gen2_0_cpu_debug_slave_wrapper:the_niosii_nios2_gen2_0_cpu_debug_slave_wrapper|niosii_nios2_gen2_0_cpu_debug_slave_tck:the_niosii_nios2_gen2_0_cpu_debug_slave_tck|altera_std_synchronizer:the_altera_std_synchronizer2       ; work         ;
;                   |sld_virtual_jtag_basic:niosii_nios2_gen2_0_cpu_debug_slave_phy|                            ; 1.6 (1.6)            ; 1.7 (1.7)                        ; 0.1 (0.1)                                         ; 0.0 (0.0)                        ; 0.0 (0.0)            ; 4 (4)               ; 0 (0)                     ; 0 (0)         ; 0                 ; 0     ; 0          ; 0    ; 0            ; |videocapsule|niosii:inst13|niosii_nios2_gen2_0:nios2_gen2_0|niosii_nios2_gen2_0_cpu:cpu|niosii_nios2_gen2_0_cpu_nios2_oci:the_niosii_nios2_gen2_0_cpu_nios2_oci|niosii_nios2_gen2_0_cpu_debug_slave_wrapper:the_niosii_nios2_gen2_0_cpu_debug_slave_wrapper|sld_virtual_jtag_basic:niosii_nios2_gen2_0_cpu_debug_slave_phy                                                                                 ; work         ;
;                |niosii_nios2_gen2_0_cpu_nios2_avalon_reg:the_niosii_nios2_gen2_0_cpu_nios2_avalon_reg|        ; 5.5 (5.5)            ; 6.2 (6.2)                        ; 0.7 (0.7)                                         ; 0.0 (0.0)                        ; 0.0 (0.0)            ; 12 (12)             ; 6 (6)                     ; 0 (0)         ; 0                 ; 0     ; 0          ; 0    ; 0            ; |videocapsule|niosii:inst13|niosii_nios2_gen2_0:nios2_gen2_0|niosii_nios2_gen2_0_cpu:cpu|niosii_nios2_gen2_0_cpu_nios2_oci:the_niosii_nios2_gen2_0_cpu_nios2_oci|niosii_nios2_gen2_0_cpu_nios2_avalon_reg:the_niosii_nios2_gen2_0_cpu_nios2_avalon_reg                                                                                                                                                      ; niosii       ;
;                |niosii_nios2_gen2_0_cpu_nios2_oci_break:the_niosii_nios2_gen2_0_cpu_nios2_oci_break|          ; 6.5 (6.5)            ; 11.5 (11.5)                      ; 5.0 (5.0)                                         ; 0.0 (0.0)                        ; 0.0 (0.0)            ; 2 (2)               ; 32 (32)                   ; 0 (0)         ; 0                 ; 0     ; 0          ; 0    ; 0            ; |videocapsule|niosii:inst13|niosii_nios2_gen2_0:nios2_gen2_0|niosii_nios2_gen2_0_cpu:cpu|niosii_nios2_gen2_0_cpu_nios2_oci:the_niosii_nios2_gen2_0_cpu_nios2_oci|niosii_nios2_gen2_0_cpu_nios2_oci_break:the_niosii_nios2_gen2_0_cpu_nios2_oci_break                                                                                                                                                        ; niosii       ;
;                |niosii_nios2_gen2_0_cpu_nios2_oci_debug:the_niosii_nios2_gen2_0_cpu_nios2_oci_debug|          ; 4.8 (4.6)            ; 5.2 (4.7)                        ; 0.3 (0.1)                                         ; 0.0 (0.0)                        ; 0.0 (0.0)            ; 6 (6)               ; 10 (8)                    ; 0 (0)         ; 0                 ; 0     ; 0          ; 0    ; 0            ; |videocapsule|niosii:inst13|niosii_nios2_gen2_0:nios2_gen2_0|niosii_nios2_gen2_0_cpu:cpu|niosii_nios2_gen2_0_cpu_nios2_oci:the_niosii_nios2_gen2_0_cpu_nios2_oci|niosii_nios2_gen2_0_cpu_nios2_oci_debug:the_niosii_nios2_gen2_0_cpu_nios2_oci_debug                                                                                                                                                        ; niosii       ;
;                   |altera_std_synchronizer:the_altera_std_synchronizer|                                       ; 0.3 (0.3)            ; 0.5 (0.5)                        ; 0.3 (0.3)                                         ; 0.0 (0.0)                        ; 0.0 (0.0)            ; 0 (0)               ; 2 (2)                     ; 0 (0)         ; 0                 ; 0     ; 0          ; 0    ; 0            ; |videocapsule|niosii:inst13|niosii_nios2_gen2_0:nios2_gen2_0|niosii_nios2_gen2_0_cpu:cpu|niosii_nios2_gen2_0_cpu_nios2_oci:the_niosii_nios2_gen2_0_cpu_nios2_oci|niosii_nios2_gen2_0_cpu_nios2_oci_debug:the_niosii_nios2_gen2_0_cpu_nios2_oci_debug|altera_std_synchronizer:the_altera_std_synchronizer                                                                                                    ; work         ;
;                |niosii_nios2_gen2_0_cpu_nios2_ocimem:the_niosii_nios2_gen2_0_cpu_nios2_ocimem|                ; 47.8 (47.8)          ; 47.0 (47.0)                      ; 0.0 (0.0)                                         ; 0.8 (0.8)                        ; 0.0 (0.0)            ; 83 (83)             ; 55 (55)                   ; 0 (0)         ; 8192              ; 1     ; 0          ; 0    ; 0            ; |videocapsule|niosii:inst13|niosii_nios2_gen2_0:nios2_gen2_0|niosii_nios2_gen2_0_cpu:cpu|niosii_nios2_gen2_0_cpu_nios2_oci:the_niosii_nios2_gen2_0_cpu_nios2_oci|niosii_nios2_gen2_0_cpu_nios2_ocimem:the_niosii_nios2_gen2_0_cpu_nios2_ocimem                                                                                                                                                              ; niosii       ;
;                   |niosii_nios2_gen2_0_cpu_ociram_sp_ram_module:niosii_nios2_gen2_0_cpu_ociram_sp_ram|        ; 0.0 (0.0)            ; 0.0 (0.0)                        ; 0.0 (0.0)                                         ; 0.0 (0.0)                        ; 0.0 (0.0)            ; 0 (0)               ; 0 (0)                     ; 0 (0)         ; 8192              ; 1     ; 0          ; 0    ; 0            ; |videocapsule|niosii:inst13|niosii_nios2_gen2_0:nios2_gen2_0|niosii_nios2_gen2_0_cpu:cpu|niosii_nios2_gen2_0_cpu_nios2_oci:the_niosii_nios2_gen2_0_cpu_nios2_oci|niosii_nios2_gen2_0_cpu_nios2_ocimem:the_niosii_nios2_gen2_0_cpu_nios2_ocimem|niosii_nios2_gen2_0_cpu_ociram_sp_ram_module:niosii_nios2_gen2_0_cpu_ociram_sp_ram                                                                           ; niosii       ;
;                      |altsyncram:the_altsyncram|                                                              ; 0.0 (0.0)            ; 0.0 (0.0)                        ; 0.0 (0.0)                                         ; 0.0 (0.0)                        ; 0.0 (0.0)            ; 0 (0)               ; 0 (0)                     ; 0 (0)         ; 8192              ; 1     ; 0          ; 0    ; 0            ; |videocapsule|niosii:inst13|niosii_nios2_gen2_0:nios2_gen2_0|niosii_nios2_gen2_0_cpu:cpu|niosii_nios2_gen2_0_cpu_nios2_oci:the_niosii_nios2_gen2_0_cpu_nios2_oci|niosii_nios2_gen2_0_cpu_nios2_ocimem:the_niosii_nios2_gen2_0_cpu_nios2_ocimem|niosii_nios2_gen2_0_cpu_ociram_sp_ram_module:niosii_nios2_gen2_0_cpu_ociram_sp_ram|altsyncram:the_altsyncram                                                 ; work         ;
;                         |altsyncram_kg91:auto_generated|                                                      ; 0.0 (0.0)            ; 0.0 (0.0)                        ; 0.0 (0.0)                                         ; 0.0 (0.0)                        ; 0.0 (0.0)            ; 0 (0)               ; 0 (0)                     ; 0 (0)         ; 8192              ; 1     ; 0          ; 0    ; 0            ; |videocapsule|niosii:inst13|niosii_nios2_gen2_0:nios2_gen2_0|niosii_nios2_gen2_0_cpu:cpu|niosii_nios2_gen2_0_cpu_nios2_oci:the_niosii_nios2_gen2_0_cpu_nios2_oci|niosii_nios2_gen2_0_cpu_nios2_ocimem:the_niosii_nios2_gen2_0_cpu_nios2_ocimem|niosii_nios2_gen2_0_cpu_ociram_sp_ram_module:niosii_nios2_gen2_0_cpu_ociram_sp_ram|altsyncram:the_altsyncram|altsyncram_kg91:auto_generated                  ; work         ;
;             |niosii_nios2_gen2_0_cpu_register_bank_a_module:niosii_nios2_gen2_0_cpu_register_bank_a|          ; 0.0 (0.0)            ; 0.0 (0.0)                        ; 0.0 (0.0)                                         ; 0.0 (0.0)                        ; 0.0 (0.0)            ; 0 (0)               ; 0 (0)                     ; 0 (0)         ; 1024              ; 1     ; 0          ; 0    ; 0            ; |videocapsule|niosii:inst13|niosii_nios2_gen2_0:nios2_gen2_0|niosii_nios2_gen2_0_cpu:cpu|niosii_nios2_gen2_0_cpu_register_bank_a_module:niosii_nios2_gen2_0_cpu_register_bank_a                                                                                                                                                                                                                             ; niosii       ;
;                |altsyncram:the_altsyncram|                                                                    ; 0.0 (0.0)            ; 0.0 (0.0)                        ; 0.0 (0.0)                                         ; 0.0 (0.0)                        ; 0.0 (0.0)            ; 0 (0)               ; 0 (0)                     ; 0 (0)         ; 1024              ; 1     ; 0          ; 0    ; 0            ; |videocapsule|niosii:inst13|niosii_nios2_gen2_0:nios2_gen2_0|niosii_nios2_gen2_0_cpu:cpu|niosii_nios2_gen2_0_cpu_register_bank_a_module:niosii_nios2_gen2_0_cpu_register_bank_a|altsyncram:the_altsyncram                                                                                                                                                                                                   ; work         ;
;                   |altsyncram_voi1:auto_generated|                                                            ; 0.0 (0.0)            ; 0.0 (0.0)                        ; 0.0 (0.0)                                         ; 0.0 (0.0)                        ; 0.0 (0.0)            ; 0 (0)               ; 0 (0)                     ; 0 (0)         ; 1024              ; 1     ; 0          ; 0    ; 0            ; |videocapsule|niosii:inst13|niosii_nios2_gen2_0:nios2_gen2_0|niosii_nios2_gen2_0_cpu:cpu|niosii_nios2_gen2_0_cpu_register_bank_a_module:niosii_nios2_gen2_0_cpu_register_bank_a|altsyncram:the_altsyncram|altsyncram_voi1:auto_generated                                                                                                                                                                    ; work         ;
;             |niosii_nios2_gen2_0_cpu_register_bank_b_module:niosii_nios2_gen2_0_cpu_register_bank_b|          ; 0.0 (0.0)            ; 0.0 (0.0)                        ; 0.0 (0.0)                                         ; 0.0 (0.0)                        ; 0.0 (0.0)            ; 0 (0)               ; 0 (0)                     ; 0 (0)         ; 1024              ; 1     ; 0          ; 0    ; 0            ; |videocapsule|niosii:inst13|niosii_nios2_gen2_0:nios2_gen2_0|niosii_nios2_gen2_0_cpu:cpu|niosii_nios2_gen2_0_cpu_register_bank_b_module:niosii_nios2_gen2_0_cpu_register_bank_b                                                                                                                                                                                                                             ; niosii       ;
;                |altsyncram:the_altsyncram|                                                                    ; 0.0 (0.0)            ; 0.0 (0.0)                        ; 0.0 (0.0)                                         ; 0.0 (0.0)                        ; 0.0 (0.0)            ; 0 (0)               ; 0 (0)                     ; 0 (0)         ; 1024              ; 1     ; 0          ; 0    ; 0            ; |videocapsule|niosii:inst13|niosii_nios2_gen2_0:nios2_gen2_0|niosii_nios2_gen2_0_cpu:cpu|niosii_nios2_gen2_0_cpu_register_bank_b_module:niosii_nios2_gen2_0_cpu_register_bank_b|altsyncram:the_altsyncram                                                                                                                                                                                                   ; work         ;
;                   |altsyncram_voi1:auto_generated|                                                            ; 0.0 (0.0)            ; 0.0 (0.0)                        ; 0.0 (0.0)                                         ; 0.0 (0.0)                        ; 0.0 (0.0)            ; 0 (0)               ; 0 (0)                     ; 0 (0)         ; 1024              ; 1     ; 0          ; 0    ; 0            ; |videocapsule|niosii:inst13|niosii_nios2_gen2_0:nios2_gen2_0|niosii_nios2_gen2_0_cpu:cpu|niosii_nios2_gen2_0_cpu_register_bank_b_module:niosii_nios2_gen2_0_cpu_register_bank_b|altsyncram:the_altsyncram|altsyncram_voi1:auto_generated                                                                                                                                                                    ; work         ;
;       |niosii_onchip_memory2_0:onchip_memory2_0|                                                              ; 36.0 (0.0)           ; 34.0 (0.0)                       ; 0.0 (0.0)                                         ; 2.0 (0.0)                        ; 0.0 (0.0)            ; 36 (0)              ; 2 (0)                     ; 0 (0)         ; 1048576           ; 128   ; 0          ; 0    ; 0            ; |videocapsule|niosii:inst13|niosii_onchip_memory2_0:onchip_memory2_0                                                                                                                                                                                                                                                                                                                                        ; niosii       ;
;          |altsyncram:the_altsyncram|                                                                          ; 36.0 (0.0)           ; 34.0 (0.0)                       ; 0.0 (0.0)                                         ; 2.0 (0.0)                        ; 0.0 (0.0)            ; 36 (0)              ; 2 (0)                     ; 0 (0)         ; 1048576           ; 128   ; 0          ; 0    ; 0            ; |videocapsule|niosii:inst13|niosii_onchip_memory2_0:onchip_memory2_0|altsyncram:the_altsyncram                                                                                                                                                                                                                                                                                                              ; work         ;
;             |altsyncram_6aj1:auto_generated|                                                                  ; 36.0 (0.7)           ; 34.0 (0.7)                       ; 0.0 (0.0)                                         ; 2.0 (0.0)                        ; 0.0 (0.0)            ; 36 (0)              ; 2 (2)                     ; 0 (0)         ; 1048576           ; 128   ; 0          ; 0    ; 0            ; |videocapsule|niosii:inst13|niosii_onchip_memory2_0:onchip_memory2_0|altsyncram:the_altsyncram|altsyncram_6aj1:auto_generated                                                                                                                                                                                                                                                                               ; work         ;
;                |decode_8la:decode3|                                                                           ; 2.3 (2.3)            ; 2.3 (2.3)                        ; 0.0 (0.0)                                         ; 0.0 (0.0)                        ; 0.0 (0.0)            ; 4 (4)               ; 0 (0)                     ; 0 (0)         ; 0                 ; 0     ; 0          ; 0    ; 0            ; |videocapsule|niosii:inst13|niosii_onchip_memory2_0:onchip_memory2_0|altsyncram:the_altsyncram|altsyncram_6aj1:auto_generated|decode_8la:decode3                                                                                                                                                                                                                                                            ; work         ;
;                |mux_5hb:mux2|                                                                                 ; 32.3 (32.3)          ; 31.0 (31.0)                      ; 0.7 (0.7)                                         ; 2.0 (2.0)                        ; 0.0 (0.0)            ; 32 (32)             ; 0 (0)                     ; 0 (0)         ; 0                 ; 0     ; 0          ; 0    ; 0            ; |videocapsule|niosii:inst13|niosii_onchip_memory2_0:onchip_memory2_0|altsyncram:the_altsyncram|altsyncram_6aj1:auto_generated|mux_5hb:mux2                                                                                                                                                                                                                                                                  ; work         ;
;       |niosii_pio_0:pio_0|                                                                                    ; 2.3 (2.3)            ; 6.2 (6.2)                        ; 3.9 (3.9)                                         ; 0.0 (0.0)                        ; 0.0 (0.0)            ; 10 (10)             ; 11 (11)                   ; 0 (0)         ; 0                 ; 0     ; 0          ; 0    ; 0            ; |videocapsule|niosii:inst13|niosii_pio_0:pio_0                                                                                                                                                                                                                                                                                                                                                              ; niosii       ;
;       |niosii_rst_controller:rst_controller|                                                                  ; 0.0 (0.0)            ; 1.5 (0.0)                        ; 1.5 (0.0)                                         ; 0.0 (0.0)                        ; 0.0 (0.0)            ; 1 (0)               ; 3 (0)                     ; 0 (0)         ; 0                 ; 0     ; 0          ; 0    ; 0            ; |videocapsule|niosii:inst13|niosii_rst_controller:rst_controller                                                                                                                                                                                                                                                                                                                                            ; niosii       ;
;          |altera_reset_controller:rst_controller|                                                             ; 0.0 (0.0)            ; 1.5 (0.0)                        ; 1.5 (0.0)                                         ; 0.0 (0.0)                        ; 0.0 (0.0)            ; 1 (0)               ; 3 (0)                     ; 0 (0)         ; 0                 ; 0     ; 0          ; 0    ; 0            ; |videocapsule|niosii:inst13|niosii_rst_controller:rst_controller|altera_reset_controller:rst_controller                                                                                                                                                                                                                                                                                                     ; niosii       ;
;             |altera_reset_synchronizer:alt_rst_sync_uq1|                                                      ; 0.0 (0.0)            ; 1.5 (1.5)                        ; 1.5 (1.5)                                         ; 0.0 (0.0)                        ; 0.0 (0.0)            ; 1 (1)               ; 3 (3)                     ; 0 (0)         ; 0                 ; 0     ; 0          ; 0    ; 0            ; |videocapsule|niosii:inst13|niosii_rst_controller:rst_controller|altera_reset_controller:rst_controller|altera_reset_synchronizer:alt_rst_sync_uq1                                                                                                                                                                                                                                                          ; niosii       ;
;       |niosii_rst_controller_001:rst_controller_001|                                                          ; 3.1 (0.0)            ; 8.8 (0.0)                        ; 5.7 (0.0)                                         ; 0.0 (0.0)                        ; 0.0 (0.0)            ; 8 (0)               ; 16 (0)                    ; 0 (0)         ; 0                 ; 0     ; 0          ; 0    ; 0            ; |videocapsule|niosii:inst13|niosii_rst_controller_001:rst_controller_001                                                                                                                                                                                                                                                                                                                                    ; niosii       ;
;          |altera_reset_controller:rst_controller_001|                                                         ; 3.1 (2.7)            ; 8.8 (5.4)                        ; 5.7 (2.7)                                         ; 0.0 (0.0)                        ; 0.0 (0.0)            ; 8 (6)               ; 16 (10)                   ; 0 (0)         ; 0                 ; 0     ; 0          ; 0    ; 0            ; |videocapsule|niosii:inst13|niosii_rst_controller_001:rst_controller_001|altera_reset_controller:rst_controller_001                                                                                                                                                                                                                                                                                         ; niosii       ;
;             |altera_reset_synchronizer:alt_rst_req_sync_uq1|                                                  ; 0.5 (0.5)            ; 1.8 (1.8)                        ; 1.3 (1.3)                                         ; 0.0 (0.0)                        ; 0.0 (0.0)            ; 1 (1)               ; 3 (3)                     ; 0 (0)         ; 0                 ; 0     ; 0          ; 0    ; 0            ; |videocapsule|niosii:inst13|niosii_rst_controller_001:rst_controller_001|altera_reset_controller:rst_controller_001|altera_reset_synchronizer:alt_rst_req_sync_uq1                                                                                                                                                                                                                                          ; niosii       ;
;             |altera_reset_synchronizer:alt_rst_sync_uq1|                                                      ; -0.2 (-0.2)          ; 1.5 (1.5)                        ; 1.7 (1.7)                                         ; 0.0 (0.0)                        ; 0.0 (0.0)            ; 1 (1)               ; 3 (3)                     ; 0 (0)         ; 0                 ; 0     ; 0          ; 0    ; 0            ; |videocapsule|niosii:inst13|niosii_rst_controller_001:rst_controller_001|altera_reset_controller:rst_controller_001|altera_reset_synchronizer:alt_rst_sync_uq1                                                                                                                                                                                                                                              ; niosii       ;
;       |niosii_timer_0:timer_0|                                                                                ; 68.7 (68.7)          ; 76.2 (76.2)                      ; 7.4 (7.4)                                         ; 0.0 (0.0)                        ; 0.0 (0.0)            ; 107 (107)           ; 130 (130)                 ; 0 (0)         ; 0                 ; 0     ; 0          ; 0    ; 0            ; |videocapsule|niosii:inst13|niosii_timer_0:timer_0                                                                                                                                                                                                                                                                                                                                                          ; niosii       ;
;    |pll2:inst11|                                                                                              ; 0.0 (0.0)            ; 0.0 (0.0)                        ; 0.0 (0.0)                                         ; 0.0 (0.0)                        ; 0.0 (0.0)            ; 0 (0)               ; 0 (0)                     ; 0 (0)         ; 0                 ; 0     ; 0          ; 0    ; 0            ; |videocapsule|pll2:inst11                                                                                                                                                                                                                                                                                                                                                                                   ; pll2         ;
;       |pll2_0002:pll2_inst|                                                                                   ; 0.0 (0.0)            ; 0.0 (0.0)                        ; 0.0 (0.0)                                         ; 0.0 (0.0)                        ; 0.0 (0.0)            ; 0 (0)               ; 0 (0)                     ; 0 (0)         ; 0                 ; 0     ; 0          ; 0    ; 0            ; |videocapsule|pll2:inst11|pll2_0002:pll2_inst                                                                                                                                                                                                                                                                                                                                                               ; pll2         ;
;          |altera_pll:altera_pll_i|                                                                            ; 0.0 (0.0)            ; 0.0 (0.0)                        ; 0.0 (0.0)                                         ; 0.0 (0.0)                        ; 0.0 (0.0)            ; 0 (0)               ; 0 (0)                     ; 0 (0)         ; 0                 ; 0     ; 0          ; 0    ; 0            ; |videocapsule|pll2:inst11|pll2_0002:pll2_inst|altera_pll:altera_pll_i                                                                                                                                                                                                                                                                                                                                       ; work         ;
;    |pll:inst2|                                                                                                ; 0.0 (0.0)            ; 0.0 (0.0)                        ; 0.0 (0.0)                                         ; 0.0 (0.0)                        ; 0.0 (0.0)            ; 0 (0)               ; 0 (0)                     ; 0 (0)         ; 0                 ; 0     ; 0          ; 0    ; 0            ; |videocapsule|pll:inst2                                                                                                                                                                                                                                                                                                                                                                                     ; pll          ;
;       |pll_0002:pll_inst|                                                                                     ; 0.0 (0.0)            ; 0.0 (0.0)                        ; 0.0 (0.0)                                         ; 0.0 (0.0)                        ; 0.0 (0.0)            ; 0 (0)               ; 0 (0)                     ; 0 (0)         ; 0                 ; 0     ; 0          ; 0    ; 0            ; |videocapsule|pll:inst2|pll_0002:pll_inst                                                                                                                                                                                                                                                                                                                                                                   ; pll          ;
;          |altera_pll:altera_pll_i|                                                                            ; 0.0 (0.0)            ; 0.0 (0.0)                        ; 0.0 (0.0)                                         ; 0.0 (0.0)                        ; 0.0 (0.0)            ; 0 (0)               ; 0 (0)                     ; 0 (0)         ; 0                 ; 0     ; 0          ; 0    ; 0            ; |videocapsule|pll:inst2|pll_0002:pll_inst|altera_pll:altera_pll_i                                                                                                                                                                                                                                                                                                                                           ; work         ;
;    |pzdyqx:nabboc|                                                                                            ; 61.5 (0.0)           ; 73.5 (0.0)                       ; 12.0 (0.0)                                        ; 0.0 (0.0)                        ; 0.0 (0.0)            ; 92 (0)              ; 76 (0)                    ; 0 (0)         ; 0                 ; 0     ; 0          ; 0    ; 0            ; |videocapsule|pzdyqx:nabboc                                                                                                                                                                                                                                                                                                                                                                                 ; work         ;
;       |pzdyqx_impl:pzdyqx_impl_inst|                                                                          ; 61.5 (6.7)           ; 73.5 (7.3)                       ; 12.0 (0.6)                                        ; 0.0 (0.0)                        ; 0.0 (0.0)            ; 92 (12)             ; 76 (9)                    ; 0 (0)         ; 0                 ; 0     ; 0          ; 0    ; 0            ; |videocapsule|pzdyqx:nabboc|pzdyqx_impl:pzdyqx_impl_inst                                                                                                                                                                                                                                                                                                                                                    ; work         ;
;          |GHVD5181:\stratixiii_BITP7563_gen_0:stratixiii_BITP7563_gen_1|                                      ; 28.0 (11.3)          ; 35.0 (15.3)                      ; 7.0 (4.0)                                         ; 0.0 (0.0)                        ; 0.0 (0.0)            ; 49 (24)             ; 29 (8)                    ; 0 (0)         ; 0                 ; 0     ; 0          ; 0    ; 0            ; |videocapsule|pzdyqx:nabboc|pzdyqx_impl:pzdyqx_impl_inst|GHVD5181:\stratixiii_BITP7563_gen_0:stratixiii_BITP7563_gen_1                                                                                                                                                                                                                                                                                      ; work         ;
;             |LQYT7093:MBPH5020|                                                                               ; 16.7 (16.7)          ; 19.7 (19.7)                      ; 3.0 (3.0)                                         ; 0.0 (0.0)                        ; 0.0 (0.0)            ; 25 (25)             ; 21 (21)                   ; 0 (0)         ; 0                 ; 0     ; 0          ; 0    ; 0            ; |videocapsule|pzdyqx:nabboc|pzdyqx_impl:pzdyqx_impl_inst|GHVD5181:\stratixiii_BITP7563_gen_0:stratixiii_BITP7563_gen_1|LQYT7093:MBPH5020                                                                                                                                                                                                                                                                    ; work         ;
;          |KIFI3548:TPOO7242|                                                                                  ; 6.8 (6.8)            ; 7.3 (7.3)                        ; 0.5 (0.5)                                         ; 0.0 (0.0)                        ; 0.0 (0.0)            ; 1 (1)               ; 13 (13)                   ; 0 (0)         ; 0                 ; 0     ; 0          ; 0    ; 0            ; |videocapsule|pzdyqx:nabboc|pzdyqx_impl:pzdyqx_impl_inst|KIFI3548:TPOO7242                                                                                                                                                                                                                                                                                                                                  ; work         ;
;          |LQYT7093:LRYQ7721|                                                                                  ; 11.8 (11.8)          ; 14.0 (14.0)                      ; 2.2 (2.2)                                         ; 0.0 (0.0)                        ; 0.0 (0.0)            ; 18 (18)             ; 15 (15)                   ; 0 (0)         ; 0                 ; 0     ; 0          ; 0    ; 0            ; |videocapsule|pzdyqx:nabboc|pzdyqx_impl:pzdyqx_impl_inst|LQYT7093:LRYQ7721                                                                                                                                                                                                                                                                                                                                  ; work         ;
;          |PUDL0439:ESUL0435|                                                                                  ; 8.2 (8.2)            ; 9.9 (9.9)                        ; 1.7 (1.7)                                         ; 0.0 (0.0)                        ; 0.0 (0.0)            ; 12 (12)             ; 10 (10)                   ; 0 (0)         ; 0                 ; 0     ; 0          ; 0    ; 0            ; |videocapsule|pzdyqx:nabboc|pzdyqx_impl:pzdyqx_impl_inst|PUDL0439:ESUL0435                                                                                                                                                                                                                                                                                                                                  ; work         ;
;    |ram_affichage:inst7|                                                                                      ; 158.7 (0.0)          ; 162.2 (0.0)                      ; 5.5 (0.0)                                         ; 2.0 (0.0)                        ; 0.0 (0.0)            ; 207 (0)             ; 14 (0)                    ; 0 (0)         ; 2764800           ; 338   ; 0          ; 0    ; 0            ; |videocapsule|ram_affichage:inst7                                                                                                                                                                                                                                                                                                                                                                           ; work         ;
;       |altsyncram:altsyncram_component|                                                                       ; 158.7 (0.0)          ; 162.2 (0.0)                      ; 5.5 (0.0)                                         ; 2.0 (0.0)                        ; 0.0 (0.0)            ; 207 (0)             ; 14 (0)                    ; 0 (0)         ; 2764800           ; 338   ; 0          ; 0    ; 0            ; |videocapsule|ram_affichage:inst7|altsyncram:altsyncram_component                                                                                                                                                                                                                                                                                                                                           ; work         ;
;          |altsyncram_6uu3:auto_generated|                                                                     ; 158.7 (3.5)          ; 162.2 (4.5)                      ; 5.5 (1.0)                                         ; 2.0 (0.0)                        ; 0.0 (0.0)            ; 207 (0)             ; 14 (14)                   ; 0 (0)         ; 2764800           ; 338   ; 0          ; 0    ; 0            ; |videocapsule|ram_affichage:inst7|altsyncram:altsyncram_component|altsyncram_6uu3:auto_generated                                                                                                                                                                                                                                                                                                            ; work         ;
;             |decode_3na:decode2|                                                                              ; 19.5 (19.5)          ; 19.8 (19.8)                      ; 0.3 (0.3)                                         ; 0.0 (0.0)                        ; 0.0 (0.0)            ; 43 (43)             ; 0 (0)                     ; 0 (0)         ; 0                 ; 0     ; 0          ; 0    ; 0            ; |videocapsule|ram_affichage:inst7|altsyncram:altsyncram_component|altsyncram_6uu3:auto_generated|decode_3na:decode2                                                                                                                                                                                                                                                                                         ; work         ;
;             |decode_s2a:rden_decode_b|                                                                        ; 21.0 (21.0)          ; 21.2 (21.2)                      ; 0.2 (0.2)                                         ; 0.0 (0.0)                        ; 0.0 (0.0)            ; 38 (38)             ; 0 (0)                     ; 0 (0)         ; 0                 ; 0     ; 0          ; 0    ; 0            ; |videocapsule|ram_affichage:inst7|altsyncram:altsyncram_component|altsyncram_6uu3:auto_generated|decode_s2a:rden_decode_b                                                                                                                                                                                                                                                                                   ; work         ;
;             |mux_khb:mux3|                                                                                    ; 114.7 (114.7)        ; 116.7 (116.7)                    ; 4.0 (4.0)                                         ; 2.0 (2.0)                        ; 0.0 (0.0)            ; 126 (126)           ; 0 (0)                     ; 0 (0)         ; 0                 ; 0     ; 0          ; 0    ; 0            ; |videocapsule|ram_affichage:inst7|altsyncram:altsyncram_component|altsyncram_6uu3:auto_generated|mux_khb:mux3                                                                                                                                                                                                                                                                                               ; work         ;
;    |sld_hub:auto_hub|                                                                                         ; 78.1 (0.5)           ; 97.5 (0.5)                       ; 19.5 (0.0)                                        ; 0.1 (0.0)                        ; 0.0 (0.0)            ; 128 (1)             ; 96 (0)                    ; 0 (0)         ; 0                 ; 0     ; 0          ; 0    ; 0            ; |videocapsule|sld_hub:auto_hub                                                                                                                                                                                                                                                                                                                                                                              ; altera_sld   ;
;       |alt_sld_fab:\instrumentation_fabric_with_node_gen:fabric_gen_new_way:instrumentation_fabric|           ; 77.6 (0.0)           ; 97.0 (0.0)                       ; 19.5 (0.0)                                        ; 0.1 (0.0)                        ; 0.0 (0.0)            ; 127 (0)             ; 96 (0)                    ; 0 (0)         ; 0                 ; 0     ; 0          ; 0    ; 0            ; |videocapsule|sld_hub:auto_hub|alt_sld_fab:\instrumentation_fabric_with_node_gen:fabric_gen_new_way:instrumentation_fabric                                                                                                                                                                                                                                                                                  ; alt_sld_fab  ;
;          |alt_sld_fab_alt_sld_fab:alt_sld_fab|                                                                ; 77.6 (1.5)           ; 97.0 (3.3)                       ; 19.5 (1.8)                                        ; 0.1 (0.0)                        ; 0.0 (0.0)            ; 127 (1)             ; 96 (7)                    ; 0 (0)         ; 0                 ; 0     ; 0          ; 0    ; 0            ; |videocapsule|sld_hub:auto_hub|alt_sld_fab:\instrumentation_fabric_with_node_gen:fabric_gen_new_way:instrumentation_fabric|alt_sld_fab_alt_sld_fab:alt_sld_fab                                                                                                                                                                                                                                              ; alt_sld_fab  ;
;             |alt_sld_fab_alt_sld_fab_sldfabric:sldfabric|                                                     ; 76.1 (0.0)           ; 93.7 (0.0)                       ; 17.7 (0.0)                                        ; 0.1 (0.0)                        ; 0.0 (0.0)            ; 126 (0)             ; 89 (0)                    ; 0 (0)         ; 0                 ; 0     ; 0          ; 0    ; 0            ; |videocapsule|sld_hub:auto_hub|alt_sld_fab:\instrumentation_fabric_with_node_gen:fabric_gen_new_way:instrumentation_fabric|alt_sld_fab_alt_sld_fab:alt_sld_fab|alt_sld_fab_alt_sld_fab_sldfabric:sldfabric                                                                                                                                                                                                  ; alt_sld_fab  ;
;                |sld_jtag_hub:\jtag_hub_gen:real_sld_jtag_hub|                                                 ; 76.1 (52.5)          ; 93.7 (66.8)                      ; 17.7 (14.4)                                       ; 0.1 (0.1)                        ; 0.0 (0.0)            ; 126 (88)            ; 89 (58)                   ; 0 (0)         ; 0                 ; 0     ; 0          ; 0    ; 0            ; |videocapsule|sld_hub:auto_hub|alt_sld_fab:\instrumentation_fabric_with_node_gen:fabric_gen_new_way:instrumentation_fabric|alt_sld_fab_alt_sld_fab:alt_sld_fab|alt_sld_fab_alt_sld_fab_sldfabric:sldfabric|sld_jtag_hub:\jtag_hub_gen:real_sld_jtag_hub                                                                                                                                                     ; work         ;
;                   |sld_rom_sr:hub_info_reg|                                                                   ; 11.8 (11.8)          ; 12.0 (12.0)                      ; 0.2 (0.2)                                         ; 0.0 (0.0)                        ; 0.0 (0.0)            ; 19 (19)             ; 12 (12)                   ; 0 (0)         ; 0                 ; 0     ; 0          ; 0    ; 0            ; |videocapsule|sld_hub:auto_hub|alt_sld_fab:\instrumentation_fabric_with_node_gen:fabric_gen_new_way:instrumentation_fabric|alt_sld_fab_alt_sld_fab:alt_sld_fab|alt_sld_fab_alt_sld_fab_sldfabric:sldfabric|sld_jtag_hub:\jtag_hub_gen:real_sld_jtag_hub|sld_rom_sr:hub_info_reg                                                                                                                             ; work         ;
;                   |sld_shadow_jsm:shadow_jsm|                                                                 ; 11.7 (11.7)          ; 14.8 (14.8)                      ; 3.1 (3.1)                                         ; 0.0 (0.0)                        ; 0.0 (0.0)            ; 19 (19)             ; 19 (19)                   ; 0 (0)         ; 0                 ; 0     ; 0          ; 0    ; 0            ; |videocapsule|sld_hub:auto_hub|alt_sld_fab:\instrumentation_fabric_with_node_gen:fabric_gen_new_way:instrumentation_fabric|alt_sld_fab_alt_sld_fab:alt_sld_fab|alt_sld_fab_alt_sld_fab_sldfabric:sldfabric|sld_jtag_hub:\jtag_hub_gen:real_sld_jtag_hub|sld_shadow_jsm:shadow_jsm                                                                                                                           ; altera_sld   ;
+---------------------------------------------------------------------------------------------------------------+----------------------+----------------------------------+---------------------------------------------------+----------------------------------+----------------------+---------------------+---------------------------+---------------+-------------------+-------+------------+------+--------------+-------------------------------------------------------------------------------------------------------------------------------------------------------------------------------------------------------------------------------------------------------------------------------------------------------------------------------------------------------------------------------------------------------------+--------------+
Note: For table entries with two numbers listed, the numbers in parentheses indicate the number of resources of the given type used by the specific entity alone. The numbers listed outside of parentheses indicate the total resources of the given type used by the specific entity and all of its sub-entities in the hierarchy.


+----------------------------------------------------------------------------------------------------------------------------------------------------+
; Delay Chain Summary                                                                                                                                ;
+-------------------------------------+----------+----+------+------+----+------+-------+--------+------------------------+--------------------------+
; Name                                ; Pin Type ; D1 ; D3_0 ; D3_1 ; D4 ; D5   ; D5 OE ; D5 OCT ; T11 (Postamble Gating) ; T11 (Postamble Ungating) ;
+-------------------------------------+----------+----+------+------+----+------+-------+--------+------------------------+--------------------------+
; hdmi_de                             ; Output   ; -- ; --   ; --   ; -- ; (0)  ; (31)  ; --     ; --                     ; --                       ;
; hdmi_hs                             ; Output   ; -- ; --   ; --   ; -- ; (0)  ; (31)  ; --     ; --                     ; --                       ;
; hdmi_vs                             ; Output   ; -- ; --   ; --   ; -- ; (0)  ; (31)  ; --     ; --                     ; --                       ;
; hdmi_clk                            ; Output   ; -- ; --   ; --   ; -- ; (0)  ; (31)  ; --     ; --                     ; --                       ;
; hdmi_data[23]                       ; Output   ; -- ; --   ; --   ; -- ; (0)  ; (31)  ; --     ; --                     ; --                       ;
; hdmi_data[22]                       ; Output   ; -- ; --   ; --   ; -- ; (0)  ; (31)  ; --     ; --                     ; --                       ;
; hdmi_data[21]                       ; Output   ; -- ; --   ; --   ; -- ; (0)  ; (31)  ; --     ; --                     ; --                       ;
; hdmi_data[20]                       ; Output   ; -- ; --   ; --   ; -- ; (0)  ; (31)  ; --     ; --                     ; --                       ;
; hdmi_data[19]                       ; Output   ; -- ; --   ; --   ; -- ; (0)  ; (31)  ; --     ; --                     ; --                       ;
; hdmi_data[18]                       ; Output   ; -- ; --   ; --   ; -- ; (0)  ; (31)  ; --     ; --                     ; --                       ;
; hdmi_data[17]                       ; Output   ; -- ; --   ; --   ; -- ; (0)  ; (31)  ; --     ; --                     ; --                       ;
; hdmi_data[16]                       ; Output   ; -- ; --   ; --   ; -- ; (0)  ; (31)  ; --     ; --                     ; --                       ;
; hdmi_data[15]                       ; Output   ; -- ; --   ; --   ; -- ; (0)  ; (31)  ; --     ; --                     ; --                       ;
; hdmi_data[14]                       ; Output   ; -- ; --   ; --   ; -- ; (0)  ; (31)  ; --     ; --                     ; --                       ;
; hdmi_data[13]                       ; Output   ; -- ; --   ; --   ; -- ; (0)  ; (31)  ; --     ; --                     ; --                       ;
; hdmi_data[12]                       ; Output   ; -- ; --   ; --   ; -- ; (0)  ; (31)  ; --     ; --                     ; --                       ;
; hdmi_data[11]                       ; Output   ; -- ; --   ; --   ; -- ; (0)  ; (31)  ; --     ; --                     ; --                       ;
; hdmi_data[10]                       ; Output   ; -- ; --   ; --   ; -- ; (0)  ; (31)  ; --     ; --                     ; --                       ;
; hdmi_data[9]                        ; Output   ; -- ; --   ; --   ; -- ; (0)  ; (31)  ; --     ; --                     ; --                       ;
; hdmi_data[8]                        ; Output   ; -- ; --   ; --   ; -- ; (0)  ; (31)  ; --     ; --                     ; --                       ;
; hdmi_data[7]                        ; Output   ; -- ; --   ; --   ; -- ; (0)  ; (31)  ; --     ; --                     ; --                       ;
; hdmi_data[6]                        ; Output   ; -- ; --   ; --   ; -- ; (0)  ; (31)  ; --     ; --                     ; --                       ;
; hdmi_data[5]                        ; Output   ; -- ; --   ; --   ; -- ; (0)  ; (31)  ; --     ; --                     ; --                       ;
; hdmi_data[4]                        ; Output   ; -- ; --   ; --   ; -- ; (0)  ; (31)  ; --     ; --                     ; --                       ;
; hdmi_data[3]                        ; Output   ; -- ; --   ; --   ; -- ; (0)  ; (31)  ; --     ; --                     ; --                       ;
; hdmi_data[2]                        ; Output   ; -- ; --   ; --   ; -- ; (0)  ; (31)  ; --     ; --                     ; --                       ;
; hdmi_data[1]                        ; Output   ; -- ; --   ; --   ; -- ; (0)  ; (31)  ; --     ; --                     ; --                       ;
; hdmi_data[0]                        ; Output   ; -- ; --   ; --   ; -- ; (0)  ; (31)  ; --     ; --                     ; --                       ;
; pio_0_external_connection_export[7] ; Output   ; -- ; --   ; --   ; -- ; (0)  ; (31)  ; --     ; --                     ; --                       ;
; pio_0_external_connection_export[6] ; Output   ; -- ; --   ; --   ; -- ; (0)  ; (31)  ; --     ; --                     ; --                       ;
; pio_0_external_connection_export[5] ; Output   ; -- ; --   ; --   ; -- ; (0)  ; (31)  ; --     ; --                     ; --                       ;
; pio_0_external_connection_export[4] ; Output   ; -- ; --   ; --   ; -- ; (0)  ; (31)  ; --     ; --                     ; --                       ;
; pio_0_external_connection_export[3] ; Output   ; -- ; --   ; --   ; -- ; (0)  ; (31)  ; --     ; --                     ; --                       ;
; pio_0_external_connection_export[2] ; Output   ; -- ; --   ; --   ; -- ; (0)  ; (31)  ; --     ; --                     ; --                       ;
; pio_0_external_connection_export[1] ; Output   ; -- ; --   ; --   ; -- ; (0)  ; (31)  ; --     ; --                     ; --                       ;
; pio_0_external_connection_export[0] ; Output   ; -- ; --   ; --   ; -- ; (0)  ; (31)  ; --     ; --                     ; --                       ;
; synchro_trame                       ; Input    ; -- ; --   ; --   ; -- ; --   ; --    ; --     ; --                     ; --                       ;
; clk_clk                             ; Input    ; -- ; (0)  ; --   ; -- ; --   ; --    ; --     ; --                     ; --                       ;
; reset_reset_n                       ; Input    ; -- ; --   ; (0)  ; -- ; --   ; --    ; --     ; --                     ; --                       ;
; RGB_value                           ; Input    ; -- ; --   ; (0)  ; -- ; --   ; --    ; --     ; --                     ; --                       ;
+-------------------------------------+----------+----+------+------+----+------+-------+--------+------------------------+--------------------------+


+-------------------------------------------------------------------------------------------------------------------------------------------------------------------------------------------------------------------+
; Pad To Core Delay Chain Fanout                                                                                                                                                                                    ;
+-------------------------------------------------------------------------------------------------------------------------------------------------------------------------------------+-------------------+---------+
; Source Pin / Fanout                                                                                                                                                                 ; Pad To Core Index ; Setting ;
+-------------------------------------------------------------------------------------------------------------------------------------------------------------------------------------+-------------------+---------+
; synchro_trame                                                                                                                                                                       ;                   ;         ;
; clk_clk                                                                                                                                                                             ;                   ;         ;
; reset_reset_n                                                                                                                                                                       ;                   ;         ;
;      - niosii:inst13|niosii_rst_controller:rst_controller|altera_reset_controller:rst_controller|altera_reset_synchronizer:alt_rst_sync_uq1|altera_reset_synchronizer_int_chain_out ; 1                 ; 0       ;
;      - niosii:inst13|niosii_rst_controller:rst_controller|altera_reset_controller:rst_controller|altera_reset_synchronizer:alt_rst_sync_uq1|altera_reset_synchronizer_int_chain[0]  ; 1                 ; 0       ;
;      - niosii:inst13|niosii_rst_controller:rst_controller|altera_reset_controller:rst_controller|altera_reset_synchronizer:alt_rst_sync_uq1|altera_reset_synchronizer_int_chain[1]  ; 1                 ; 0       ;
;      - niosii:inst13|niosii_rst_controller_001:rst_controller_001|altera_reset_controller:rst_controller_001|merged_reset~0                                                         ; 1                 ; 0       ;
;      - pll:inst2|pll_0002:pll_inst|altera_pll:altera_pll_i|general[0].gpll~FRACTIONAL_PLL                                                                                           ; 1                 ; 0       ;
; RGB_value                                                                                                                                                                           ;                   ;         ;
;      - niosii:inst13|colorimetrie:colorimetrie_0|Add1~85                                                                                                                            ; 1                 ; 0       ;
;      - niosii:inst13|colorimetrie:colorimetrie_0|Add1~73                                                                                                                            ; 1                 ; 0       ;
;      - niosii:inst13|colorimetrie:colorimetrie_0|Add1~49                                                                                                                            ; 1                 ; 0       ;
+-------------------------------------------------------------------------------------------------------------------------------------------------------------------------------------+-------------------+---------+


+--------------------------------------------------------------------------------------------------------------------------------------------------------------------------------------------------------------------------------------------------------------------------------------------------------------------------------------------------------------------------------------------------------------------------------------------------------------------------------------------------------------------------------------------+
; Control Signals                                                                                                                                                                                                                                                                                                                                                                                                                                                                                                                            ;
+-----------------------------------------------------------------------------------------------------------------------------------------------------------------------------------------------------------------------------------------------------------------------------------------------------------------------------------------------------------------+----------------------------+---------+----------------------------------------------------+--------+----------------------+------------------+---------------------------+
; Name                                                                                                                                                                                                                                                                                                                                                            ; Location                   ; Fan-Out ; Usage                                              ; Global ; Global Resource Used ; Global Line Name ; Enable Signal Source Name ;
+-----------------------------------------------------------------------------------------------------------------------------------------------------------------------------------------------------------------------------------------------------------------------------------------------------------------------------------------------------------------+----------------------------+---------+----------------------------------------------------+--------+----------------------+------------------+---------------------------+
; altera_internal_jtag~TCKUTAP                                                                                                                                                                                                                                                                                                                                    ; JTAG_X0_Y2_N3              ; 212     ; Clock                                              ; no     ; --                   ; --               ; --                        ;
; altera_internal_jtag~TMSUTAP                                                                                                                                                                                                                                                                                                                                    ; JTAG_X0_Y2_N3              ; 30      ; Sync. clear                                        ; no     ; --                   ; --               ; --                        ;
; clk_clk                                                                                                                                                                                                                                                                                                                                                         ; PIN_V11                    ; 2519    ; Clock                                              ; yes    ; Global Clock         ; GCLK6            ; --                        ;
; hdmi_controler:inst4|Equal0~2                                                                                                                                                                                                                                                                                                                                   ; LABCELL_X35_Y28_N12        ; 23      ; Clock enable, Sync. clear                          ; no     ; --                   ; --               ; --                        ;
; hdmi_controler:inst4|Equal3~2                                                                                                                                                                                                                                                                                                                                   ; LABCELL_X35_Y27_N6         ; 11      ; Sync. clear                                        ; no     ; --                   ; --               ; --                        ;
; lpm_compare:inst14|cmpr_iik:auto_generated|aneb_result_wire[0]                                                                                                                                                                                                                                                                                                  ; LABCELL_X81_Y10_N30        ; 72      ; Sync. clear                                        ; no     ; --                   ; --               ; --                        ;
; niosii:inst13|colorimetrie:colorimetrie_0|pixel_address[18]~2                                                                                                                                                                                                                                                                                                   ; LABCELL_X50_Y10_N42        ; 19      ; Clock enable                                       ; no     ; --                   ; --               ; --                        ;
; niosii:inst13|colorimetrie:colorimetrie_0|pixel_value[8]~1                                                                                                                                                                                                                                                                                                      ; LABCELL_X50_Y10_N18        ; 9       ; Clock enable                                       ; no     ; --                   ; --               ; --                        ;
; niosii:inst13|colorimetrie:colorimetrie_0|readdata[7]~1                                                                                                                                                                                                                                                                                                         ; LABCELL_X50_Y10_N30        ; 24      ; Clock enable                                       ; no     ; --                   ; --               ; --                        ;
; niosii:inst13|niosii_jtag_uart_0:jtag_uart_0|alt_jtag_atlantic:niosii_jtag_uart_0_alt_jtag_atlantic|r_ena~0                                                                                                                                                                                                                                                     ; LABCELL_X48_Y7_N3          ; 3       ; Clock enable                                       ; no     ; --                   ; --               ; --                        ;
; niosii:inst13|niosii_jtag_uart_0:jtag_uart_0|alt_jtag_atlantic:niosii_jtag_uart_0_alt_jtag_atlantic|td_shift[0]~4                                                                                                                                                                                                                                               ; LABCELL_X7_Y2_N18          ; 21      ; Clock enable                                       ; no     ; --                   ; --               ; --                        ;
; niosii:inst13|niosii_jtag_uart_0:jtag_uart_0|alt_jtag_atlantic:niosii_jtag_uart_0_alt_jtag_atlantic|write_stalled~1                                                                                                                                                                                                                                             ; LABCELL_X7_Y2_N15          ; 6       ; Clock enable                                       ; no     ; --                   ; --               ; --                        ;
; niosii:inst13|niosii_jtag_uart_0:jtag_uart_0|alt_jtag_atlantic:niosii_jtag_uart_0_alt_jtag_atlantic|write~0                                                                                                                                                                                                                                                     ; LABCELL_X7_Y2_N12          ; 9       ; Clock enable                                       ; no     ; --                   ; --               ; --                        ;
; niosii:inst13|niosii_jtag_uart_0:jtag_uart_0|fifo_rd~1                                                                                                                                                                                                                                                                                                          ; LABCELL_X51_Y9_N24         ; 9       ; Clock enable                                       ; no     ; --                   ; --               ; --                        ;
; niosii:inst13|niosii_jtag_uart_0:jtag_uart_0|fifo_wr                                                                                                                                                                                                                                                                                                            ; FF_X50_Y8_N53              ; 15      ; Clock enable, Write enable                         ; no     ; --                   ; --               ; --                        ;
; niosii:inst13|niosii_jtag_uart_0:jtag_uart_0|ien_AE~0                                                                                                                                                                                                                                                                                                           ; LABCELL_X51_Y9_N9          ; 3       ; Clock enable                                       ; no     ; --                   ; --               ; --                        ;
; niosii:inst13|niosii_jtag_uart_0:jtag_uart_0|niosii_jtag_uart_0_scfifo_r:the_niosii_jtag_uart_0_scfifo_r|scfifo:rfifo|scfifo_3291:auto_generated|a_dpfifo_a891:dpfifo|a_fefifo_7cf:fifo_state|_~2                                                                                                                                                               ; LABCELL_X51_Y9_N42         ; 7       ; Clock enable                                       ; no     ; --                   ; --               ; --                        ;
; niosii:inst13|niosii_jtag_uart_0:jtag_uart_0|niosii_jtag_uart_0_scfifo_w:the_niosii_jtag_uart_0_scfifo_w|scfifo:wfifo|scfifo_3291:auto_generated|a_dpfifo_a891:dpfifo|a_fefifo_7cf:fifo_state|_~0                                                                                                                                                               ; LABCELL_X48_Y7_N42         ; 8       ; Clock enable                                       ; no     ; --                   ; --               ; --                        ;
; niosii:inst13|niosii_jtag_uart_0:jtag_uart_0|r_val~0                                                                                                                                                                                                                                                                                                            ; LABCELL_X48_Y7_N12         ; 9       ; Clock enable                                       ; no     ; --                   ; --               ; --                        ;
; niosii:inst13|niosii_jtag_uart_0:jtag_uart_0|read_0                                                                                                                                                                                                                                                                                                             ; FF_X51_Y9_N17              ; 16      ; Sync. load                                         ; no     ; --                   ; --               ; --                        ;
; niosii:inst13|niosii_jtag_uart_0:jtag_uart_0|wr_rfifo                                                                                                                                                                                                                                                                                                           ; LABCELL_X50_Y8_N45         ; 14      ; Clock enable, Write enable                         ; no     ; --                   ; --               ; --                        ;
; niosii:inst13|niosii_mm_interconnect_0:mm_interconnect_0|altera_avalon_sc_fifo:nios2_gen2_0_debug_mem_slave_agent_rsp_fifo|mem_used[1]~1                                                                                                                                                                                                                        ; LABCELL_X53_Y8_N54         ; 3       ; Clock enable                                       ; no     ; --                   ; --               ; --                        ;
; niosii:inst13|niosii_mm_interconnect_0:mm_interconnect_0|altera_avalon_sc_fifo:onchip_memory2_0_s1_agent_rsp_fifo|mem_used[1]~1                                                                                                                                                                                                                                 ; LABCELL_X55_Y9_N45         ; 3       ; Clock enable                                       ; no     ; --                   ; --               ; --                        ;
; niosii:inst13|niosii_mm_interconnect_0:mm_interconnect_0|altera_merlin_traffic_limiter:nios2_gen2_0_data_master_limiter|save_dest_id~1                                                                                                                                                                                                                          ; LABCELL_X51_Y11_N48        ; 12      ; Clock enable                                       ; no     ; --                   ; --               ; --                        ;
; niosii:inst13|niosii_mm_interconnect_0:mm_interconnect_0|altera_merlin_traffic_limiter:nios2_gen2_0_instruction_master_limiter|save_dest_id~0                                                                                                                                                                                                                   ; LABCELL_X56_Y8_N27         ; 4       ; Clock enable                                       ; no     ; --                   ; --               ; --                        ;
; niosii:inst13|niosii_mm_interconnect_0:mm_interconnect_0|niosii_mm_interconnect_0_cmd_mux_003:cmd_mux_003|altera_merlin_arbitrator:arb|top_priority_reg[0]~0                                                                                                                                                                                                    ; LABCELL_X55_Y8_N0          ; 2       ; Clock enable                                       ; no     ; --                   ; --               ; --                        ;
; niosii:inst13|niosii_mm_interconnect_0:mm_interconnect_0|niosii_mm_interconnect_0_cmd_mux_003:cmd_mux_003|update_grant~0                                                                                                                                                                                                                                        ; LABCELL_X55_Y8_N24         ; 3       ; Clock enable                                       ; no     ; --                   ; --               ; --                        ;
; niosii:inst13|niosii_mm_interconnect_0:mm_interconnect_0|niosii_mm_interconnect_0_cmd_mux_003:cmd_mux_006|altera_merlin_arbitrator:arb|top_priority_reg[0]~0                                                                                                                                                                                                    ; LABCELL_X55_Y9_N24         ; 2       ; Clock enable                                       ; no     ; --                   ; --               ; --                        ;
; niosii:inst13|niosii_mm_interconnect_0:mm_interconnect_0|niosii_mm_interconnect_0_cmd_mux_003:cmd_mux_006|update_grant~0                                                                                                                                                                                                                                        ; LABCELL_X55_Y9_N6          ; 3       ; Clock enable                                       ; no     ; --                   ; --               ; --                        ;
; niosii:inst13|niosii_nios2_gen2_0:nios2_gen2_0|d_writedata[23]~0                                                                                                                                                                                                                                                                                                ; LABCELL_X60_Y11_N15        ; 33      ; Clock enable                                       ; no     ; --                   ; --               ; --                        ;
; niosii:inst13|niosii_nios2_gen2_0:nios2_gen2_0|niosii_nios2_gen2_0_cpu:cpu|A_dc_rd_addr_cnt[3]~0                                                                                                                                                                                                                                                                ; LABCELL_X62_Y11_N0         ; 4       ; Clock enable                                       ; no     ; --                   ; --               ; --                        ;
; niosii:inst13|niosii_nios2_gen2_0:nios2_gen2_0|niosii_nios2_gen2_0_cpu:cpu|A_dc_rd_data_cnt[3]~0                                                                                                                                                                                                                                                                ; MLABCELL_X59_Y9_N51        ; 4       ; Clock enable                                       ; no     ; --                   ; --               ; --                        ;
; niosii:inst13|niosii_nios2_gen2_0:nios2_gen2_0|niosii_nios2_gen2_0_cpu:cpu|A_dc_rd_data_cnt[3]~1                                                                                                                                                                                                                                                                ; LABCELL_X61_Y11_N51        ; 4       ; Clock enable                                       ; no     ; --                   ; --               ; --                        ;
; niosii:inst13|niosii_nios2_gen2_0:nios2_gen2_0|niosii_nios2_gen2_0_cpu:cpu|A_dc_wr_data_cnt[1]~0                                                                                                                                                                                                                                                                ; LABCELL_X60_Y11_N3         ; 4       ; Clock enable                                       ; no     ; --                   ; --               ; --                        ;
; niosii:inst13|niosii_nios2_gen2_0:nios2_gen2_0|niosii_nios2_gen2_0_cpu:cpu|A_dc_xfer_rd_data_starting                                                                                                                                                                                                                                                           ; FF_X59_Y9_N14              ; 15      ; Clock enable                                       ; no     ; --                   ; --               ; --                        ;
; niosii:inst13|niosii_nios2_gen2_0:nios2_gen2_0|niosii_nios2_gen2_0_cpu:cpu|A_dc_xfer_wr_active                                                                                                                                                                                                                                                                  ; FF_X67_Y9_N4               ; 1       ; Write enable                                       ; no     ; --                   ; --               ; --                        ;
; niosii:inst13|niosii_nios2_gen2_0:nios2_gen2_0|niosii_nios2_gen2_0_cpu:cpu|A_exc_active_no_break                                                                                                                                                                                                                                                                ; LABCELL_X55_Y7_N27         ; 4       ; Clock enable                                       ; no     ; --                   ; --               ; --                        ;
; niosii:inst13|niosii_nios2_gen2_0:nios2_gen2_0|niosii_nios2_gen2_0_cpu:cpu|A_inst_result[17]~0                                                                                                                                                                                                                                                                  ; MLABCELL_X72_Y9_N57        ; 14      ; Sync. clear                                        ; no     ; --                   ; --               ; --                        ;
; niosii:inst13|niosii_nios2_gen2_0:nios2_gen2_0|niosii_nios2_gen2_0_cpu:cpu|A_inst_result[19]~1                                                                                                                                                                                                                                                                  ; LABCELL_X68_Y9_N0          ; 20      ; Sync. clear                                        ; no     ; --                   ; --               ; --                        ;
; niosii:inst13|niosii_nios2_gen2_0:nios2_gen2_0|niosii_nios2_gen2_0_cpu:cpu|A_ld_align_byte2_byte3_fill                                                                                                                                                                                                                                                          ; FF_X64_Y9_N29              ; 32      ; Sync. load                                         ; no     ; --                   ; --               ; --                        ;
; niosii:inst13|niosii_nios2_gen2_0:nios2_gen2_0|niosii_nios2_gen2_0_cpu:cpu|A_mem_stall                                                                                                                                                                                                                                                                          ; FF_X56_Y7_N20              ; 833     ; Clock enable, Sync. clear                          ; no     ; --                   ; --               ; --                        ;
; niosii:inst13|niosii_nios2_gen2_0:nios2_gen2_0|niosii_nios2_gen2_0_cpu:cpu|A_slow_inst_result_en~0                                                                                                                                                                                                                                                              ; LABCELL_X61_Y9_N3          ; 32      ; Clock enable                                       ; no     ; --                   ; --               ; --                        ;
; niosii:inst13|niosii_nios2_gen2_0:nios2_gen2_0|niosii_nios2_gen2_0_cpu:cpu|A_wr_dst_reg~0                                                                                                                                                                                                                                                                       ; LABCELL_X64_Y8_N6          ; 4       ; Write enable                                       ; no     ; --                   ; --               ; --                        ;
; niosii:inst13|niosii_nios2_gen2_0:nios2_gen2_0|niosii_nios2_gen2_0_cpu:cpu|Add10~1                                                                                                                                                                                                                                                                              ; LABCELL_X61_Y6_N30         ; 32      ; Sync. load                                         ; no     ; --                   ; --               ; --                        ;
; niosii:inst13|niosii_nios2_gen2_0:nios2_gen2_0|niosii_nios2_gen2_0_cpu:cpu|D_br_pred_not_taken                                                                                                                                                                                                                                                                  ; MLABCELL_X87_Y8_N51        ; 17      ; Sync. load                                         ; no     ; --                   ; --               ; --                        ;
; niosii:inst13|niosii_nios2_gen2_0:nios2_gen2_0|niosii_nios2_gen2_0_cpu:cpu|D_ctrl_src2_choose_imm                                                                                                                                                                                                                                                               ; FF_X77_Y8_N44              ; 78      ; Sync. load                                         ; no     ; --                   ; --               ; --                        ;
; niosii:inst13|niosii_nios2_gen2_0:nios2_gen2_0|niosii_nios2_gen2_0_cpu:cpu|D_ic_fill_starting                                                                                                                                                                                                                                                                   ; LABCELL_X81_Y8_N24         ; 25      ; Clock enable                                       ; no     ; --                   ; --               ; --                        ;
; niosii:inst13|niosii_nios2_gen2_0:nios2_gen2_0|niosii_nios2_gen2_0_cpu:cpu|D_iw[4]                                                                                                                                                                                                                                                                              ; FF_X70_Y8_N2               ; 23      ; Sync. clear                                        ; no     ; --                   ; --               ; --                        ;
; niosii:inst13|niosii_nios2_gen2_0:nios2_gen2_0|niosii_nios2_gen2_0_cpu:cpu|D_src1_hazard_E                                                                                                                                                                                                                                                                      ; LABCELL_X79_Y7_N45         ; 33      ; Sync. load                                         ; no     ; --                   ; --               ; --                        ;
; niosii:inst13|niosii_nios2_gen2_0:nios2_gen2_0|niosii_nios2_gen2_0_cpu:cpu|E_ctrl_mem8                                                                                                                                                                                                                                                                          ; FF_X70_Y8_N14              ; 22      ; Sync. load                                         ; no     ; --                   ; --               ; --                        ;
; niosii:inst13|niosii_nios2_gen2_0:nios2_gen2_0|niosii_nios2_gen2_0_cpu:cpu|E_src2[9]~0                                                                                                                                                                                                                                                                          ; LABCELL_X71_Y8_N57         ; 11      ; Sync. clear                                        ; no     ; --                   ; --               ; --                        ;
; niosii:inst13|niosii_nios2_gen2_0:nios2_gen2_0|niosii_nios2_gen2_0_cpu:cpu|Equal314~0                                                                                                                                                                                                                                                                           ; LABCELL_X77_Y6_N48         ; 33      ; Sync. clear                                        ; no     ; --                   ; --               ; --                        ;
; niosii:inst13|niosii_nios2_gen2_0:nios2_gen2_0|niosii_nios2_gen2_0_cpu:cpu|F_stall~0                                                                                                                                                                                                                                                                            ; LABCELL_X81_Y7_N30         ; 169     ; Clock enable, Read enable, Sync. clear, Sync. load ; no     ; --                   ; --               ; --                        ;
; niosii:inst13|niosii_nios2_gen2_0:nios2_gen2_0|niosii_nios2_gen2_0_cpu:cpu|M_bht_wr_en_unfiltered                                                                                                                                                                                                                                                               ; LABCELL_X74_Y5_N0          ; 1       ; Write enable                                       ; no     ; --                   ; --               ; --                        ;
; niosii:inst13|niosii_nios2_gen2_0:nios2_gen2_0|niosii_nios2_gen2_0_cpu:cpu|M_br_cond_taken_history[0]~0                                                                                                                                                                                                                                                         ; LABCELL_X74_Y5_N27         ; 10      ; Clock enable                                       ; no     ; --                   ; --               ; --                        ;
; niosii:inst13|niosii_nios2_gen2_0:nios2_gen2_0|niosii_nios2_gen2_0_cpu:cpu|M_ctrl_dc_index_nowb_inv                                                                                                                                                                                                                                                             ; FF_X60_Y9_N23              ; 33      ; Sync. clear                                        ; no     ; --                   ; --               ; --                        ;
; niosii:inst13|niosii_nios2_gen2_0:nios2_gen2_0|niosii_nios2_gen2_0_cpu:cpu|M_ctrl_ld                                                                                                                                                                                                                                                                            ; FF_X68_Y9_N47              ; 32      ; Sync. load                                         ; no     ; --                   ; --               ; --                        ;
; niosii:inst13|niosii_nios2_gen2_0:nios2_gen2_0|niosii_nios2_gen2_0_cpu:cpu|M_exc_break~0                                                                                                                                                                                                                                                                        ; LABCELL_X56_Y7_N27         ; 17      ; Sync. clear                                        ; no     ; --                   ; --               ; --                        ;
; niosii:inst13|niosii_nios2_gen2_0:nios2_gen2_0|niosii_nios2_gen2_0_cpu:cpu|M_st_data[17]~0                                                                                                                                                                                                                                                                      ; MLABCELL_X65_Y9_N0         ; 8       ; Sync. load                                         ; no     ; --                   ; --               ; --                        ;
; niosii:inst13|niosii_nios2_gen2_0:nios2_gen2_0|niosii_nios2_gen2_0_cpu:cpu|W_ienable_reg_irq1_nxt~0                                                                                                                                                                                                                                                             ; LABCELL_X55_Y7_N15         ; 2       ; Clock enable                                       ; no     ; --                   ; --               ; --                        ;
; niosii:inst13|niosii_nios2_gen2_0:nios2_gen2_0|niosii_nios2_gen2_0_cpu:cpu|d_address_offset_field[2]~1                                                                                                                                                                                                                                                          ; LABCELL_X62_Y11_N42        ; 3       ; Clock enable                                       ; no     ; --                   ; --               ; --                        ;
; niosii:inst13|niosii_nios2_gen2_0:nios2_gen2_0|niosii_nios2_gen2_0_cpu:cpu|dc_data_wr_port_en~0                                                                                                                                                                                                                                                                 ; MLABCELL_X59_Y9_N30        ; 2       ; Clock enable, Write enable                         ; no     ; --                   ; --               ; --                        ;
; niosii:inst13|niosii_nios2_gen2_0:nios2_gen2_0|niosii_nios2_gen2_0_cpu:cpu|dc_tag_wr_port_en~0                                                                                                                                                                                                                                                                  ; MLABCELL_X59_Y9_N39        ; 1       ; Write enable                                       ; no     ; --                   ; --               ; --                        ;
; niosii:inst13|niosii_nios2_gen2_0:nios2_gen2_0|niosii_nios2_gen2_0_cpu:cpu|dc_wb_rd_port_en                                                                                                                                                                                                                                                                     ; LABCELL_X60_Y11_N9         ; 4       ; Clock enable, Read enable                          ; no     ; --                   ; --               ; --                        ;
; niosii:inst13|niosii_nios2_gen2_0:nios2_gen2_0|niosii_nios2_gen2_0_cpu:cpu|hq3myc14108phmpo7y7qmhbp98hy0vq~0                                                                                                                                                                                                                                                    ; LABCELL_X53_Y6_N48         ; 1331    ; Async. clear                                       ; no     ; --                   ; --               ; --                        ;
; niosii:inst13|niosii_nios2_gen2_0:nios2_gen2_0|niosii_nios2_gen2_0_cpu:cpu|i_readdatavalid_d1                                                                                                                                                                                                                                                                   ; FF_X63_Y9_N7               ; 5       ; Clock enable, Write enable                         ; no     ; --                   ; --               ; --                        ;
; niosii:inst13|niosii_nios2_gen2_0:nios2_gen2_0|niosii_nios2_gen2_0_cpu:cpu|ic_fill_ap_cnt[2]~0                                                                                                                                                                                                                                                                  ; LABCELL_X56_Y8_N42         ; 7       ; Clock enable                                       ; no     ; --                   ; --               ; --                        ;
; niosii:inst13|niosii_nios2_gen2_0:nios2_gen2_0|niosii_nios2_gen2_0_cpu:cpu|ic_fill_dp_offset_en~0                                                                                                                                                                                                                                                               ; LABCELL_X77_Y4_N48         ; 4       ; Clock enable                                       ; no     ; --                   ; --               ; --                        ;
; niosii:inst13|niosii_nios2_gen2_0:nios2_gen2_0|niosii_nios2_gen2_0_cpu:cpu|ic_fill_valid_bits_en                                                                                                                                                                                                                                                                ; LABCELL_X77_Y4_N36         ; 8       ; Clock enable                                       ; no     ; --                   ; --               ; --                        ;
; niosii:inst13|niosii_nios2_gen2_0:nios2_gen2_0|niosii_nios2_gen2_0_cpu:cpu|ic_tag_clr_valid_bits_nxt                                                                                                                                                                                                                                                            ; MLABCELL_X78_Y7_N54        ; 10      ; Sync. clear                                        ; no     ; --                   ; --               ; --                        ;
; niosii:inst13|niosii_nios2_gen2_0:nios2_gen2_0|niosii_nios2_gen2_0_cpu:cpu|ic_tag_wren                                                                                                                                                                                                                                                                          ; LABCELL_X77_Y4_N57         ; 1       ; Write enable                                       ; no     ; --                   ; --               ; --                        ;
; niosii:inst13|niosii_nios2_gen2_0:nios2_gen2_0|niosii_nios2_gen2_0_cpu:cpu|niosii_nios2_gen2_0_cpu_nios2_oci:the_niosii_nios2_gen2_0_cpu_nios2_oci|address[8]                                                                                                                                                                                                   ; FF_X55_Y8_N20              ; 35      ; Sync. load                                         ; no     ; --                   ; --               ; --                        ;
; niosii:inst13|niosii_nios2_gen2_0:nios2_gen2_0|niosii_nios2_gen2_0_cpu:cpu|niosii_nios2_gen2_0_cpu_nios2_oci:the_niosii_nios2_gen2_0_cpu_nios2_oci|niosii_nios2_gen2_0_cpu_debug_slave_wrapper:the_niosii_nios2_gen2_0_cpu_debug_slave_wrapper|niosii_nios2_gen2_0_cpu_debug_slave_sysclk:the_niosii_nios2_gen2_0_cpu_debug_slave_sysclk|jxuir                  ; FF_X6_Y4_N20               ; 2       ; Clock enable                                       ; no     ; --                   ; --               ; --                        ;
; niosii:inst13|niosii_nios2_gen2_0:nios2_gen2_0|niosii_nios2_gen2_0_cpu:cpu|niosii_nios2_gen2_0_cpu_nios2_oci:the_niosii_nios2_gen2_0_cpu_nios2_oci|niosii_nios2_gen2_0_cpu_debug_slave_wrapper:the_niosii_nios2_gen2_0_cpu_debug_slave_wrapper|niosii_nios2_gen2_0_cpu_debug_slave_sysclk:the_niosii_nios2_gen2_0_cpu_debug_slave_sysclk|take_action_ocimem_a   ; LABCELL_X43_Y6_N39         ; 15      ; Clock enable, Sync. load                           ; no     ; --                   ; --               ; --                        ;
; niosii:inst13|niosii_nios2_gen2_0:nios2_gen2_0|niosii_nios2_gen2_0_cpu:cpu|niosii_nios2_gen2_0_cpu_nios2_oci:the_niosii_nios2_gen2_0_cpu_nios2_oci|niosii_nios2_gen2_0_cpu_debug_slave_wrapper:the_niosii_nios2_gen2_0_cpu_debug_slave_wrapper|niosii_nios2_gen2_0_cpu_debug_slave_sysclk:the_niosii_nios2_gen2_0_cpu_debug_slave_sysclk|take_action_ocimem_a~0 ; MLABCELL_X6_Y4_N24         ; 16      ; Clock enable                                       ; no     ; --                   ; --               ; --                        ;
; niosii:inst13|niosii_nios2_gen2_0:nios2_gen2_0|niosii_nios2_gen2_0_cpu:cpu|niosii_nios2_gen2_0_cpu_nios2_oci:the_niosii_nios2_gen2_0_cpu_nios2_oci|niosii_nios2_gen2_0_cpu_debug_slave_wrapper:the_niosii_nios2_gen2_0_cpu_debug_slave_wrapper|niosii_nios2_gen2_0_cpu_debug_slave_sysclk:the_niosii_nios2_gen2_0_cpu_debug_slave_sysclk|take_action_ocimem_b   ; LABCELL_X43_Y6_N24         ; 41      ; Clock enable, Sync. load                           ; no     ; --                   ; --               ; --                        ;
; niosii:inst13|niosii_nios2_gen2_0:nios2_gen2_0|niosii_nios2_gen2_0_cpu:cpu|niosii_nios2_gen2_0_cpu_nios2_oci:the_niosii_nios2_gen2_0_cpu_nios2_oci|niosii_nios2_gen2_0_cpu_debug_slave_wrapper:the_niosii_nios2_gen2_0_cpu_debug_slave_wrapper|niosii_nios2_gen2_0_cpu_debug_slave_sysclk:the_niosii_nios2_gen2_0_cpu_debug_slave_sysclk|update_jdo_strobe      ; FF_X6_Y4_N17               ; 39      ; Clock enable                                       ; no     ; --                   ; --               ; --                        ;
; niosii:inst13|niosii_nios2_gen2_0:nios2_gen2_0|niosii_nios2_gen2_0_cpu:cpu|niosii_nios2_gen2_0_cpu_nios2_oci:the_niosii_nios2_gen2_0_cpu_nios2_oci|niosii_nios2_gen2_0_cpu_debug_slave_wrapper:the_niosii_nios2_gen2_0_cpu_debug_slave_wrapper|niosii_nios2_gen2_0_cpu_debug_slave_tck:the_niosii_nios2_gen2_0_cpu_debug_slave_tck|sr[13]~10                    ; MLABCELL_X8_Y4_N6          ; 13      ; Clock enable                                       ; no     ; --                   ; --               ; --                        ;
; niosii:inst13|niosii_nios2_gen2_0:nios2_gen2_0|niosii_nios2_gen2_0_cpu:cpu|niosii_nios2_gen2_0_cpu_nios2_oci:the_niosii_nios2_gen2_0_cpu_nios2_oci|niosii_nios2_gen2_0_cpu_debug_slave_wrapper:the_niosii_nios2_gen2_0_cpu_debug_slave_wrapper|niosii_nios2_gen2_0_cpu_debug_slave_tck:the_niosii_nios2_gen2_0_cpu_debug_slave_tck|sr[13]~9                     ; MLABCELL_X8_Y4_N9          ; 13      ; Sync. clear                                        ; no     ; --                   ; --               ; --                        ;
; niosii:inst13|niosii_nios2_gen2_0:nios2_gen2_0|niosii_nios2_gen2_0_cpu:cpu|niosii_nios2_gen2_0_cpu_nios2_oci:the_niosii_nios2_gen2_0_cpu_nios2_oci|niosii_nios2_gen2_0_cpu_debug_slave_wrapper:the_niosii_nios2_gen2_0_cpu_debug_slave_wrapper|niosii_nios2_gen2_0_cpu_debug_slave_tck:the_niosii_nios2_gen2_0_cpu_debug_slave_tck|sr[26]~14                    ; LABCELL_X13_Y2_N51         ; 18      ; Clock enable                                       ; no     ; --                   ; --               ; --                        ;
; niosii:inst13|niosii_nios2_gen2_0:nios2_gen2_0|niosii_nios2_gen2_0_cpu:cpu|niosii_nios2_gen2_0_cpu_nios2_oci:the_niosii_nios2_gen2_0_cpu_nios2_oci|niosii_nios2_gen2_0_cpu_debug_slave_wrapper:the_niosii_nios2_gen2_0_cpu_debug_slave_wrapper|niosii_nios2_gen2_0_cpu_debug_slave_tck:the_niosii_nios2_gen2_0_cpu_debug_slave_tck|sr[26]~17                    ; LABCELL_X13_Y2_N6          ; 16      ; Sync. clear                                        ; no     ; --                   ; --               ; --                        ;
; niosii:inst13|niosii_nios2_gen2_0:nios2_gen2_0|niosii_nios2_gen2_0_cpu:cpu|niosii_nios2_gen2_0_cpu_nios2_oci:the_niosii_nios2_gen2_0_cpu_nios2_oci|niosii_nios2_gen2_0_cpu_debug_slave_wrapper:the_niosii_nios2_gen2_0_cpu_debug_slave_wrapper|niosii_nios2_gen2_0_cpu_debug_slave_tck:the_niosii_nios2_gen2_0_cpu_debug_slave_tck|sr[37]~21                    ; LABCELL_X16_Y2_N57         ; 2       ; Clock enable                                       ; no     ; --                   ; --               ; --                        ;
; niosii:inst13|niosii_nios2_gen2_0:nios2_gen2_0|niosii_nios2_gen2_0_cpu:cpu|niosii_nios2_gen2_0_cpu_nios2_oci:the_niosii_nios2_gen2_0_cpu_nios2_oci|niosii_nios2_gen2_0_cpu_debug_slave_wrapper:the_niosii_nios2_gen2_0_cpu_debug_slave_wrapper|sld_virtual_jtag_basic:niosii_nios2_gen2_0_cpu_debug_slave_phy|virtual_state_uir                                 ; MLABCELL_X8_Y3_N3          ; 4       ; Clock enable                                       ; no     ; --                   ; --               ; --                        ;
; niosii:inst13|niosii_nios2_gen2_0:nios2_gen2_0|niosii_nios2_gen2_0_cpu:cpu|niosii_nios2_gen2_0_cpu_nios2_oci:the_niosii_nios2_gen2_0_cpu_nios2_oci|niosii_nios2_gen2_0_cpu_nios2_avalon_reg:the_niosii_nios2_gen2_0_cpu_nios2_avalon_reg|take_action_oci_intr_mask_reg~0                                                                                        ; LABCELL_X50_Y7_N21         ; 5       ; Clock enable                                       ; no     ; --                   ; --               ; --                        ;
; niosii:inst13|niosii_nios2_gen2_0:nios2_gen2_0|niosii_nios2_gen2_0_cpu:cpu|niosii_nios2_gen2_0_cpu_nios2_oci:the_niosii_nios2_gen2_0_cpu_nios2_oci|niosii_nios2_gen2_0_cpu_nios2_oci_break:the_niosii_nios2_gen2_0_cpu_nios2_oci_break|break_readreg[16]~0                                                                                                      ; MLABCELL_X6_Y4_N21         ; 33      ; Clock enable                                       ; no     ; --                   ; --               ; --                        ;
; niosii:inst13|niosii_nios2_gen2_0:nios2_gen2_0|niosii_nios2_gen2_0_cpu:cpu|niosii_nios2_gen2_0_cpu_nios2_oci:the_niosii_nios2_gen2_0_cpu_nios2_oci|niosii_nios2_gen2_0_cpu_nios2_oci_break:the_niosii_nios2_gen2_0_cpu_nios2_oci_break|break_readreg[16]~1                                                                                                      ; LABCELL_X16_Y2_N48         ; 32      ; Sync. clear                                        ; no     ; --                   ; --               ; --                        ;
; niosii:inst13|niosii_nios2_gen2_0:nios2_gen2_0|niosii_nios2_gen2_0_cpu:cpu|niosii_nios2_gen2_0_cpu_nios2_oci:the_niosii_nios2_gen2_0_cpu_nios2_oci|niosii_nios2_gen2_0_cpu_nios2_ocimem:the_niosii_nios2_gen2_0_cpu_nios2_ocimem|MonDReg[0]~2                                                                                                                   ; LABCELL_X43_Y6_N0          ; 36      ; Clock enable                                       ; no     ; --                   ; --               ; --                        ;
; niosii:inst13|niosii_nios2_gen2_0:nios2_gen2_0|niosii_nios2_gen2_0_cpu:cpu|niosii_nios2_gen2_0_cpu_nios2_oci:the_niosii_nios2_gen2_0_cpu_nios2_oci|niosii_nios2_gen2_0_cpu_nios2_ocimem:the_niosii_nios2_gen2_0_cpu_nios2_ocimem|MonDReg[16]~4                                                                                                                  ; LABCELL_X43_Y6_N45         ; 25      ; Sync. clear                                        ; no     ; --                   ; --               ; --                        ;
; niosii:inst13|niosii_nios2_gen2_0:nios2_gen2_0|niosii_nios2_gen2_0_cpu:cpu|niosii_nios2_gen2_0_cpu_nios2_oci:the_niosii_nios2_gen2_0_cpu_nios2_oci|niosii_nios2_gen2_0_cpu_nios2_ocimem:the_niosii_nios2_gen2_0_cpu_nios2_ocimem|MonDReg[17]~10                                                                                                                 ; LABCELL_X43_Y6_N42         ; 2       ; Clock enable                                       ; no     ; --                   ; --               ; --                        ;
; niosii:inst13|niosii_nios2_gen2_0:nios2_gen2_0|niosii_nios2_gen2_0_cpu:cpu|niosii_nios2_gen2_0_cpu_nios2_oci:the_niosii_nios2_gen2_0_cpu_nios2_oci|niosii_nios2_gen2_0_cpu_nios2_ocimem:the_niosii_nios2_gen2_0_cpu_nios2_ocimem|ociram_wr_en~0                                                                                                                 ; LABCELL_X46_Y6_N3          ; 2       ; Write enable                                       ; no     ; --                   ; --               ; --                        ;
; niosii:inst13|niosii_onchip_memory2_0:onchip_memory2_0|altsyncram:the_altsyncram|altsyncram_6aj1:auto_generated|decode_8la:decode3|w_anode1074w[2]                                                                                                                                                                                                              ; LABCELL_X57_Y8_N0          ; 32      ; Write enable                                       ; no     ; --                   ; --               ; --                        ;
; niosii:inst13|niosii_onchip_memory2_0:onchip_memory2_0|altsyncram:the_altsyncram|altsyncram_6aj1:auto_generated|decode_8la:decode3|w_anode1087w[2]                                                                                                                                                                                                              ; LABCELL_X57_Y8_N18         ; 32      ; Write enable                                       ; no     ; --                   ; --               ; --                        ;
; niosii:inst13|niosii_onchip_memory2_0:onchip_memory2_0|altsyncram:the_altsyncram|altsyncram_6aj1:auto_generated|decode_8la:decode3|w_anode1095w[2]                                                                                                                                                                                                              ; LABCELL_X57_Y8_N21         ; 32      ; Write enable                                       ; no     ; --                   ; --               ; --                        ;
; niosii:inst13|niosii_onchip_memory2_0:onchip_memory2_0|altsyncram:the_altsyncram|altsyncram_6aj1:auto_generated|decode_8la:decode3|w_anode1103w[2]                                                                                                                                                                                                              ; LABCELL_X57_Y8_N30         ; 32      ; Write enable                                       ; no     ; --                   ; --               ; --                        ;
; niosii:inst13|niosii_pio_0:pio_0|always0~1                                                                                                                                                                                                                                                                                                                      ; LABCELL_X51_Y13_N51        ; 11      ; Clock enable                                       ; no     ; --                   ; --               ; --                        ;
; niosii:inst13|niosii_rst_controller:rst_controller|altera_reset_controller:rst_controller|altera_reset_synchronizer:alt_rst_sync_uq1|altera_reset_synchronizer_int_chain_out                                                                                                                                                                                    ; FF_X57_Y14_N50             ; 325     ; Async. clear                                       ; no     ; --                   ; --               ; --                        ;
; niosii:inst13|niosii_rst_controller_001:rst_controller_001|altera_reset_controller:rst_controller_001|merged_reset~0                                                                                                                                                                                                                                            ; MLABCELL_X39_Y6_N12        ; 3       ; Async. clear                                       ; no     ; --                   ; --               ; --                        ;
; niosii:inst13|niosii_rst_controller_001:rst_controller_001|altera_reset_controller:rst_controller_001|r_early_rst                                                                                                                                                                                                                                               ; FF_X39_Y6_N53              ; 132     ; Clock enable                                       ; no     ; --                   ; --               ; --                        ;
; niosii:inst13|niosii_rst_controller_001:rst_controller_001|altera_reset_controller:rst_controller_001|r_sync_rst                                                                                                                                                                                                                                                ; FF_X39_Y6_N38              ; 184     ; Async. clear                                       ; no     ; --                   ; --               ; --                        ;
; niosii:inst13|niosii_timer_0:timer_0|always0~0                                                                                                                                                                                                                                                                                                                  ; MLABCELL_X52_Y12_N45       ; 34      ; Sync. load                                         ; no     ; --                   ; --               ; --                        ;
; niosii:inst13|niosii_timer_0:timer_0|always0~1                                                                                                                                                                                                                                                                                                                  ; MLABCELL_X52_Y12_N42       ; 41      ; Clock enable                                       ; no     ; --                   ; --               ; --                        ;
; niosii:inst13|niosii_timer_0:timer_0|control_wr_strobe                                                                                                                                                                                                                                                                                                          ; MLABCELL_X52_Y12_N6        ; 5       ; Clock enable                                       ; no     ; --                   ; --               ; --                        ;
; niosii:inst13|niosii_timer_0:timer_0|period_h_wr_strobe                                                                                                                                                                                                                                                                                                         ; LABCELL_X53_Y12_N3         ; 17      ; Clock enable                                       ; no     ; --                   ; --               ; --                        ;
; niosii:inst13|niosii_timer_0:timer_0|period_l_wr_strobe                                                                                                                                                                                                                                                                                                         ; LABCELL_X53_Y12_N57        ; 16      ; Clock enable                                       ; no     ; --                   ; --               ; --                        ;
; niosii:inst13|niosii_timer_0:timer_0|snap_strobe~0                                                                                                                                                                                                                                                                                                              ; LABCELL_X53_Y12_N9         ; 32      ; Clock enable                                       ; no     ; --                   ; --               ; --                        ;
; pll2:inst11|pll2_0002:pll2_inst|altera_pll:altera_pll_i|outclk_wire[0]                                                                                                                                                                                                                                                                                          ; PLLOUTPUTCOUNTER_X0_Y19_N1 ; 88      ; Clock                                              ; yes    ; Global Clock         ; GCLK4            ; --                        ;
; pll:inst2|pll_0002:pll_inst|altera_pll:altera_pll_i|locked_wire[0]                                                                                                                                                                                                                                                                                              ; FRACTIONALPLL_X0_Y15_N0    ; 25      ; Async. clear                                       ; no     ; --                   ; --               ; --                        ;
; pll:inst2|pll_0002:pll_inst|altera_pll:altera_pll_i|outclk_wire[0]                                                                                                                                                                                                                                                                                              ; PLLOUTPUTCOUNTER_X0_Y20_N1 ; 378     ; Clock                                              ; yes    ; Global Clock         ; GCLK7            ; --                        ;
; pzdyqx:nabboc|pzdyqx_impl:pzdyqx_impl_inst|GHVD5181:\stratixiii_BITP7563_gen_0:stratixiii_BITP7563_gen_1|BITP7563_0                                                                                                                                                                                                                                             ; MLABCELL_X8_Y2_N6          ; 19      ; Clock                                              ; no     ; --                   ; --               ; --                        ;
; pzdyqx:nabboc|pzdyqx_impl:pzdyqx_impl_inst|GHVD5181:\stratixiii_BITP7563_gen_0:stratixiii_BITP7563_gen_1|JEQQ5299_0                                                                                                                                                                                                                                             ; FF_X37_Y8_N32              ; 2       ; Clock                                              ; no     ; --                   ; --               ; --                        ;
; pzdyqx:nabboc|pzdyqx_impl:pzdyqx_impl_inst|GHVD5181:\stratixiii_BITP7563_gen_0:stratixiii_BITP7563_gen_1|JEQQ5299_1                                                                                                                                                                                                                                             ; FF_X36_Y9_N56              ; 2       ; Clock                                              ; no     ; --                   ; --               ; --                        ;
; pzdyqx:nabboc|pzdyqx_impl:pzdyqx_impl_inst|GHVD5181:\stratixiii_BITP7563_gen_0:stratixiii_BITP7563_gen_1|JEQQ5299_2                                                                                                                                                                                                                                             ; FF_X36_Y9_N26              ; 2       ; Clock                                              ; no     ; --                   ; --               ; --                        ;
; pzdyqx:nabboc|pzdyqx_impl:pzdyqx_impl_inst|GHVD5181:\stratixiii_BITP7563_gen_0:stratixiii_BITP7563_gen_1|JEQQ5299_3                                                                                                                                                                                                                                             ; FF_X35_Y9_N5               ; 2       ; Clock                                              ; no     ; --                   ; --               ; --                        ;
; pzdyqx:nabboc|pzdyqx_impl:pzdyqx_impl_inst|GHVD5181:\stratixiii_BITP7563_gen_0:stratixiii_BITP7563_gen_1|JEQQ5299_4                                                                                                                                                                                                                                             ; FF_X37_Y9_N8               ; 2       ; Clock                                              ; no     ; --                   ; --               ; --                        ;
; pzdyqx:nabboc|pzdyqx_impl:pzdyqx_impl_inst|GHVD5181:\stratixiii_BITP7563_gen_0:stratixiii_BITP7563_gen_1|JEQQ5299_5                                                                                                                                                                                                                                             ; FF_X37_Y9_N50              ; 2       ; Clock                                              ; no     ; --                   ; --               ; --                        ;
; pzdyqx:nabboc|pzdyqx_impl:pzdyqx_impl_inst|GHVD5181:\stratixiii_BITP7563_gen_0:stratixiii_BITP7563_gen_1|JEQQ5299_6                                                                                                                                                                                                                                             ; FF_X37_Y8_N14              ; 2       ; Clock                                              ; no     ; --                   ; --               ; --                        ;
; pzdyqx:nabboc|pzdyqx_impl:pzdyqx_impl_inst|GHVD5181:\stratixiii_BITP7563_gen_0:stratixiii_BITP7563_gen_1|JEQQ5299_7                                                                                                                                                                                                                                             ; FF_X40_Y8_N17              ; 22      ; Clock                                              ; no     ; --                   ; --               ; --                        ;
; pzdyqx:nabboc|pzdyqx_impl:pzdyqx_impl_inst|GHVD5181:\stratixiii_BITP7563_gen_0:stratixiii_BITP7563_gen_1|LQYT7093:MBPH5020|BMIN0175[0]                                                                                                                                                                                                                          ; FF_X39_Y8_N32              ; 20      ; Sync. clear                                        ; no     ; --                   ; --               ; --                        ;
; pzdyqx:nabboc|pzdyqx_impl:pzdyqx_impl_inst|GHVD5181:\stratixiii_BITP7563_gen_0:stratixiii_BITP7563_gen_1|\BWHK8171:14:QXXQ6833_1                                                                                                                                                                                                                                ; LABCELL_X37_Y9_N21         ; 2       ; Clock                                              ; no     ; --                   ; --               ; --                        ;
; pzdyqx:nabboc|pzdyqx_impl:pzdyqx_impl_inst|PUDL0439:ESUL0435|JAQF4326~0                                                                                                                                                                                                                                                                                         ; MLABCELL_X8_Y2_N27         ; 10      ; Async. clear                                       ; no     ; --                   ; --               ; --                        ;
; pzdyqx:nabboc|pzdyqx_impl:pzdyqx_impl_inst|PUDL0439:ESUL0435|LCFH1028[0]~0                                                                                                                                                                                                                                                                                      ; LABCELL_X11_Y2_N21         ; 6       ; Clock enable                                       ; no     ; --                   ; --               ; --                        ;
; pzdyqx:nabboc|pzdyqx_impl:pzdyqx_impl_inst|SQHZ7915_2                                                                                                                                                                                                                                                                                                           ; FF_X8_Y2_N49               ; 2       ; Async. clear                                       ; no     ; --                   ; --               ; --                        ;
; pzdyqx:nabboc|pzdyqx_impl:pzdyqx_impl_inst|VKSG2550[0]                                                                                                                                                                                                                                                                                                          ; FF_X8_Y2_N5                ; 14      ; Clock enable                                       ; no     ; --                   ; --               ; --                        ;
; pzdyqx:nabboc|pzdyqx_impl:pzdyqx_impl_inst|comb~0                                                                                                                                                                                                                                                                                                               ; LABCELL_X11_Y2_N18         ; 4       ; Clock enable                                       ; no     ; --                   ; --               ; --                        ;
; pzdyqx:nabboc|pzdyqx_impl:pzdyqx_impl_inst|dr_scan                                                                                                                                                                                                                                                                                                              ; LABCELL_X11_Y2_N24         ; 1       ; Async. clear                                       ; no     ; --                   ; --               ; --                        ;
; pzdyqx:nabboc|pzdyqx_impl:pzdyqx_impl_inst|process_0~0                                                                                                                                                                                                                                                                                                          ; MLABCELL_X8_Y2_N48         ; 4       ; Async. clear                                       ; no     ; --                   ; --               ; --                        ;
; pzdyqx:nabboc|pzdyqx_impl:pzdyqx_impl_inst|process_0~1                                                                                                                                                                                                                                                                                                          ; MLABCELL_X8_Y2_N51         ; 4       ; Clock enable                                       ; no     ; --                   ; --               ; --                        ;
; pzdyqx:nabboc|pzdyqx_impl:pzdyqx_impl_inst|sdr                                                                                                                                                                                                                                                                                                                  ; MLABCELL_X8_Y2_N45         ; 12      ; Sync. load                                         ; no     ; --                   ; --               ; --                        ;
; ram_affichage:inst7|altsyncram:altsyncram_component|altsyncram_6uu3:auto_generated|decode_3na:decode2|w_anode4460w[3]                                                                                                                                                                                                                                           ; LABCELL_X37_Y36_N36        ; 9       ; Clock enable, Write enable                         ; no     ; --                   ; --               ; --                        ;
; ram_affichage:inst7|altsyncram:altsyncram_component|altsyncram_6uu3:auto_generated|decode_3na:decode2|w_anode4477w[3]                                                                                                                                                                                                                                           ; LABCELL_X37_Y36_N48        ; 9       ; Clock enable, Write enable                         ; no     ; --                   ; --               ; --                        ;
; ram_affichage:inst7|altsyncram:altsyncram_component|altsyncram_6uu3:auto_generated|decode_3na:decode2|w_anode4487w[3]                                                                                                                                                                                                                                           ; LABCELL_X37_Y36_N39        ; 9       ; Clock enable, Write enable                         ; no     ; --                   ; --               ; --                        ;
; ram_affichage:inst7|altsyncram:altsyncram_component|altsyncram_6uu3:auto_generated|decode_3na:decode2|w_anode4497w[3]                                                                                                                                                                                                                                           ; LABCELL_X37_Y24_N30        ; 9       ; Clock enable, Write enable                         ; no     ; --                   ; --               ; --                        ;
; ram_affichage:inst7|altsyncram:altsyncram_component|altsyncram_6uu3:auto_generated|decode_3na:decode2|w_anode4507w[3]                                                                                                                                                                                                                                           ; MLABCELL_X39_Y24_N27       ; 9       ; Clock enable, Write enable                         ; no     ; --                   ; --               ; --                        ;
; ram_affichage:inst7|altsyncram:altsyncram_component|altsyncram_6uu3:auto_generated|decode_3na:decode2|w_anode4517w[3]                                                                                                                                                                                                                                           ; LABCELL_X37_Y36_N54        ; 9       ; Clock enable, Write enable                         ; no     ; --                   ; --               ; --                        ;
; ram_affichage:inst7|altsyncram:altsyncram_component|altsyncram_6uu3:auto_generated|decode_3na:decode2|w_anode4527w[3]                                                                                                                                                                                                                                           ; LABCELL_X37_Y36_N15        ; 9       ; Clock enable, Write enable                         ; no     ; --                   ; --               ; --                        ;
; ram_affichage:inst7|altsyncram:altsyncram_component|altsyncram_6uu3:auto_generated|decode_3na:decode2|w_anode4537w[3]                                                                                                                                                                                                                                           ; LABCELL_X37_Y36_N57        ; 9       ; Clock enable, Write enable                         ; no     ; --                   ; --               ; --                        ;
; ram_affichage:inst7|altsyncram:altsyncram_component|altsyncram_6uu3:auto_generated|decode_3na:decode2|w_anode4560w[3]                                                                                                                                                                                                                                           ; LABCELL_X37_Y36_N18        ; 9       ; Clock enable, Write enable                         ; no     ; --                   ; --               ; --                        ;
; ram_affichage:inst7|altsyncram:altsyncram_component|altsyncram_6uu3:auto_generated|decode_3na:decode2|w_anode4571w[3]                                                                                                                                                                                                                                           ; LABCELL_X37_Y24_N9         ; 9       ; Clock enable, Write enable                         ; no     ; --                   ; --               ; --                        ;
; ram_affichage:inst7|altsyncram:altsyncram_component|altsyncram_6uu3:auto_generated|decode_3na:decode2|w_anode4581w[3]                                                                                                                                                                                                                                           ; LABCELL_X37_Y36_N12        ; 9       ; Clock enable, Write enable                         ; no     ; --                   ; --               ; --                        ;
; ram_affichage:inst7|altsyncram:altsyncram_component|altsyncram_6uu3:auto_generated|decode_3na:decode2|w_anode4591w[3]                                                                                                                                                                                                                                           ; LABCELL_X37_Y36_N42        ; 9       ; Clock enable, Write enable                         ; no     ; --                   ; --               ; --                        ;
; ram_affichage:inst7|altsyncram:altsyncram_component|altsyncram_6uu3:auto_generated|decode_3na:decode2|w_anode4601w[3]                                                                                                                                                                                                                                           ; LABCELL_X37_Y36_N21        ; 9       ; Clock enable, Write enable                         ; no     ; --                   ; --               ; --                        ;
; ram_affichage:inst7|altsyncram:altsyncram_component|altsyncram_6uu3:auto_generated|decode_3na:decode2|w_anode4611w[3]                                                                                                                                                                                                                                           ; LABCELL_X37_Y36_N51        ; 9       ; Clock enable, Write enable                         ; no     ; --                   ; --               ; --                        ;
; ram_affichage:inst7|altsyncram:altsyncram_component|altsyncram_6uu3:auto_generated|decode_3na:decode2|w_anode4621w[3]                                                                                                                                                                                                                                           ; LABCELL_X37_Y24_N24        ; 9       ; Clock enable, Write enable                         ; no     ; --                   ; --               ; --                        ;
; ram_affichage:inst7|altsyncram:altsyncram_component|altsyncram_6uu3:auto_generated|decode_3na:decode2|w_anode4631w[3]                                                                                                                                                                                                                                           ; LABCELL_X37_Y36_N45        ; 9       ; Clock enable, Write enable                         ; no     ; --                   ; --               ; --                        ;
; ram_affichage:inst7|altsyncram:altsyncram_component|altsyncram_6uu3:auto_generated|decode_3na:decode2|w_anode4653w[3]                                                                                                                                                                                                                                           ; LABCELL_X37_Y36_N3         ; 9       ; Clock enable, Write enable                         ; no     ; --                   ; --               ; --                        ;
; ram_affichage:inst7|altsyncram:altsyncram_component|altsyncram_6uu3:auto_generated|decode_3na:decode2|w_anode4664w[3]                                                                                                                                                                                                                                           ; LABCELL_X37_Y36_N33        ; 9       ; Clock enable, Write enable                         ; no     ; --                   ; --               ; --                        ;
; ram_affichage:inst7|altsyncram:altsyncram_component|altsyncram_6uu3:auto_generated|decode_3na:decode2|w_anode4674w[3]                                                                                                                                                                                                                                           ; LABCELL_X37_Y36_N9         ; 9       ; Clock enable, Write enable                         ; no     ; --                   ; --               ; --                        ;
; ram_affichage:inst7|altsyncram:altsyncram_component|altsyncram_6uu3:auto_generated|decode_3na:decode2|w_anode4684w[3]                                                                                                                                                                                                                                           ; LABCELL_X37_Y36_N6         ; 9       ; Clock enable, Write enable                         ; no     ; --                   ; --               ; --                        ;
; ram_affichage:inst7|altsyncram:altsyncram_component|altsyncram_6uu3:auto_generated|decode_3na:decode2|w_anode4694w[3]                                                                                                                                                                                                                                           ; LABCELL_X37_Y36_N30        ; 9       ; Clock enable, Write enable                         ; no     ; --                   ; --               ; --                        ;
; ram_affichage:inst7|altsyncram:altsyncram_component|altsyncram_6uu3:auto_generated|decode_3na:decode2|w_anode4704w[3]                                                                                                                                                                                                                                           ; LABCELL_X37_Y36_N27        ; 9       ; Clock enable, Write enable                         ; no     ; --                   ; --               ; --                        ;
; ram_affichage:inst7|altsyncram:altsyncram_component|altsyncram_6uu3:auto_generated|decode_3na:decode2|w_anode4714w[3]                                                                                                                                                                                                                                           ; LABCELL_X37_Y36_N24        ; 9       ; Clock enable, Write enable                         ; no     ; --                   ; --               ; --                        ;
; ram_affichage:inst7|altsyncram:altsyncram_component|altsyncram_6uu3:auto_generated|decode_3na:decode2|w_anode4724w[3]                                                                                                                                                                                                                                           ; LABCELL_X37_Y36_N0         ; 9       ; Clock enable, Write enable                         ; no     ; --                   ; --               ; --                        ;
; ram_affichage:inst7|altsyncram:altsyncram_component|altsyncram_6uu3:auto_generated|decode_3na:decode2|w_anode4746w[3]                                                                                                                                                                                                                                           ; MLABCELL_X39_Y24_N33       ; 9       ; Clock enable, Write enable                         ; no     ; --                   ; --               ; --                        ;
; ram_affichage:inst7|altsyncram:altsyncram_component|altsyncram_6uu3:auto_generated|decode_3na:decode2|w_anode4757w[3]                                                                                                                                                                                                                                           ; MLABCELL_X39_Y24_N42       ; 9       ; Clock enable, Write enable                         ; no     ; --                   ; --               ; --                        ;
; ram_affichage:inst7|altsyncram:altsyncram_component|altsyncram_6uu3:auto_generated|decode_3na:decode2|w_anode4767w[3]                                                                                                                                                                                                                                           ; MLABCELL_X39_Y24_N51       ; 9       ; Clock enable, Write enable                         ; no     ; --                   ; --               ; --                        ;
; ram_affichage:inst7|altsyncram:altsyncram_component|altsyncram_6uu3:auto_generated|decode_3na:decode2|w_anode4777w[3]                                                                                                                                                                                                                                           ; MLABCELL_X39_Y24_N3        ; 9       ; Clock enable, Write enable                         ; no     ; --                   ; --               ; --                        ;
; ram_affichage:inst7|altsyncram:altsyncram_component|altsyncram_6uu3:auto_generated|decode_3na:decode2|w_anode4787w[3]                                                                                                                                                                                                                                           ; MLABCELL_X39_Y24_N48       ; 9       ; Clock enable, Write enable                         ; no     ; --                   ; --               ; --                        ;
; ram_affichage:inst7|altsyncram:altsyncram_component|altsyncram_6uu3:auto_generated|decode_3na:decode2|w_anode4797w[3]                                                                                                                                                                                                                                           ; MLABCELL_X39_Y24_N45       ; 9       ; Clock enable, Write enable                         ; no     ; --                   ; --               ; --                        ;
; ram_affichage:inst7|altsyncram:altsyncram_component|altsyncram_6uu3:auto_generated|decode_3na:decode2|w_anode4807w[3]                                                                                                                                                                                                                                           ; MLABCELL_X39_Y24_N0        ; 9       ; Clock enable, Write enable                         ; no     ; --                   ; --               ; --                        ;
; ram_affichage:inst7|altsyncram:altsyncram_component|altsyncram_6uu3:auto_generated|decode_3na:decode2|w_anode4817w[3]                                                                                                                                                                                                                                           ; MLABCELL_X39_Y24_N30       ; 9       ; Clock enable, Write enable                         ; no     ; --                   ; --               ; --                        ;
; ram_affichage:inst7|altsyncram:altsyncram_component|altsyncram_6uu3:auto_generated|decode_3na:decode2|w_anode4839w[3]                                                                                                                                                                                                                                           ; MLABCELL_X39_Y24_N57       ; 9       ; Clock enable, Write enable                         ; no     ; --                   ; --               ; --                        ;
; ram_affichage:inst7|altsyncram:altsyncram_component|altsyncram_6uu3:auto_generated|decode_3na:decode2|w_anode4850w[3]                                                                                                                                                                                                                                           ; MLABCELL_X39_Y24_N6        ; 9       ; Clock enable, Write enable                         ; no     ; --                   ; --               ; --                        ;
; ram_affichage:inst7|altsyncram:altsyncram_component|altsyncram_6uu3:auto_generated|decode_3na:decode2|w_anode4860w[3]                                                                                                                                                                                                                                           ; MLABCELL_X39_Y24_N21       ; 9       ; Clock enable, Write enable                         ; no     ; --                   ; --               ; --                        ;
; ram_affichage:inst7|altsyncram:altsyncram_component|altsyncram_6uu3:auto_generated|decode_3na:decode2|w_anode4870w[3]                                                                                                                                                                                                                                           ; MLABCELL_X39_Y24_N54       ; 9       ; Clock enable, Write enable                         ; no     ; --                   ; --               ; --                        ;
; ram_affichage:inst7|altsyncram:altsyncram_component|altsyncram_6uu3:auto_generated|decode_3na:decode2|w_anode4880w[3]                                                                                                                                                                                                                                           ; MLABCELL_X39_Y24_N24       ; 9       ; Clock enable, Write enable                         ; no     ; --                   ; --               ; --                        ;
; ram_affichage:inst7|altsyncram:altsyncram_component|altsyncram_6uu3:auto_generated|decode_3na:decode2|w_anode4890w[3]                                                                                                                                                                                                                                           ; MLABCELL_X39_Y24_N9        ; 5       ; Clock enable, Write enable                         ; no     ; --                   ; --               ; --                        ;
; ram_affichage:inst7|altsyncram:altsyncram_component|altsyncram_6uu3:auto_generated|decode_s2a:rden_decode_b|w_anode5221w[3]                                                                                                                                                                                                                                     ; LABCELL_X37_Y29_N12        ; 9       ; Clock enable                                       ; no     ; --                   ; --               ; --                        ;
; ram_affichage:inst7|altsyncram:altsyncram_component|altsyncram_6uu3:auto_generated|decode_s2a:rden_decode_b|w_anode5238w[3]                                                                                                                                                                                                                                     ; LABCELL_X37_Y35_N15        ; 9       ; Clock enable                                       ; no     ; --                   ; --               ; --                        ;
; ram_affichage:inst7|altsyncram:altsyncram_component|altsyncram_6uu3:auto_generated|decode_s2a:rden_decode_b|w_anode5248w[3]~0                                                                                                                                                                                                                                   ; LABCELL_X37_Y35_N36        ; 9       ; Clock enable                                       ; no     ; --                   ; --               ; --                        ;
; ram_affichage:inst7|altsyncram:altsyncram_component|altsyncram_6uu3:auto_generated|decode_s2a:rden_decode_b|w_anode5258w[3]                                                                                                                                                                                                                                     ; LABCELL_X37_Y35_N21        ; 9       ; Clock enable                                       ; no     ; --                   ; --               ; --                        ;
; ram_affichage:inst7|altsyncram:altsyncram_component|altsyncram_6uu3:auto_generated|decode_s2a:rden_decode_b|w_anode5268w[3]~0                                                                                                                                                                                                                                   ; LABCELL_X37_Y29_N27        ; 9       ; Clock enable                                       ; no     ; --                   ; --               ; --                        ;
; ram_affichage:inst7|altsyncram:altsyncram_component|altsyncram_6uu3:auto_generated|decode_s2a:rden_decode_b|w_anode5278w[3]                                                                                                                                                                                                                                     ; LABCELL_X37_Y35_N42        ; 9       ; Clock enable                                       ; no     ; --                   ; --               ; --                        ;
; ram_affichage:inst7|altsyncram:altsyncram_component|altsyncram_6uu3:auto_generated|decode_s2a:rden_decode_b|w_anode5288w[3]~0                                                                                                                                                                                                                                   ; LABCELL_X37_Y35_N45        ; 9       ; Clock enable                                       ; no     ; --                   ; --               ; --                        ;
; ram_affichage:inst7|altsyncram:altsyncram_component|altsyncram_6uu3:auto_generated|decode_s2a:rden_decode_b|w_anode5298w[3]                                                                                                                                                                                                                                     ; LABCELL_X37_Y29_N36        ; 9       ; Clock enable                                       ; no     ; --                   ; --               ; --                        ;
; ram_affichage:inst7|altsyncram:altsyncram_component|altsyncram_6uu3:auto_generated|decode_s2a:rden_decode_b|w_anode5322w[3]                                                                                                                                                                                                                                     ; LABCELL_X37_Y35_N12        ; 9       ; Clock enable                                       ; no     ; --                   ; --               ; --                        ;
; ram_affichage:inst7|altsyncram:altsyncram_component|altsyncram_6uu3:auto_generated|decode_s2a:rden_decode_b|w_anode5333w[3]                                                                                                                                                                                                                                     ; LABCELL_X37_Y29_N9         ; 9       ; Clock enable                                       ; no     ; --                   ; --               ; --                        ;
; ram_affichage:inst7|altsyncram:altsyncram_component|altsyncram_6uu3:auto_generated|decode_s2a:rden_decode_b|w_anode5343w[3]                                                                                                                                                                                                                                     ; LABCELL_X37_Y29_N57        ; 9       ; Clock enable                                       ; no     ; --                   ; --               ; --                        ;
; ram_affichage:inst7|altsyncram:altsyncram_component|altsyncram_6uu3:auto_generated|decode_s2a:rden_decode_b|w_anode5353w[3]                                                                                                                                                                                                                                     ; LABCELL_X37_Y29_N39        ; 9       ; Clock enable                                       ; no     ; --                   ; --               ; --                        ;
; ram_affichage:inst7|altsyncram:altsyncram_component|altsyncram_6uu3:auto_generated|decode_s2a:rden_decode_b|w_anode5363w[3]                                                                                                                                                                                                                                     ; LABCELL_X37_Y29_N54        ; 9       ; Clock enable                                       ; no     ; --                   ; --               ; --                        ;
; ram_affichage:inst7|altsyncram:altsyncram_component|altsyncram_6uu3:auto_generated|decode_s2a:rden_decode_b|w_anode5373w[3]                                                                                                                                                                                                                                     ; LABCELL_X37_Y29_N0         ; 9       ; Clock enable                                       ; no     ; --                   ; --               ; --                        ;
; ram_affichage:inst7|altsyncram:altsyncram_component|altsyncram_6uu3:auto_generated|decode_s2a:rden_decode_b|w_anode5383w[3]                                                                                                                                                                                                                                     ; LABCELL_X33_Y27_N36        ; 9       ; Clock enable                                       ; no     ; --                   ; --               ; --                        ;
; ram_affichage:inst7|altsyncram:altsyncram_component|altsyncram_6uu3:auto_generated|decode_s2a:rden_decode_b|w_anode5393w[3]                                                                                                                                                                                                                                     ; LABCELL_X37_Y35_N48        ; 9       ; Clock enable                                       ; no     ; --                   ; --               ; --                        ;
; ram_affichage:inst7|altsyncram:altsyncram_component|altsyncram_6uu3:auto_generated|decode_s2a:rden_decode_b|w_anode5416w[3]                                                                                                                                                                                                                                     ; LABCELL_X37_Y35_N39        ; 9       ; Clock enable                                       ; no     ; --                   ; --               ; --                        ;
; ram_affichage:inst7|altsyncram:altsyncram_component|altsyncram_6uu3:auto_generated|decode_s2a:rden_decode_b|w_anode5427w[3]                                                                                                                                                                                                                                     ; LABCELL_X37_Y29_N18        ; 9       ; Clock enable                                       ; no     ; --                   ; --               ; --                        ;
; ram_affichage:inst7|altsyncram:altsyncram_component|altsyncram_6uu3:auto_generated|decode_s2a:rden_decode_b|w_anode5437w[3]                                                                                                                                                                                                                                     ; LABCELL_X37_Y35_N18        ; 9       ; Clock enable                                       ; no     ; --                   ; --               ; --                        ;
; ram_affichage:inst7|altsyncram:altsyncram_component|altsyncram_6uu3:auto_generated|decode_s2a:rden_decode_b|w_anode5447w[3]                                                                                                                                                                                                                                     ; LABCELL_X37_Y35_N33        ; 9       ; Clock enable                                       ; no     ; --                   ; --               ; --                        ;
; ram_affichage:inst7|altsyncram:altsyncram_component|altsyncram_6uu3:auto_generated|decode_s2a:rden_decode_b|w_anode5457w[3]                                                                                                                                                                                                                                     ; LABCELL_X37_Y35_N9         ; 9       ; Clock enable                                       ; no     ; --                   ; --               ; --                        ;
; ram_affichage:inst7|altsyncram:altsyncram_component|altsyncram_6uu3:auto_generated|decode_s2a:rden_decode_b|w_anode5467w[3]                                                                                                                                                                                                                                     ; LABCELL_X37_Y35_N54        ; 9       ; Clock enable                                       ; no     ; --                   ; --               ; --                        ;
; ram_affichage:inst7|altsyncram:altsyncram_component|altsyncram_6uu3:auto_generated|decode_s2a:rden_decode_b|w_anode5477w[3]                                                                                                                                                                                                                                     ; LABCELL_X37_Y35_N27        ; 9       ; Clock enable                                       ; no     ; --                   ; --               ; --                        ;
; ram_affichage:inst7|altsyncram:altsyncram_component|altsyncram_6uu3:auto_generated|decode_s2a:rden_decode_b|w_anode5487w[3]                                                                                                                                                                                                                                     ; LABCELL_X37_Y35_N3         ; 9       ; Clock enable                                       ; no     ; --                   ; --               ; --                        ;
; ram_affichage:inst7|altsyncram:altsyncram_component|altsyncram_6uu3:auto_generated|decode_s2a:rden_decode_b|w_anode5510w[3]                                                                                                                                                                                                                                     ; LABCELL_X37_Y35_N6         ; 9       ; Clock enable                                       ; no     ; --                   ; --               ; --                        ;
; ram_affichage:inst7|altsyncram:altsyncram_component|altsyncram_6uu3:auto_generated|decode_s2a:rden_decode_b|w_anode5521w[3]                                                                                                                                                                                                                                     ; LABCELL_X37_Y35_N57        ; 9       ; Clock enable                                       ; no     ; --                   ; --               ; --                        ;
; ram_affichage:inst7|altsyncram:altsyncram_component|altsyncram_6uu3:auto_generated|decode_s2a:rden_decode_b|w_anode5531w[3]                                                                                                                                                                                                                                     ; LABCELL_X37_Y35_N30        ; 9       ; Clock enable                                       ; no     ; --                   ; --               ; --                        ;
; ram_affichage:inst7|altsyncram:altsyncram_component|altsyncram_6uu3:auto_generated|decode_s2a:rden_decode_b|w_anode5541w[3]                                                                                                                                                                                                                                     ; LABCELL_X37_Y35_N51        ; 9       ; Clock enable                                       ; no     ; --                   ; --               ; --                        ;
; ram_affichage:inst7|altsyncram:altsyncram_component|altsyncram_6uu3:auto_generated|decode_s2a:rden_decode_b|w_anode5551w[3]                                                                                                                                                                                                                                     ; LABCELL_X37_Y35_N24        ; 9       ; Clock enable                                       ; no     ; --                   ; --               ; --                        ;
; ram_affichage:inst7|altsyncram:altsyncram_component|altsyncram_6uu3:auto_generated|decode_s2a:rden_decode_b|w_anode5561w[3]                                                                                                                                                                                                                                     ; LABCELL_X37_Y35_N0         ; 9       ; Clock enable                                       ; no     ; --                   ; --               ; --                        ;
; ram_affichage:inst7|altsyncram:altsyncram_component|altsyncram_6uu3:auto_generated|decode_s2a:rden_decode_b|w_anode5571w[3]                                                                                                                                                                                                                                     ; LABCELL_X37_Y29_N48        ; 9       ; Clock enable                                       ; no     ; --                   ; --               ; --                        ;
; ram_affichage:inst7|altsyncram:altsyncram_component|altsyncram_6uu3:auto_generated|decode_s2a:rden_decode_b|w_anode5581w[3]                                                                                                                                                                                                                                     ; LABCELL_X37_Y29_N30        ; 9       ; Clock enable                                       ; no     ; --                   ; --               ; --                        ;
; ram_affichage:inst7|altsyncram:altsyncram_component|altsyncram_6uu3:auto_generated|decode_s2a:rden_decode_b|w_anode5604w[3]                                                                                                                                                                                                                                     ; LABCELL_X37_Y29_N24        ; 9       ; Clock enable                                       ; no     ; --                   ; --               ; --                        ;
; ram_affichage:inst7|altsyncram:altsyncram_component|altsyncram_6uu3:auto_generated|decode_s2a:rden_decode_b|w_anode5615w[3]                                                                                                                                                                                                                                     ; LABCELL_X37_Y29_N6         ; 9       ; Clock enable                                       ; no     ; --                   ; --               ; --                        ;
; ram_affichage:inst7|altsyncram:altsyncram_component|altsyncram_6uu3:auto_generated|decode_s2a:rden_decode_b|w_anode5625w[3]                                                                                                                                                                                                                                     ; LABCELL_X37_Y29_N45        ; 9       ; Clock enable                                       ; no     ; --                   ; --               ; --                        ;
; ram_affichage:inst7|altsyncram:altsyncram_component|altsyncram_6uu3:auto_generated|decode_s2a:rden_decode_b|w_anode5635w[3]                                                                                                                                                                                                                                     ; LABCELL_X33_Y27_N48        ; 9       ; Clock enable                                       ; no     ; --                   ; --               ; --                        ;
; ram_affichage:inst7|altsyncram:altsyncram_component|altsyncram_6uu3:auto_generated|decode_s2a:rden_decode_b|w_anode5645w[3]                                                                                                                                                                                                                                     ; LABCELL_X37_Y29_N42        ; 9       ; Clock enable                                       ; no     ; --                   ; --               ; --                        ;
; ram_affichage:inst7|altsyncram:altsyncram_component|altsyncram_6uu3:auto_generated|decode_s2a:rden_decode_b|w_anode5655w[3]                                                                                                                                                                                                                                     ; LABCELL_X37_Y29_N3         ; 5       ; Clock enable                                       ; no     ; --                   ; --               ; --                        ;
; reset_reset_n                                                                                                                                                                                                                                                                                                                                                   ; PIN_Y24                    ; 5       ; Async. clear                                       ; no     ; --                   ; --               ; --                        ;
; sld_hub:auto_hub|alt_sld_fab:\instrumentation_fabric_with_node_gen:fabric_gen_new_way:instrumentation_fabric|alt_sld_fab_alt_sld_fab:alt_sld_fab|alt_sld_fab_alt_sld_fab_sldfabric:sldfabric|sld_jtag_hub:\jtag_hub_gen:real_sld_jtag_hub|clr_reg                                                                                                               ; FF_X1_Y2_N53               ; 65      ; Async. clear                                       ; no     ; --                   ; --               ; --                        ;
; sld_hub:auto_hub|alt_sld_fab:\instrumentation_fabric_with_node_gen:fabric_gen_new_way:instrumentation_fabric|alt_sld_fab_alt_sld_fab:alt_sld_fab|alt_sld_fab_alt_sld_fab_sldfabric:sldfabric|sld_jtag_hub:\jtag_hub_gen:real_sld_jtag_hub|hub_info_reg_ena                                                                                                      ; LABCELL_X4_Y3_N30          ; 4       ; Clock enable                                       ; no     ; --                   ; --               ; --                        ;
; sld_hub:auto_hub|alt_sld_fab:\instrumentation_fabric_with_node_gen:fabric_gen_new_way:instrumentation_fabric|alt_sld_fab_alt_sld_fab:alt_sld_fab|alt_sld_fab_alt_sld_fab_sldfabric:sldfabric|sld_jtag_hub:\jtag_hub_gen:real_sld_jtag_hub|hub_info_reg_ena~0                                                                                                    ; MLABCELL_X3_Y4_N33         ; 5       ; Clock enable                                       ; no     ; --                   ; --               ; --                        ;
; sld_hub:auto_hub|alt_sld_fab:\instrumentation_fabric_with_node_gen:fabric_gen_new_way:instrumentation_fabric|alt_sld_fab_alt_sld_fab:alt_sld_fab|alt_sld_fab_alt_sld_fab_sldfabric:sldfabric|sld_jtag_hub:\jtag_hub_gen:real_sld_jtag_hub|identity_contrib_shift_reg[0]~0                                                                                       ; LABCELL_X2_Y2_N33          ; 4       ; Clock enable                                       ; no     ; --                   ; --               ; --                        ;
; sld_hub:auto_hub|alt_sld_fab:\instrumentation_fabric_with_node_gen:fabric_gen_new_way:instrumentation_fabric|alt_sld_fab_alt_sld_fab:alt_sld_fab|alt_sld_fab_alt_sld_fab_sldfabric:sldfabric|sld_jtag_hub:\jtag_hub_gen:real_sld_jtag_hub|irf_reg[2][0]~6                                                                                                       ; MLABCELL_X3_Y2_N0          ; 2       ; Clock enable                                       ; no     ; --                   ; --               ; --                        ;
; sld_hub:auto_hub|alt_sld_fab:\instrumentation_fabric_with_node_gen:fabric_gen_new_way:instrumentation_fabric|alt_sld_fab_alt_sld_fab:alt_sld_fab|alt_sld_fab_alt_sld_fab_sldfabric:sldfabric|sld_jtag_hub:\jtag_hub_gen:real_sld_jtag_hub|irf_reg[3][0]~11                                                                                                      ; MLABCELL_X3_Y2_N45         ; 2       ; Clock enable                                       ; no     ; --                   ; --               ; --                        ;
; sld_hub:auto_hub|alt_sld_fab:\instrumentation_fabric_with_node_gen:fabric_gen_new_way:instrumentation_fabric|alt_sld_fab_alt_sld_fab:alt_sld_fab|alt_sld_fab_alt_sld_fab_sldfabric:sldfabric|sld_jtag_hub:\jtag_hub_gen:real_sld_jtag_hub|irsr_reg[1]~2                                                                                                         ; MLABCELL_X6_Y2_N36         ; 5       ; Clock enable                                       ; no     ; --                   ; --               ; --                        ;
; sld_hub:auto_hub|alt_sld_fab:\instrumentation_fabric_with_node_gen:fabric_gen_new_way:instrumentation_fabric|alt_sld_fab_alt_sld_fab:alt_sld_fab|alt_sld_fab_alt_sld_fab_sldfabric:sldfabric|sld_jtag_hub:\jtag_hub_gen:real_sld_jtag_hub|mixer_addr_reg_internal[1]~1                                                                                          ; LABCELL_X2_Y3_N36          ; 6       ; Clock enable                                       ; no     ; --                   ; --               ; --                        ;
; sld_hub:auto_hub|alt_sld_fab:\instrumentation_fabric_with_node_gen:fabric_gen_new_way:instrumentation_fabric|alt_sld_fab_alt_sld_fab:alt_sld_fab|alt_sld_fab_alt_sld_fab_sldfabric:sldfabric|sld_jtag_hub:\jtag_hub_gen:real_sld_jtag_hub|node_ena~2                                                                                                            ; MLABCELL_X3_Y4_N6          ; 3       ; Clock enable                                       ; no     ; --                   ; --               ; --                        ;
; sld_hub:auto_hub|alt_sld_fab:\instrumentation_fabric_with_node_gen:fabric_gen_new_way:instrumentation_fabric|alt_sld_fab_alt_sld_fab:alt_sld_fab|alt_sld_fab_alt_sld_fab_sldfabric:sldfabric|sld_jtag_hub:\jtag_hub_gen:real_sld_jtag_hub|shadow_irf_reg[2][0]~5                                                                                                ; MLABCELL_X3_Y2_N57         ; 2       ; Clock enable                                       ; no     ; --                   ; --               ; --                        ;
; sld_hub:auto_hub|alt_sld_fab:\instrumentation_fabric_with_node_gen:fabric_gen_new_way:instrumentation_fabric|alt_sld_fab_alt_sld_fab:alt_sld_fab|alt_sld_fab_alt_sld_fab_sldfabric:sldfabric|sld_jtag_hub:\jtag_hub_gen:real_sld_jtag_hub|shadow_irf_reg[3][0]~8                                                                                                ; MLABCELL_X3_Y2_N54         ; 2       ; Clock enable                                       ; no     ; --                   ; --               ; --                        ;
; sld_hub:auto_hub|alt_sld_fab:\instrumentation_fabric_with_node_gen:fabric_gen_new_way:instrumentation_fabric|alt_sld_fab_alt_sld_fab:alt_sld_fab|alt_sld_fab_alt_sld_fab_sldfabric:sldfabric|sld_jtag_hub:\jtag_hub_gen:real_sld_jtag_hub|sld_rom_sr:hub_info_reg|WORD_SR[0]~2                                                                                  ; LABCELL_X2_Y3_N24          ; 4       ; Clock enable                                       ; no     ; --                   ; --               ; --                        ;
; sld_hub:auto_hub|alt_sld_fab:\instrumentation_fabric_with_node_gen:fabric_gen_new_way:instrumentation_fabric|alt_sld_fab_alt_sld_fab:alt_sld_fab|alt_sld_fab_alt_sld_fab_sldfabric:sldfabric|sld_jtag_hub:\jtag_hub_gen:real_sld_jtag_hub|sld_rom_sr:hub_info_reg|word_counter[0]~1                                                                             ; LABCELL_X2_Y3_N12          ; 8       ; Clock enable                                       ; no     ; --                   ; --               ; --                        ;
; sld_hub:auto_hub|alt_sld_fab:\instrumentation_fabric_with_node_gen:fabric_gen_new_way:instrumentation_fabric|alt_sld_fab_alt_sld_fab:alt_sld_fab|alt_sld_fab_alt_sld_fab_sldfabric:sldfabric|sld_jtag_hub:\jtag_hub_gen:real_sld_jtag_hub|sld_shadow_jsm:shadow_jsm|state[0]                                                                                    ; FF_X1_Y4_N56               ; 18      ; Async. clear                                       ; no     ; --                   ; --               ; --                        ;
; sld_hub:auto_hub|alt_sld_fab:\instrumentation_fabric_with_node_gen:fabric_gen_new_way:instrumentation_fabric|alt_sld_fab_alt_sld_fab:alt_sld_fab|alt_sld_fab_alt_sld_fab_sldfabric:sldfabric|sld_jtag_hub:\jtag_hub_gen:real_sld_jtag_hub|sld_shadow_jsm:shadow_jsm|state[11]                                                                                   ; FF_X2_Y3_N56               ; 15      ; Clock enable                                       ; no     ; --                   ; --               ; --                        ;
; sld_hub:auto_hub|alt_sld_fab:\instrumentation_fabric_with_node_gen:fabric_gen_new_way:instrumentation_fabric|alt_sld_fab_alt_sld_fab:alt_sld_fab|alt_sld_fab_alt_sld_fab_sldfabric:sldfabric|sld_jtag_hub:\jtag_hub_gen:real_sld_jtag_hub|sld_shadow_jsm:shadow_jsm|state[3]                                                                                    ; FF_X1_Y2_N50               ; 41      ; Sync. load                                         ; no     ; --                   ; --               ; --                        ;
; sld_hub:auto_hub|alt_sld_fab:\instrumentation_fabric_with_node_gen:fabric_gen_new_way:instrumentation_fabric|alt_sld_fab_alt_sld_fab:alt_sld_fab|alt_sld_fab_alt_sld_fab_sldfabric:sldfabric|sld_jtag_hub:\jtag_hub_gen:real_sld_jtag_hub|sld_shadow_jsm:shadow_jsm|state[4]                                                                                    ; FF_X3_Y4_N17               ; 62      ; Sync. clear                                        ; no     ; --                   ; --               ; --                        ;
; sld_hub:auto_hub|alt_sld_fab:\instrumentation_fabric_with_node_gen:fabric_gen_new_way:instrumentation_fabric|alt_sld_fab_alt_sld_fab:alt_sld_fab|alt_sld_fab_alt_sld_fab_sldfabric:sldfabric|sld_jtag_hub:\jtag_hub_gen:real_sld_jtag_hub|sld_shadow_jsm:shadow_jsm|state[8]                                                                                    ; FF_X1_Y2_N32               ; 13      ; Async. clear                                       ; no     ; --                   ; --               ; --                        ;
; sld_hub:auto_hub|alt_sld_fab:\instrumentation_fabric_with_node_gen:fabric_gen_new_way:instrumentation_fabric|alt_sld_fab_alt_sld_fab:alt_sld_fab|alt_sld_fab_alt_sld_fab_sldfabric:sldfabric|sld_jtag_hub:\jtag_hub_gen:real_sld_jtag_hub|virtual_ir_dr_scan_proc~0                                                                                             ; LABCELL_X2_Y4_N24          ; 3       ; Clock enable                                       ; no     ; --                   ; --               ; --                        ;
; sld_hub:auto_hub|alt_sld_fab:\instrumentation_fabric_with_node_gen:fabric_gen_new_way:instrumentation_fabric|alt_sld_fab_alt_sld_fab:alt_sld_fab|alt_sld_fab_alt_sld_fab_sldfabric:sldfabric|sld_jtag_hub:\jtag_hub_gen:real_sld_jtag_hub|virtual_ir_scan_reg                                                                                                   ; FF_X1_Y4_N38               ; 45      ; Async. clear                                       ; no     ; --                   ; --               ; --                        ;
; sld_hub:auto_hub|alt_sld_fab:\instrumentation_fabric_with_node_gen:fabric_gen_new_way:instrumentation_fabric|alt_sld_fab_alt_sld_fab:alt_sld_fab|sldfabric_ident_writedata[0]~0                                                                                                                                                                                 ; LABCELL_X2_Y2_N36          ; 4       ; Clock enable                                       ; no     ; --                   ; --               ; --                        ;
+-----------------------------------------------------------------------------------------------------------------------------------------------------------------------------------------------------------------------------------------------------------------------------------------------------------------------------------------------------------------+----------------------------+---------+----------------------------------------------------+--------+----------------------+------------------+---------------------------+


+-------------------------------------------------------------------------------------------------------------------------------------------------------------------------------------+
; Global & Other Fast Signals                                                                                                                                                         ;
+------------------------------------------------------------------------+----------------------------+---------+----------------------+------------------+---------------------------+
; Name                                                                   ; Location                   ; Fan-Out ; Global Resource Used ; Global Line Name ; Enable Signal Source Name ;
+------------------------------------------------------------------------+----------------------------+---------+----------------------+------------------+---------------------------+
; clk_clk                                                                ; PIN_V11                    ; 2519    ; Global Clock         ; GCLK6            ; --                        ;
; pll2:inst11|pll2_0002:pll2_inst|altera_pll:altera_pll_i|outclk_wire[0] ; PLLOUTPUTCOUNTER_X0_Y19_N1 ; 88      ; Global Clock         ; GCLK4            ; --                        ;
; pll:inst2|pll_0002:pll_inst|altera_pll:altera_pll_i|outclk_wire[0]     ; PLLOUTPUTCOUNTER_X0_Y20_N1 ; 378     ; Global Clock         ; GCLK7            ; --                        ;
+------------------------------------------------------------------------+----------------------------+---------+----------------------+------------------+---------------------------+


+------------------------------------------------------------------------------------------------------------------------+
; Non-Global High Fan-Out Signals                                                                                        ;
+--------------------------------------------------------------------------------------------------------------+---------+
; Name                                                                                                         ; Fan-Out ;
+--------------------------------------------------------------------------------------------------------------+---------+
; niosii:inst13|niosii_nios2_gen2_0:nios2_gen2_0|niosii_nios2_gen2_0_cpu:cpu|hq3myc14108phmpo7y7qmhbp98hy0vq~0 ; 1332    ;
; niosii:inst13|niosii_nios2_gen2_0:nios2_gen2_0|niosii_nios2_gen2_0_cpu:cpu|A_mem_stall                       ; 833     ;
; niosii:inst13|colorimetrie:colorimetrie_0|pixel_value[0]                                                     ; 600     ;
; niosii:inst13|colorimetrie:colorimetrie_0|pixel_value[1]                                                     ; 600     ;
; niosii:inst13|colorimetrie:colorimetrie_0|pixel_value[2]                                                     ; 600     ;
; niosii:inst13|colorimetrie:colorimetrie_0|pixel_value[3]                                                     ; 600     ;
; niosii:inst13|colorimetrie:colorimetrie_0|pixel_value[4]                                                     ; 600     ;
; niosii:inst13|colorimetrie:colorimetrie_0|pixel_value[5]                                                     ; 600     ;
; niosii:inst13|colorimetrie:colorimetrie_0|pixel_value[6]                                                     ; 600     ;
; niosii:inst13|colorimetrie:colorimetrie_0|pixel_value[7]                                                     ; 600     ;
; niosii:inst13|colorimetrie:colorimetrie_0|pixel_value[8]                                                     ; 600     ;
+--------------------------------------------------------------------------------------------------------------+---------+


+----------------------------------------------------------------------------------------------------------------------------------------------------------------------------------------------------------------------------------------------------------------------------------------------------------------------------------------------------------------------------------------------------------------------------------------------------------------------------------------------------------------------------------------------------------------------------------------------------------------------------------------------------------------------------------------------------------------------------------------------------------------------------------------------------------------------------------------------------------------------------------------------------------------------------------------------------------------------------------------------------------------------------------------------------------------------------------------------------------------------------------------------------------------------------------------------------------------------------------------------------------------------------------------------------------------------------------------------------------------------------------------------------------------------------------------------------------------------------------------------------------------------------------------------------------------------------------------------------------------------------------------------------------------------------------------------------------------------------------------------------------------------------------------------------------------------------------------------------------------------------------------------------------------------------------------------------------------------------------------------------------------------------------------------------------------------------------------------------------------------------------------------------------------------------------------------------------------------------------------------------------------------------------------------------------------------------------------------------------------------------------------------------------------------------------------------------------------------------------------------------------------------------------------------------------------------------------------------------------------------------------------------------------------------------------------------------------------------------------------------------------------------------------------------------------------------------------------------------------------------------------------------------------------------------------------------------------------------------------------------------------------------------------------------------------------------------------------------------------------------------------------------------------------------------------------------------------------------------------------------------------------------------------------------------------------------------------------------------------------------------------------------------------------------------------------------------------------------------------------------------------------------------------------------------------------------------------------------------------------------------------------------------------------------------------------------------------------------------------------------------------------------------------------------------------------------------------------------------------------------------------------------------------------------------------------------------------------------------------------------------------------------------------------------------------------------------------------------------------------------------------------------------------------------------------------------------------------------------------------------------------------------------------------------------------------------------------------------------------------------------------------------------------------------------------------------------------------------------------------------------------------------------------------------------------------------------------------------------------------------------------------------------------------------------------------------------------------------------------------------------------------------------------------------------------------------------------------------------------------------------------------------------------------------------------------------------------------------------------------------------------------------------------------------------------------------------------------------------------------------------------------------------------------------------------------------------------------------------------------------------------------------------------------------------------------------------------------------------------------------------------------------------------------------------------------------------------------------------------------------------------------------------------------------------------------------------------------------------------------------------------------------------------------------------------------------------------------------------------------------------------------------------------------------------------------------------------------------------------------------------------------------------------------------------------------------------------------------------------------------------------------------------------------------------------------------------------------------------------------------------------------------------------------------------------------------------------------------------------------------------------------------------------------------------------------------------------------------------------------------------------------------------------------------------------------------------------------------------------------------------------------------------------------------------------------------------------------------------------------------------------------------------------------------------------------------------------------------------------------------------------------------------------------------------------------------------------------------------------------------+
; Fitter RAM Summary                                                                                                                                                                                                                                                                                                                                                                                                                                                                                                                                                                                                                                                                                                                                                                                                                                                                                                                                                                                                                                                                                                                                                                                                                                                                                                                                                                                                                                                                                                                                                                                                                                                                                                                                                                                                                                                                                                                                                                                                                                                                                                                                                                                                                                                                                                                                                                                                                                                                                                                                                                                                                                                                                                                                                                                                                                                                                                                                                                                                                                                                                                                                                                                                                                                                                                                                                                                                                                                                                                                                                                                                                                                                                                                                                                                                                                                                                                                                                                                                                                                                                                                                                                                                                                                                                                                                                                                                                                                                                                                                                                                                                                                                                                                                                                                                                                                                                                                                                                                                                                                                                                                                                                                                                                                                                                                                                                                                                                                                                                                                                                                                                                                                                                                                                                                                                                                                                                                                                                                                                                                                                                                                                                                                                                                                                                                                                                                                                                                                                                                                                                                                                                                                                                                                                                                                                                                   ;
+-----------------------------------------------------------------------------------------------------------------------------------------------------------------------------------------------------------------------------------------------------------------------------------------------------------------------------------------------------------------------------------------+------------+------------------+--------------+--------------+--------------+--------------+--------------+------------------------+-------------------------+------------------------+-------------------------+---------+-----------------------------+-----------------------------+-----------------------------+-----------------------------+---------------------+-------------+------------+-----------------------------+-----------------------------------------------------------------------------------------------------------------------------------------------------------------------------------------------------------------------------------------------------------------------------------------------------------------------------------------------------------------------------------------------------------------------------------------------------------------------------------------------------------------------------------------------------------------------------------------------------------------------------------------------------------------------------------------------------------------------------------------------------------------------------------------------------------------------------------------------------------------------------------------------------------------------------------------------------------------------------------------------------------------------------------------------------------------------------------------------------------------------------------------------------------------------------------------------------------------------------------------------------------------------------------------------------------------------------------------------------------------------------------------------------------------------------------------------------------------------------------------------------------------------------------------------------------------------------------------------------------------------------------------------------------------------------------------------------------------------------------------------------------------------------------------------------------------------------------------------------------------------------------------------------------------------------------------------------------------------------------------------------------------------------------------------------------------------------------------------------------------------------------------------------------------------------------------------------------------------------------------------------------------------------------------------------------------------------------------------------------------------------------------------------------------------------------------------------------------------------------------------------------------------------------------------------------------------------------------------------------------------------------------------------------------------------------------------------------------------------------------------------------------------------------------------------------------------------------------------------------------------------------------------------------------------------------------------------------------------------------------------------------------------------------------------------------------------------------------------------------------------------------------------------------------------------------------------------------------------------------------------------------------------------------------------------------------------------------------------------------------------------------------------------------------------------------------------------------------------------------------------------------------------------------------------------------------------------------------------------------------------------------------------------------------------------------------------------------------------------------------------------------------------------------------------------------------------------------------------------------------------------------------------------------------------------------------------------------------------------------------------------------------------------------------------------------------------------------------------------------------------------------------------------------------------------------------------------------------------------------------------------------------------------------------------------------------------------------------------------------------------------------------------------------------------------------------------------------------------------------------------------------------------------------------------------------------------------------------------------------------------------------------------------------------------------------------------------------------------------------------------------------------------------------------------------------------------------------------------------------------------------------------------------------------------------------------------------------------------------------------------------------------------------------------------------------------------------------------------------------------------------------------------------------------------------------------------------------------------------------------------------------------------------------------------------------------------------------------------------------------------------------------------------------------------------------------------------------------------------------------------------------------------------------------------------------------------------------------------------------------------------------------------------------------------------------------------------------------------------------------------------------------------------------------------------------------------------------------------------------------------------------------------------------+----------------------+-----------------+-----------------+-------------------------------------------------------------------+
; Name                                                                                                                                                                                                                                                                                                                                                                                    ; Type       ; Mode             ; Clock Mode   ; Port A Depth ; Port A Width ; Port B Depth ; Port B Width ; Port A Input Registers ; Port A Output Registers ; Port B Input Registers ; Port B Output Registers ; Size    ; Implementation Port A Depth ; Implementation Port A Width ; Implementation Port B Depth ; Implementation Port B Width ; Implementation Bits ; M10K blocks ; MLAB cells ; MIF                         ; Location                                                                                                                                                                                                                                                                                                                                                                                                                                                                                                                                                                                                                                                                                                                                                                                                                                                                                                                                                                                                                                                                                                                                                                                                                                                                                                                                                                                                                                                                                                                                                                                                                                                                                                                                                                                                                                                                                                                                                                                                                                                                                                                                                                                                                                                                                                                                                                                                                                                                                                                                                                                                                                                                                                                                                                                                                                                                                                                                                                                                                                                                                                                                                                                                                                                                                                                                                                                                                                                                                                                                                                                                                                                                                                                                                                                                                                                                                                                                                                                                                                                                                                                                                                                                                                                                                                                                                                                                                                                                                                                                                                                                                                                                                                                                                                                                                                                                                                                                                                                                                                                                                                                                                                                                                                                                                                                                                                                                                                                                                                                                                                                                                                                                                                                                                                                                                                                                                                  ; Mixed Width RDW Mode ; Port A RDW Mode ; Port B RDW Mode ; Fits in MLABs                                                     ;
+-----------------------------------------------------------------------------------------------------------------------------------------------------------------------------------------------------------------------------------------------------------------------------------------------------------------------------------------------------------------------------------------+------------+------------------+--------------+--------------+--------------+--------------+--------------+------------------------+-------------------------+------------------------+-------------------------+---------+-----------------------------+-----------------------------+-----------------------------+-----------------------------+---------------------+-------------+------------+-----------------------------+-----------------------------------------------------------------------------------------------------------------------------------------------------------------------------------------------------------------------------------------------------------------------------------------------------------------------------------------------------------------------------------------------------------------------------------------------------------------------------------------------------------------------------------------------------------------------------------------------------------------------------------------------------------------------------------------------------------------------------------------------------------------------------------------------------------------------------------------------------------------------------------------------------------------------------------------------------------------------------------------------------------------------------------------------------------------------------------------------------------------------------------------------------------------------------------------------------------------------------------------------------------------------------------------------------------------------------------------------------------------------------------------------------------------------------------------------------------------------------------------------------------------------------------------------------------------------------------------------------------------------------------------------------------------------------------------------------------------------------------------------------------------------------------------------------------------------------------------------------------------------------------------------------------------------------------------------------------------------------------------------------------------------------------------------------------------------------------------------------------------------------------------------------------------------------------------------------------------------------------------------------------------------------------------------------------------------------------------------------------------------------------------------------------------------------------------------------------------------------------------------------------------------------------------------------------------------------------------------------------------------------------------------------------------------------------------------------------------------------------------------------------------------------------------------------------------------------------------------------------------------------------------------------------------------------------------------------------------------------------------------------------------------------------------------------------------------------------------------------------------------------------------------------------------------------------------------------------------------------------------------------------------------------------------------------------------------------------------------------------------------------------------------------------------------------------------------------------------------------------------------------------------------------------------------------------------------------------------------------------------------------------------------------------------------------------------------------------------------------------------------------------------------------------------------------------------------------------------------------------------------------------------------------------------------------------------------------------------------------------------------------------------------------------------------------------------------------------------------------------------------------------------------------------------------------------------------------------------------------------------------------------------------------------------------------------------------------------------------------------------------------------------------------------------------------------------------------------------------------------------------------------------------------------------------------------------------------------------------------------------------------------------------------------------------------------------------------------------------------------------------------------------------------------------------------------------------------------------------------------------------------------------------------------------------------------------------------------------------------------------------------------------------------------------------------------------------------------------------------------------------------------------------------------------------------------------------------------------------------------------------------------------------------------------------------------------------------------------------------------------------------------------------------------------------------------------------------------------------------------------------------------------------------------------------------------------------------------------------------------------------------------------------------------------------------------------------------------------------------------------------------------------------------------------------------------------------------------------------------------------------------------------------------------+----------------------+-----------------+-----------------+-------------------------------------------------------------------+
; niosii:inst13|niosii_jtag_uart_0:jtag_uart_0|niosii_jtag_uart_0_scfifo_r:the_niosii_jtag_uart_0_scfifo_r|scfifo:rfifo|scfifo_3291:auto_generated|a_dpfifo_a891:dpfifo|dpram_7s81:FIFOram|altsyncram_b8s1:altsyncram1|ALTSYNCRAM                                                                                                                                                         ; AUTO       ; Simple Dual Port ; Dual Clocks  ; 64           ; 8            ; 64           ; 8            ; yes                    ; no                      ; yes                    ; no                      ; 512     ; 64                          ; 8                           ; 64                          ; 8                           ; 512                 ; 1           ; 0          ; None                        ; M10K_X38_Y3_N0                                                                                                                                                                                                                                                                                                                                                                                                                                                                                                                                                                                                                                                                                                                                                                                                                                                                                                                                                                                                                                                                                                                                                                                                                                                                                                                                                                                                                                                                                                                                                                                                                                                                                                                                                                                                                                                                                                                                                                                                                                                                                                                                                                                                                                                                                                                                                                                                                                                                                                                                                                                                                                                                                                                                                                                                                                                                                                                                                                                                                                                                                                                                                                                                                                                                                                                                                                                                                                                                                                                                                                                                                                                                                                                                                                                                                                                                                                                                                                                                                                                                                                                                                                                                                                                                                                                                                                                                                                                                                                                                                                                                                                                                                                                                                                                                                                                                                                                                                                                                                                                                                                                                                                                                                                                                                                                                                                                                                                                                                                                                                                                                                                                                                                                                                                                                                                                                                            ; Don't care           ; New data        ; New data        ; No - Latch Type Behaviour                                         ;
; niosii:inst13|niosii_jtag_uart_0:jtag_uart_0|niosii_jtag_uart_0_scfifo_w:the_niosii_jtag_uart_0_scfifo_w|scfifo:wfifo|scfifo_3291:auto_generated|a_dpfifo_a891:dpfifo|dpram_7s81:FIFOram|altsyncram_b8s1:altsyncram1|ALTSYNCRAM                                                                                                                                                         ; AUTO       ; Simple Dual Port ; Dual Clocks  ; 64           ; 8            ; 64           ; 8            ; yes                    ; no                      ; yes                    ; yes                     ; 512     ; 64                          ; 8                           ; 64                          ; 8                           ; 512                 ; 1           ; 0          ; None                        ; M10K_X41_Y7_N0                                                                                                                                                                                                                                                                                                                                                                                                                                                                                                                                                                                                                                                                                                                                                                                                                                                                                                                                                                                                                                                                                                                                                                                                                                                                                                                                                                                                                                                                                                                                                                                                                                                                                                                                                                                                                                                                                                                                                                                                                                                                                                                                                                                                                                                                                                                                                                                                                                                                                                                                                                                                                                                                                                                                                                                                                                                                                                                                                                                                                                                                                                                                                                                                                                                                                                                                                                                                                                                                                                                                                                                                                                                                                                                                                                                                                                                                                                                                                                                                                                                                                                                                                                                                                                                                                                                                                                                                                                                                                                                                                                                                                                                                                                                                                                                                                                                                                                                                                                                                                                                                                                                                                                                                                                                                                                                                                                                                                                                                                                                                                                                                                                                                                                                                                                                                                                                                                            ; Don't care           ; New data        ; New data        ; No - Latch Type Behaviour                                         ;
; niosii:inst13|niosii_nios2_gen2_0:nios2_gen2_0|niosii_nios2_gen2_0_cpu:cpu|niosii_nios2_gen2_0_cpu_bht_module:niosii_nios2_gen2_0_cpu_bht|altsyncram:the_altsyncram|altsyncram_pdj1:auto_generated|ALTSYNCRAM                                                                                                                                                                           ; AUTO       ; Simple Dual Port ; Single Clock ; 256          ; 2            ; 256          ; 2            ; yes                    ; no                      ; yes                    ; yes                     ; 512     ; 256                         ; 2                           ; 256                         ; 2                           ; 512                 ; 1           ; 0          ; None                        ; M10K_X76_Y5_N0                                                                                                                                                                                                                                                                                                                                                                                                                                                                                                                                                                                                                                                                                                                                                                                                                                                                                                                                                                                                                                                                                                                                                                                                                                                                                                                                                                                                                                                                                                                                                                                                                                                                                                                                                                                                                                                                                                                                                                                                                                                                                                                                                                                                                                                                                                                                                                                                                                                                                                                                                                                                                                                                                                                                                                                                                                                                                                                                                                                                                                                                                                                                                                                                                                                                                                                                                                                                                                                                                                                                                                                                                                                                                                                                                                                                                                                                                                                                                                                                                                                                                                                                                                                                                                                                                                                                                                                                                                                                                                                                                                                                                                                                                                                                                                                                                                                                                                                                                                                                                                                                                                                                                                                                                                                                                                                                                                                                                                                                                                                                                                                                                                                                                                                                                                                                                                                                                            ; Old data             ; New data        ; New data        ; No - Unsupported Mixed Feed Through Setting                       ;
; niosii:inst13|niosii_nios2_gen2_0:nios2_gen2_0|niosii_nios2_gen2_0_cpu:cpu|niosii_nios2_gen2_0_cpu_dc_data_module:niosii_nios2_gen2_0_cpu_dc_data|altsyncram:the_altsyncram|altsyncram_4kl1:auto_generated|ALTSYNCRAM                                                                                                                                                                   ; AUTO       ; Simple Dual Port ; Dual Clocks  ; 512          ; 32           ; 512          ; 32           ; yes                    ; no                      ; yes                    ; no                      ; 16384   ; 512                         ; 32                          ; 512                         ; 32                          ; 16384               ; 2           ; 0          ; None                        ; M10K_X69_Y9_N0, M10K_X69_Y10_N0                                                                                                                                                                                                                                                                                                                                                                                                                                                                                                                                                                                                                                                                                                                                                                                                                                                                                                                                                                                                                                                                                                                                                                                                                                                                                                                                                                                                                                                                                                                                                                                                                                                                                                                                                                                                                                                                                                                                                                                                                                                                                                                                                                                                                                                                                                                                                                                                                                                                                                                                                                                                                                                                                                                                                                                                                                                                                                                                                                                                                                                                                                                                                                                                                                                                                                                                                                                                                                                                                                                                                                                                                                                                                                                                                                                                                                                                                                                                                                                                                                                                                                                                                                                                                                                                                                                                                                                                                                                                                                                                                                                                                                                                                                                                                                                                                                                                                                                                                                                                                                                                                                                                                                                                                                                                                                                                                                                                                                                                                                                                                                                                                                                                                                                                                                                                                                                                           ; Don't care           ; New data        ; New data        ; No - Address Too Wide                                             ;
; niosii:inst13|niosii_nios2_gen2_0:nios2_gen2_0|niosii_nios2_gen2_0_cpu:cpu|niosii_nios2_gen2_0_cpu_dc_tag_module:niosii_nios2_gen2_0_cpu_dc_tag|altsyncram:the_altsyncram|altsyncram_3pi1:auto_generated|ALTSYNCRAM                                                                                                                                                                     ; AUTO       ; Simple Dual Port ; Single Clock ; 64           ; 10           ; 64           ; 10           ; yes                    ; no                      ; yes                    ; no                      ; 640     ; 64                          ; 10                          ; 64                          ; 10                          ; 640                 ; 1           ; 0          ; None                        ; M10K_X58_Y8_N0                                                                                                                                                                                                                                                                                                                                                                                                                                                                                                                                                                                                                                                                                                                                                                                                                                                                                                                                                                                                                                                                                                                                                                                                                                                                                                                                                                                                                                                                                                                                                                                                                                                                                                                                                                                                                                                                                                                                                                                                                                                                                                                                                                                                                                                                                                                                                                                                                                                                                                                                                                                                                                                                                                                                                                                                                                                                                                                                                                                                                                                                                                                                                                                                                                                                                                                                                                                                                                                                                                                                                                                                                                                                                                                                                                                                                                                                                                                                                                                                                                                                                                                                                                                                                                                                                                                                                                                                                                                                                                                                                                                                                                                                                                                                                                                                                                                                                                                                                                                                                                                                                                                                                                                                                                                                                                                                                                                                                                                                                                                                                                                                                                                                                                                                                                                                                                                                                            ; Old data             ; New data        ; New data        ; No - Unsupported Mixed Feed Through Setting                       ;
; niosii:inst13|niosii_nios2_gen2_0:nios2_gen2_0|niosii_nios2_gen2_0_cpu:cpu|niosii_nios2_gen2_0_cpu_dc_victim_module:niosii_nios2_gen2_0_cpu_dc_victim|altsyncram:the_altsyncram|altsyncram_baj1:auto_generated|ALTSYNCRAM                                                                                                                                                               ; AUTO       ; Simple Dual Port ; Single Clock ; 8            ; 32           ; 8            ; 32           ; yes                    ; no                      ; yes                    ; no                      ; 256     ; 8                           ; 32                          ; 8                           ; 32                          ; 256                 ; 1           ; 0          ; None                        ; M10K_X69_Y12_N0                                                                                                                                                                                                                                                                                                                                                                                                                                                                                                                                                                                                                                                                                                                                                                                                                                                                                                                                                                                                                                                                                                                                                                                                                                                                                                                                                                                                                                                                                                                                                                                                                                                                                                                                                                                                                                                                                                                                                                                                                                                                                                                                                                                                                                                                                                                                                                                                                                                                                                                                                                                                                                                                                                                                                                                                                                                                                                                                                                                                                                                                                                                                                                                                                                                                                                                                                                                                                                                                                                                                                                                                                                                                                                                                                                                                                                                                                                                                                                                                                                                                                                                                                                                                                                                                                                                                                                                                                                                                                                                                                                                                                                                                                                                                                                                                                                                                                                                                                                                                                                                                                                                                                                                                                                                                                                                                                                                                                                                                                                                                                                                                                                                                                                                                                                                                                                                                                           ; Old data             ; New data        ; New data        ; No - Unsupported Mixed Feed Through Setting                       ;
; niosii:inst13|niosii_nios2_gen2_0:nios2_gen2_0|niosii_nios2_gen2_0_cpu:cpu|niosii_nios2_gen2_0_cpu_ic_data_module:niosii_nios2_gen2_0_cpu_ic_data|altsyncram:the_altsyncram|altsyncram_ekj1:auto_generated|ALTSYNCRAM                                                                                                                                                                   ; AUTO       ; Simple Dual Port ; Dual Clocks  ; 512          ; 32           ; 512          ; 32           ; yes                    ; no                      ; yes                    ; no                      ; 16384   ; 512                         ; 32                          ; 512                         ; 32                          ; 16384               ; 2           ; 0          ; None                        ; M10K_X76_Y8_N0, M10K_X76_Y7_N0                                                                                                                                                                                                                                                                                                                                                                                                                                                                                                                                                                                                                                                                                                                                                                                                                                                                                                                                                                                                                                                                                                                                                                                                                                                                                                                                                                                                                                                                                                                                                                                                                                                                                                                                                                                                                                                                                                                                                                                                                                                                                                                                                                                                                                                                                                                                                                                                                                                                                                                                                                                                                                                                                                                                                                                                                                                                                                                                                                                                                                                                                                                                                                                                                                                                                                                                                                                                                                                                                                                                                                                                                                                                                                                                                                                                                                                                                                                                                                                                                                                                                                                                                                                                                                                                                                                                                                                                                                                                                                                                                                                                                                                                                                                                                                                                                                                                                                                                                                                                                                                                                                                                                                                                                                                                                                                                                                                                                                                                                                                                                                                                                                                                                                                                                                                                                                                                            ; Don't care           ; New data        ; New data        ; No - Address Too Wide                                             ;
; niosii:inst13|niosii_nios2_gen2_0:nios2_gen2_0|niosii_nios2_gen2_0_cpu:cpu|niosii_nios2_gen2_0_cpu_ic_tag_module:niosii_nios2_gen2_0_cpu_ic_tag|altsyncram:the_altsyncram|altsyncram_qdj1:auto_generated|ALTSYNCRAM                                                                                                                                                                     ; AUTO       ; Simple Dual Port ; Single Clock ; 64           ; 16           ; 64           ; 16           ; yes                    ; no                      ; yes                    ; no                      ; 1024    ; 64                          ; 16                          ; 64                          ; 16                          ; 1024                ; 1           ; 0          ; None                        ; M10K_X76_Y4_N0                                                                                                                                                                                                                                                                                                                                                                                                                                                                                                                                                                                                                                                                                                                                                                                                                                                                                                                                                                                                                                                                                                                                                                                                                                                                                                                                                                                                                                                                                                                                                                                                                                                                                                                                                                                                                                                                                                                                                                                                                                                                                                                                                                                                                                                                                                                                                                                                                                                                                                                                                                                                                                                                                                                                                                                                                                                                                                                                                                                                                                                                                                                                                                                                                                                                                                                                                                                                                                                                                                                                                                                                                                                                                                                                                                                                                                                                                                                                                                                                                                                                                                                                                                                                                                                                                                                                                                                                                                                                                                                                                                                                                                                                                                                                                                                                                                                                                                                                                                                                                                                                                                                                                                                                                                                                                                                                                                                                                                                                                                                                                                                                                                                                                                                                                                                                                                                                                            ; Old data             ; New data        ; New data        ; No - Unsupported Mixed Feed Through Setting                       ;
; niosii:inst13|niosii_nios2_gen2_0:nios2_gen2_0|niosii_nios2_gen2_0_cpu:cpu|niosii_nios2_gen2_0_cpu_nios2_oci:the_niosii_nios2_gen2_0_cpu_nios2_oci|niosii_nios2_gen2_0_cpu_nios2_ocimem:the_niosii_nios2_gen2_0_cpu_nios2_ocimem|niosii_nios2_gen2_0_cpu_ociram_sp_ram_module:niosii_nios2_gen2_0_cpu_ociram_sp_ram|altsyncram:the_altsyncram|altsyncram_kg91:auto_generated|ALTSYNCRAM ; AUTO       ; Single Port      ; Single Clock ; 256          ; 32           ; --           ; --           ; yes                    ; no                      ; --                     ; --                      ; 8192    ; 256                         ; 32                          ; --                          ; --                          ; 8192                ; 1           ; 0          ; None                        ; M10K_X49_Y6_N0                                                                                                                                                                                                                                                                                                                                                                                                                                                                                                                                                                                                                                                                                                                                                                                                                                                                                                                                                                                                                                                                                                                                                                                                                                                                                                                                                                                                                                                                                                                                                                                                                                                                                                                                                                                                                                                                                                                                                                                                                                                                                                                                                                                                                                                                                                                                                                                                                                                                                                                                                                                                                                                                                                                                                                                                                                                                                                                                                                                                                                                                                                                                                                                                                                                                                                                                                                                                                                                                                                                                                                                                                                                                                                                                                                                                                                                                                                                                                                                                                                                                                                                                                                                                                                                                                                                                                                                                                                                                                                                                                                                                                                                                                                                                                                                                                                                                                                                                                                                                                                                                                                                                                                                                                                                                                                                                                                                                                                                                                                                                                                                                                                                                                                                                                                                                                                                                                            ; Don't care           ; New data        ; New data        ; No - Single Port Feed Through New Data with Unregistered Data Out ;
; niosii:inst13|niosii_nios2_gen2_0:nios2_gen2_0|niosii_nios2_gen2_0_cpu:cpu|niosii_nios2_gen2_0_cpu_register_bank_a_module:niosii_nios2_gen2_0_cpu_register_bank_a|altsyncram:the_altsyncram|altsyncram_voi1:auto_generated|ALTSYNCRAM                                                                                                                                                   ; AUTO       ; Simple Dual Port ; Single Clock ; 32           ; 32           ; 32           ; 32           ; yes                    ; no                      ; yes                    ; no                      ; 1024    ; 32                          ; 32                          ; 32                          ; 32                          ; 1024                ; 1           ; 0          ; None                        ; M10K_X69_Y6_N0                                                                                                                                                                                                                                                                                                                                                                                                                                                                                                                                                                                                                                                                                                                                                                                                                                                                                                                                                                                                                                                                                                                                                                                                                                                                                                                                                                                                                                                                                                                                                                                                                                                                                                                                                                                                                                                                                                                                                                                                                                                                                                                                                                                                                                                                                                                                                                                                                                                                                                                                                                                                                                                                                                                                                                                                                                                                                                                                                                                                                                                                                                                                                                                                                                                                                                                                                                                                                                                                                                                                                                                                                                                                                                                                                                                                                                                                                                                                                                                                                                                                                                                                                                                                                                                                                                                                                                                                                                                                                                                                                                                                                                                                                                                                                                                                                                                                                                                                                                                                                                                                                                                                                                                                                                                                                                                                                                                                                                                                                                                                                                                                                                                                                                                                                                                                                                                                                            ; Old data             ; New data        ; New data        ; No - Unsupported Mixed Feed Through Setting                       ;
; niosii:inst13|niosii_nios2_gen2_0:nios2_gen2_0|niosii_nios2_gen2_0_cpu:cpu|niosii_nios2_gen2_0_cpu_register_bank_b_module:niosii_nios2_gen2_0_cpu_register_bank_b|altsyncram:the_altsyncram|altsyncram_voi1:auto_generated|ALTSYNCRAM                                                                                                                                                   ; AUTO       ; Simple Dual Port ; Single Clock ; 32           ; 32           ; 32           ; 32           ; yes                    ; no                      ; yes                    ; no                      ; 1024    ; 32                          ; 32                          ; 32                          ; 32                          ; 1024                ; 1           ; 0          ; None                        ; M10K_X76_Y6_N0                                                                                                                                                                                                                                                                                                                                                                                                                                                                                                                                                                                                                                                                                                                                                                                                                                                                                                                                                                                                                                                                                                                                                                                                                                                                                                                                                                                                                                                                                                                                                                                                                                                                                                                                                                                                                                                                                                                                                                                                                                                                                                                                                                                                                                                                                                                                                                                                                                                                                                                                                                                                                                                                                                                                                                                                                                                                                                                                                                                                                                                                                                                                                                                                                                                                                                                                                                                                                                                                                                                                                                                                                                                                                                                                                                                                                                                                                                                                                                                                                                                                                                                                                                                                                                                                                                                                                                                                                                                                                                                                                                                                                                                                                                                                                                                                                                                                                                                                                                                                                                                                                                                                                                                                                                                                                                                                                                                                                                                                                                                                                                                                                                                                                                                                                                                                                                                                                            ; Old data             ; New data        ; New data        ; No - Unsupported Mixed Feed Through Setting                       ;
; niosii:inst13|niosii_onchip_memory2_0:onchip_memory2_0|altsyncram:the_altsyncram|altsyncram_6aj1:auto_generated|ALTSYNCRAM                                                                                                                                                                                                                                                              ; AUTO       ; Single Port      ; Single Clock ; 32768        ; 32           ; --           ; --           ; yes                    ; no                      ; --                     ; --                      ; 1048576 ; 32768                       ; 32                          ; --                          ; --                          ; 1048576             ; 128         ; 0          ; niosii_onchip_memory2_0.hex ; M10K_X58_Y24_N0, M10K_X49_Y23_N0, M10K_X58_Y25_N0, M10K_X49_Y25_N0, M10K_X69_Y22_N0, M10K_X76_Y23_N0, M10K_X69_Y23_N0, M10K_X76_Y22_N0, M10K_X49_Y17_N0, M10K_X49_Y16_N0, M10K_X49_Y15_N0, M10K_X49_Y14_N0, M10K_X49_Y7_N0, M10K_X41_Y8_N0, M10K_X41_Y6_N0, M10K_X49_Y8_N0, M10K_X76_Y18_N0, M10K_X76_Y19_N0, M10K_X69_Y19_N0, M10K_X76_Y17_N0, M10K_X76_Y28_N0, M10K_X76_Y25_N0, M10K_X76_Y26_N0, M10K_X69_Y28_N0, M10K_X49_Y10_N0, M10K_X49_Y9_N0, M10K_X58_Y9_N0, M10K_X49_Y11_N0, M10K_X69_Y15_N0, M10K_X69_Y14_N0, M10K_X76_Y15_N0, M10K_X76_Y16_N0, M10K_X76_Y20_N0, M10K_X69_Y20_N0, M10K_X69_Y21_N0, M10K_X76_Y21_N0, M10K_X69_Y29_N0, M10K_X76_Y30_N0, M10K_X69_Y31_N0, M10K_X76_Y29_N0, M10K_X41_Y12_N0, M10K_X41_Y9_N0, M10K_X41_Y5_N0, M10K_X41_Y14_N0, M10K_X69_Y26_N0, M10K_X69_Y24_N0, M10K_X69_Y27_N0, M10K_X69_Y25_N0, M10K_X58_Y18_N0, M10K_X69_Y18_N0, M10K_X69_Y16_N0, M10K_X69_Y17_N0, M10K_X69_Y34_N0, M10K_X69_Y32_N0, M10K_X76_Y32_N0, M10K_X76_Y33_N0, M10K_X58_Y2_N0, M10K_X58_Y6_N0, M10K_X58_Y3_N0, M10K_X58_Y7_N0, M10K_X41_Y17_N0, M10K_X41_Y16_N0, M10K_X41_Y19_N0, M10K_X41_Y18_N0, M10K_X58_Y14_N0, M10K_X58_Y12_N0, M10K_X58_Y10_N0, M10K_X58_Y13_N0, M10K_X76_Y9_N0, M10K_X76_Y11_N0, M10K_X76_Y10_N0, M10K_X69_Y11_N0, M10K_X41_Y22_N0, M10K_X41_Y23_N0, M10K_X49_Y21_N0, M10K_X49_Y22_N0, M10K_X76_Y13_N0, M10K_X76_Y14_N0, M10K_X69_Y13_N0, M10K_X76_Y12_N0, M10K_X69_Y2_N0, M10K_X76_Y3_N0, M10K_X76_Y2_N0, M10K_X69_Y3_N0, M10K_X49_Y19_N0, M10K_X49_Y18_N0, M10K_X58_Y11_N0, M10K_X49_Y20_N0, M10K_X58_Y23_N0, M10K_X58_Y22_N0, M10K_X58_Y20_N0, M10K_X58_Y21_N0, M10K_X58_Y4_N0, M10K_X49_Y4_N0, M10K_X49_Y5_N0, M10K_X58_Y5_N0, M10K_X76_Y27_N0, M10K_X58_Y26_N0, M10K_X58_Y27_N0, M10K_X76_Y24_N0, M10K_X69_Y35_N0, M10K_X76_Y31_N0, M10K_X69_Y33_N0, M10K_X76_Y35_N0, M10K_X58_Y16_N0, M10K_X58_Y15_N0, M10K_X58_Y17_N0, M10K_X58_Y19_N0, M10K_X49_Y12_N0, M10K_X41_Y11_N0, M10K_X41_Y10_N0, M10K_X49_Y13_N0, M10K_X49_Y2_N0, M10K_X41_Y3_N0, M10K_X41_Y2_N0, M10K_X49_Y3_N0, M10K_X69_Y36_N0, M10K_X69_Y30_N0, M10K_X76_Y34_N0, M10K_X76_Y36_N0, M10K_X41_Y13_N0, M10K_X41_Y20_N0, M10K_X41_Y15_N0, M10K_X41_Y21_N0, M10K_X69_Y7_N0, M10K_X69_Y5_N0, M10K_X69_Y4_N0, M10K_X69_Y8_N0                                                                                                                                                                                                                                                                                                                                                                                                                                                                                                                                                                                                                                                                                                                                                                                                                                                                                                                                                                                                                                                                                                                                                                                                                                                                                                                                                                                                                                                                                                                                                                                                                                                                                                                                                                                                                                                                                                                                                                                                                                                                                                                                                                                                                                                                                                                                                                                                                                                                                                                                                                                                                                                                                                                                                                                                                                                                                                                                                                                                                                                                                                                                                                                                                                                                                                                                                                                                                                                                                                                                                                                                                                                                         ; Don't care           ; New data        ; New data        ; No - Address Too Wide                                             ;
; ram_affichage:inst7|altsyncram:altsyncram_component|altsyncram_6uu3:auto_generated|ALTSYNCRAM                                                                                                                                                                                                                                                                                           ; M10K block ; Simple Dual Port ; Dual Clocks  ; 307200       ; 9            ; 307200       ; 9            ; yes                    ; no                      ; yes                    ; yes                     ; 2764800 ; 307200                      ; 9                           ; 307200                      ; 9                           ; 2764800             ; 338         ; 0          ; None                        ; M10K_X26_Y13_N0, M10K_X26_Y5_N0, M10K_X26_Y2_N0, M10K_X38_Y7_N0, M10K_X26_Y4_N0, M10K_X38_Y60_N0, M10K_X49_Y34_N0, M10K_X41_Y44_N0, M10K_X38_Y2_N0, M10K_X41_Y60_N0, M10K_X26_Y42_N0, M10K_X41_Y43_N0, M10K_X49_Y32_N0, M10K_X26_Y40_N0, M10K_X26_Y34_N0, M10K_X49_Y33_N0, M10K_X41_Y32_N0, M10K_X49_Y51_N0, M10K_X49_Y30_N0, M10K_X41_Y36_N0, M10K_X38_Y32_N0, M10K_X41_Y49_N0, M10K_X41_Y56_N0, M10K_X38_Y18_N0, M10K_X49_Y27_N0, M10K_X38_Y62_N0, M10K_X49_Y60_N0, M10K_X41_Y52_N0, M10K_X41_Y55_N0, M10K_X49_Y61_N0, M10K_X26_Y62_N0, M10K_X49_Y62_N0, M10K_X41_Y28_N0, M10K_X49_Y53_N0, M10K_X49_Y58_N0, M10K_X41_Y62_N0, M10K_X41_Y58_N0, M10K_X26_Y23_N0, M10K_X26_Y12_N0, M10K_X5_Y13_N0, M10K_X26_Y11_N0, M10K_X14_Y11_N0, M10K_X5_Y11_N0, M10K_X14_Y63_N0, M10K_X5_Y40_N0, M10K_X14_Y35_N0, M10K_X14_Y26_N0, M10K_X14_Y65_N0, M10K_X14_Y54_N0, M10K_X14_Y51_N0, M10K_X14_Y32_N0, M10K_X5_Y44_N0, M10K_X14_Y44_N0, M10K_X14_Y47_N0, M10K_X5_Y33_N0, M10K_X5_Y54_N0, M10K_X14_Y28_N0, M10K_X5_Y51_N0, M10K_X26_Y19_N0, M10K_X26_Y49_N0, M10K_X38_Y56_N0, M10K_X41_Y26_N0, M10K_X41_Y29_N0, M10K_X26_Y63_N0, M10K_X38_Y65_N0, M10K_X41_Y51_N0, M10K_X26_Y51_N0, M10K_X26_Y65_N0, M10K_X14_Y62_N0, M10K_X38_Y64_N0, M10K_X41_Y27_N0, M10K_X26_Y53_N0, M10K_X41_Y59_N0, M10K_X41_Y63_N0, M10K_X41_Y65_N0, M10K_X14_Y22_N0, M10K_X5_Y2_N0, M10K_X14_Y2_N0, M10K_X14_Y19_N0, M10K_X26_Y8_N0, M10K_X14_Y42_N0, M10K_X5_Y41_N0, M10K_X5_Y42_N0, M10K_X14_Y40_N0, M10K_X26_Y26_N0, M10K_X14_Y36_N0, M10K_X26_Y32_N0, M10K_X14_Y24_N0, M10K_X5_Y35_N0, M10K_X26_Y29_N0, M10K_X26_Y31_N0, M10K_X26_Y41_N0, M10K_X14_Y1_N0, M10K_X14_Y25_N0, M10K_X14_Y16_N0, M10K_X38_Y23_N0, M10K_X41_Y42_N0, M10K_X41_Y39_N0, M10K_X38_Y15_N0, M10K_X38_Y1_N0, M10K_X38_Y37_N0, M10K_X41_Y37_N0, M10K_X38_Y41_N0, M10K_X41_Y33_N0, M10K_X38_Y39_N0, M10K_X14_Y41_N0, M10K_X38_Y38_N0, M10K_X26_Y14_N0, M10K_X41_Y41_N0, M10K_X41_Y34_N0, M10K_X41_Y35_N0, M10K_X38_Y42_N0, M10K_X14_Y23_N0, M10K_X14_Y20_N0, M10K_X5_Y5_N0, M10K_X14_Y9_N0, M10K_X14_Y7_N0, M10K_X14_Y6_N0, M10K_X14_Y59_N0, M10K_X14_Y60_N0, M10K_X14_Y49_N0, M10K_X5_Y52_N0, M10K_X38_Y43_N0, M10K_X38_Y47_N0, M10K_X26_Y43_N0, M10K_X38_Y26_N0, M10K_X26_Y44_N0, M10K_X41_Y47_N0, M10K_X38_Y45_N0, M10K_X14_Y53_N0, M10K_X26_Y9_N0, M10K_X38_Y25_N0, M10K_X38_Y17_N0, M10K_X41_Y25_N0, M10K_X26_Y47_N0, M10K_X41_Y57_N0, M10K_X38_Y16_N0, M10K_X14_Y5_N0, M10K_X26_Y60_N0, M10K_X38_Y55_N0, M10K_X38_Y51_N0, M10K_X41_Y53_N0, M10K_X26_Y59_N0, M10K_X26_Y61_N0, M10K_X41_Y61_N0, M10K_X38_Y28_N0, M10K_X38_Y50_N0, M10K_X38_Y53_N0, M10K_X38_Y57_N0, M10K_X38_Y61_N0, M10K_X14_Y21_N0, M10K_X5_Y9_N0, M10K_X5_Y12_N0, M10K_X14_Y12_N0, M10K_X5_Y10_N0, M10K_X14_Y67_N0, M10K_X14_Y61_N0, M10K_X5_Y49_N0, M10K_X14_Y55_N0, M10K_X5_Y43_N0, M10K_X14_Y56_N0, M10K_X5_Y46_N0, M10K_X26_Y24_N0, M10K_X5_Y45_N0, M10K_X14_Y52_N0, M10K_X5_Y47_N0, M10K_X5_Y53_N0, M10K_X14_Y10_N0, M10K_X38_Y29_N0, M10K_X5_Y14_N0, M10K_X26_Y20_N0, M10K_X26_Y48_N0, M10K_X26_Y56_N0, M10K_X26_Y18_N0, M10K_X26_Y10_N0, M10K_X38_Y58_N0, M10K_X38_Y70_N0, M10K_X41_Y50_N0, M10K_X26_Y55_N0, M10K_X41_Y69_N0, M10K_X14_Y64_N0, M10K_X26_Y66_N0, M10K_X26_Y17_N0, M10K_X41_Y54_N0, M10K_X38_Y59_N0, M10K_X41_Y68_N0, M10K_X41_Y67_N0, M10K_X26_Y21_N0, M10K_X14_Y13_N0, M10K_X5_Y7_N0, M10K_X5_Y8_N0, M10K_X26_Y7_N0, M10K_X5_Y6_N0, M10K_X14_Y68_N0, M10K_X14_Y66_N0, M10K_X5_Y48_N0, M10K_X5_Y55_N0, M10K_X14_Y43_N0, M10K_X14_Y57_N0, M10K_X14_Y46_N0, M10K_X14_Y30_N0, M10K_X14_Y45_N0, M10K_X14_Y50_N0, M10K_X14_Y48_N0, M10K_X5_Y50_N0, M10K_X14_Y29_N0, M10K_X26_Y28_N0, M10K_X5_Y32_N0, M10K_X26_Y33_N0, M10K_X26_Y50_N0, M10K_X26_Y57_N0, M10K_X14_Y18_N0, M10K_X26_Y6_N0, M10K_X26_Y58_N0, M10K_X38_Y69_N0, M10K_X38_Y52_N0, M10K_X26_Y54_N0, M10K_X26_Y68_N0, M10K_X14_Y58_N0, M10K_X26_Y67_N0, M10K_X26_Y16_N0, M10K_X26_Y52_N0, M10K_X38_Y54_N0, M10K_X38_Y68_N0, M10K_X38_Y67_N0, M10K_X38_Y22_N0, M10K_X38_Y9_N0, M10K_X38_Y12_N0, M10K_X38_Y10_N0, M10K_X38_Y11_N0, M10K_X41_Y66_N0, M10K_X38_Y66_N0, M10K_X38_Y44_N0, M10K_X49_Y54_N0, M10K_X58_Y33_N0, M10K_X49_Y57_N0, M10K_X38_Y46_N0, M10K_X49_Y29_N0, M10K_X49_Y45_N0, M10K_X26_Y45_N0, M10K_X26_Y46_N0, M10K_X49_Y47_N0, M10K_X38_Y13_N0, M10K_X49_Y31_N0, M10K_X38_Y21_N0, M10K_X58_Y31_N0, M10K_X49_Y50_N0, M10K_X49_Y56_N0, M10K_X49_Y26_N0, M10K_X58_Y28_N0, M10K_X38_Y63_N0, M10K_X49_Y65_N0, M10K_X58_Y30_N0, M10K_X49_Y55_N0, M10K_X41_Y64_N0, M10K_X26_Y64_N0, M10K_X49_Y66_N0, M10K_X49_Y28_N0, M10K_X49_Y52_N0, M10K_X49_Y59_N0, M10K_X49_Y63_N0, M10K_X49_Y64_N0, M10K_X38_Y24_N0, M10K_X38_Y20_N0, M10K_X38_Y4_N0, M10K_X41_Y4_N0, M10K_X38_Y8_N0, M10K_X38_Y6_N0, M10K_X41_Y38_N0, M10K_X41_Y45_N0, M10K_X38_Y49_N0, M10K_X49_Y35_N0, M10K_X58_Y35_N0, M10K_X49_Y46_N0, M10K_X38_Y33_N0, M10K_X41_Y30_N0, M10K_X41_Y40_N0, M10K_X41_Y48_N0, M10K_X49_Y41_N0, M10K_X49_Y49_N0, M10K_X38_Y5_N0, M10K_X41_Y31_N0, M10K_X38_Y14_N0, M10K_X58_Y34_N0, M10K_X49_Y40_N0, M10K_X49_Y43_N0, M10K_X49_Y24_N0, M10K_X58_Y29_N0, M10K_X38_Y48_N0, M10K_X49_Y38_N0, M10K_X58_Y32_N0, M10K_X49_Y44_N0, M10K_X49_Y36_N0, M10K_X38_Y40_N0, M10K_X49_Y39_N0, M10K_X41_Y24_N0, M10K_X49_Y42_N0, M10K_X58_Y36_N0, M10K_X41_Y46_N0, M10K_X49_Y48_N0, M10K_X26_Y22_N0, M10K_X14_Y14_N0, M10K_X14_Y3_N0, M10K_X5_Y3_N0, M10K_X14_Y8_N0, M10K_X5_Y4_N0, M10K_X14_Y38_N0, M10K_X14_Y37_N0, M10K_X5_Y37_N0, M10K_X14_Y34_N0, M10K_X5_Y38_N0, M10K_X14_Y39_N0, M10K_X5_Y39_N0, M10K_X14_Y27_N0, M10K_X14_Y33_N0, M10K_X14_Y31_N0, M10K_X5_Y34_N0, M10K_X5_Y36_N0, M10K_X14_Y4_N0, M10K_X26_Y25_N0, M10K_X14_Y17_N0, M10K_X38_Y19_N0, M10K_X26_Y36_N0, M10K_X26_Y38_N0, M10K_X14_Y15_N0, M10K_X26_Y3_N0, M10K_X26_Y30_N0, M10K_X38_Y36_N0, M10K_X38_Y30_N0, M10K_X38_Y27_N0, M10K_X26_Y37_N0, M10K_X26_Y39_N0, M10K_X26_Y27_N0, M10K_X26_Y15_N0, M10K_X26_Y35_N0, M10K_X38_Y34_N0, M10K_X38_Y35_N0, M10K_X38_Y31_N0 ; Don't care           ; New data        ; New data        ; No - Address Too Wide                                             ;
+-----------------------------------------------------------------------------------------------------------------------------------------------------------------------------------------------------------------------------------------------------------------------------------------------------------------------------------------------------------------------------------------+------------+------------------+--------------+--------------+--------------+--------------+--------------+------------------------+-------------------------+------------------------+-------------------------+---------+-----------------------------+-----------------------------+-----------------------------+-----------------------------+---------------------+-------------+------------+-----------------------------+-----------------------------------------------------------------------------------------------------------------------------------------------------------------------------------------------------------------------------------------------------------------------------------------------------------------------------------------------------------------------------------------------------------------------------------------------------------------------------------------------------------------------------------------------------------------------------------------------------------------------------------------------------------------------------------------------------------------------------------------------------------------------------------------------------------------------------------------------------------------------------------------------------------------------------------------------------------------------------------------------------------------------------------------------------------------------------------------------------------------------------------------------------------------------------------------------------------------------------------------------------------------------------------------------------------------------------------------------------------------------------------------------------------------------------------------------------------------------------------------------------------------------------------------------------------------------------------------------------------------------------------------------------------------------------------------------------------------------------------------------------------------------------------------------------------------------------------------------------------------------------------------------------------------------------------------------------------------------------------------------------------------------------------------------------------------------------------------------------------------------------------------------------------------------------------------------------------------------------------------------------------------------------------------------------------------------------------------------------------------------------------------------------------------------------------------------------------------------------------------------------------------------------------------------------------------------------------------------------------------------------------------------------------------------------------------------------------------------------------------------------------------------------------------------------------------------------------------------------------------------------------------------------------------------------------------------------------------------------------------------------------------------------------------------------------------------------------------------------------------------------------------------------------------------------------------------------------------------------------------------------------------------------------------------------------------------------------------------------------------------------------------------------------------------------------------------------------------------------------------------------------------------------------------------------------------------------------------------------------------------------------------------------------------------------------------------------------------------------------------------------------------------------------------------------------------------------------------------------------------------------------------------------------------------------------------------------------------------------------------------------------------------------------------------------------------------------------------------------------------------------------------------------------------------------------------------------------------------------------------------------------------------------------------------------------------------------------------------------------------------------------------------------------------------------------------------------------------------------------------------------------------------------------------------------------------------------------------------------------------------------------------------------------------------------------------------------------------------------------------------------------------------------------------------------------------------------------------------------------------------------------------------------------------------------------------------------------------------------------------------------------------------------------------------------------------------------------------------------------------------------------------------------------------------------------------------------------------------------------------------------------------------------------------------------------------------------------------------------------------------------------------------------------------------------------------------------------------------------------------------------------------------------------------------------------------------------------------------------------------------------------------------------------------------------------------------------------------------------------------------------------------------------------------------------------------------------------------------------------------------------------------------------------+----------------------+-----------------+-----------------+-------------------------------------------------------------------+
Note: Fitter may spread logical memories into multiple blocks to improve timing. The actual required RAM blocks can be found in the Fitter Resource Usage section.


+-----------------------------------------------+
; Fitter DSP Block Usage Summary                ;
+---------------------------------+-------------+
; Statistic                       ; Number Used ;
+---------------------------------+-------------+
; Independent 18x18               ; 3           ;
; Total number of DSP blocks      ; 3           ;
;                                 ;             ;
; Fixed Point Unsigned Multiplier ; 3           ;
+---------------------------------+-------------+


+--------------------------------------------------------------------------------------------------------------------------------------------------------------------------------------------------------------------------------------------------------------------------------------------------------------------------------------------------------------------------------------------------------------------------------------------------------------------------------------------------------------------------------------------------------------------------------------------------------------------------------------------------------------------------------------------------------------+
; DSP Block Details                                                                                                                                                                                                                                                                                                                                                                                                                                                                                                                                                                                                                                                                                            ;
+-----------------------------------------------------------------------------------------------------------------------------------------------------------------------------------------------------------------------------------------------------------------------------------------------------------------------+-------------------+---------------+---------------------+------------------------+------------------------+------------------------+------------------------+------------------------+------------------------+-----------------+--------------------------------+---------------------+-------------------------------+------------------------------+------------------------------+
; Name                                                                                                                                                                                                                                                                                                                  ; Mode              ; Location      ; Sign Representation ; Data AX Input Register ; Data AY Input Register ; Data AZ Input Register ; Data BX Input Register ; Data BY Input Register ; Data BZ Input Register ; Output Register ; Dedicated Shift Register Chain ; Dedicated Pre-Adder ; Dedicated Coefficient Storage ; Dedicated Output Adder Chain ; Dedicated Output Accumulator ;
+-----------------------------------------------------------------------------------------------------------------------------------------------------------------------------------------------------------------------------------------------------------------------------------------------------------------------+-------------------+---------------+---------------------+------------------------+------------------------+------------------------+------------------------+------------------------+------------------------+-----------------+--------------------------------+---------------------+-------------------------------+------------------------------+------------------------------+
; niosii:inst13|niosii_nios2_gen2_0:nios2_gen2_0|niosii_nios2_gen2_0_cpu:cpu|niosii_nios2_gen2_0_cpu_mult_cell:the_niosii_nios2_gen2_0_cpu_mult_cell|altera_mult_add:the_altmult_add_p1|altera_mult_add_37p2:auto_generated|altera_mult_add_rtl:altera_mult_add_rtl1|ama_multiplier_function:multiplier_block|Mult0~mac ; Independent 18x18 ; DSP_X54_Y8_N0 ; Unsigned            ; no                     ; no                     ; --                     ; --                     ; --                     ; --                     ; yes             ; no                             ; no                  ; no                            ; no                           ; no                           ;
; niosii:inst13|niosii_nios2_gen2_0:nios2_gen2_0|niosii_nios2_gen2_0_cpu:cpu|niosii_nios2_gen2_0_cpu_mult_cell:the_niosii_nios2_gen2_0_cpu_mult_cell|altera_mult_add:the_altmult_add_p3|altera_mult_add_37p2:auto_generated|altera_mult_add_rtl:altera_mult_add_rtl1|ama_multiplier_function:multiplier_block|Mult0~mac ; Independent 18x18 ; DSP_X54_Y6_N0 ; Unsigned            ; no                     ; no                     ; --                     ; --                     ; --                     ; --                     ; yes             ; no                             ; no                  ; no                            ; no                           ; no                           ;
; niosii:inst13|niosii_nios2_gen2_0:nios2_gen2_0|niosii_nios2_gen2_0_cpu:cpu|niosii_nios2_gen2_0_cpu_mult_cell:the_niosii_nios2_gen2_0_cpu_mult_cell|altera_mult_add:the_altmult_add_p2|altera_mult_add_37p2:auto_generated|altera_mult_add_rtl:altera_mult_add_rtl1|ama_multiplier_function:multiplier_block|Mult0~mac ; Independent 18x18 ; DSP_X54_Y4_N0 ; Unsigned            ; yes                    ; no                     ; --                     ; --                     ; --                     ; --                     ; yes             ; no                             ; no                  ; no                            ; no                           ; no                           ;
+-----------------------------------------------------------------------------------------------------------------------------------------------------------------------------------------------------------------------------------------------------------------------------------------------------------------------+-------------------+---------------+---------------------+------------------------+------------------------+------------------------+------------------------+------------------------+------------------------+-----------------+--------------------------------+---------------------+-------------------------------+------------------------------+------------------------------+


+------------------------------------------------------------------------+
; Routing Usage Summary                                                  ;
+---------------------------------------------+--------------------------+
; Routing Resource Type                       ; Usage                    ;
+---------------------------------------------+--------------------------+
; Block interconnects                         ; 21,084 / 289,320 ( 7 % ) ;
; C12 interconnects                           ; 433 / 13,420 ( 3 % )     ;
; C2 interconnects                            ; 5,960 / 119,108 ( 5 % )  ;
; C4 interconnects                            ; 4,138 / 56,300 ( 7 % )   ;
; DQS bus muxes                               ; 0 / 25 ( 0 % )           ;
; DQS-18 I/O buses                            ; 0 / 25 ( 0 % )           ;
; DQS-9 I/O buses                             ; 0 / 25 ( 0 % )           ;
; Direct links                                ; 876 / 289,320 ( < 1 % )  ;
; Global clocks                               ; 3 / 16 ( 19 % )          ;
; HPS SDRAM PLL inputs                        ; 0 / 1 ( 0 % )            ;
; HPS SDRAM PLL outputs                       ; 0 / 1 ( 0 % )            ;
; HPS_INTERFACE_BOOT_FROM_FPGA_INPUTs         ; 0 / 9 ( 0 % )            ;
; HPS_INTERFACE_CLOCKS_RESETS_INPUTs          ; 0 / 7 ( 0 % )            ;
; HPS_INTERFACE_CLOCKS_RESETS_OUTPUTs         ; 0 / 6 ( 0 % )            ;
; HPS_INTERFACE_CROSS_TRIGGER_INPUTs          ; 0 / 18 ( 0 % )           ;
; HPS_INTERFACE_CROSS_TRIGGER_OUTPUTs         ; 0 / 24 ( 0 % )           ;
; HPS_INTERFACE_DBG_APB_INPUTs                ; 0 / 37 ( 0 % )           ;
; HPS_INTERFACE_DBG_APB_OUTPUTs               ; 0 / 55 ( 0 % )           ;
; HPS_INTERFACE_DMA_INPUTs                    ; 0 / 16 ( 0 % )           ;
; HPS_INTERFACE_DMA_OUTPUTs                   ; 0 / 8 ( 0 % )            ;
; HPS_INTERFACE_FPGA2HPS_INPUTs               ; 0 / 287 ( 0 % )          ;
; HPS_INTERFACE_FPGA2HPS_OUTPUTs              ; 0 / 154 ( 0 % )          ;
; HPS_INTERFACE_FPGA2SDRAM_INPUTs             ; 0 / 852 ( 0 % )          ;
; HPS_INTERFACE_FPGA2SDRAM_OUTPUTs            ; 0 / 408 ( 0 % )          ;
; HPS_INTERFACE_HPS2FPGA_INPUTs               ; 0 / 165 ( 0 % )          ;
; HPS_INTERFACE_HPS2FPGA_LIGHT_WEIGHT_INPUTs  ; 0 / 67 ( 0 % )           ;
; HPS_INTERFACE_HPS2FPGA_LIGHT_WEIGHT_OUTPUTs ; 0 / 156 ( 0 % )          ;
; HPS_INTERFACE_HPS2FPGA_OUTPUTs              ; 0 / 282 ( 0 % )          ;
; HPS_INTERFACE_INTERRUPTS_INPUTs             ; 0 / 64 ( 0 % )           ;
; HPS_INTERFACE_INTERRUPTS_OUTPUTs            ; 0 / 42 ( 0 % )           ;
; HPS_INTERFACE_JTAG_OUTPUTs                  ; 0 / 5 ( 0 % )            ;
; HPS_INTERFACE_LOAN_IO_INPUTs                ; 0 / 142 ( 0 % )          ;
; HPS_INTERFACE_LOAN_IO_OUTPUTs               ; 0 / 85 ( 0 % )           ;
; HPS_INTERFACE_MPU_EVENT_STANDBY_INPUTs      ; 0 / 1 ( 0 % )            ;
; HPS_INTERFACE_MPU_EVENT_STANDBY_OUTPUTs     ; 0 / 5 ( 0 % )            ;
; HPS_INTERFACE_MPU_GENERAL_PURPOSE_INPUTs    ; 0 / 32 ( 0 % )           ;
; HPS_INTERFACE_MPU_GENERAL_PURPOSE_OUTPUTs   ; 0 / 32 ( 0 % )           ;
; HPS_INTERFACE_PERIPHERAL_CAN_INPUTs         ; 0 / 2 ( 0 % )            ;
; HPS_INTERFACE_PERIPHERAL_CAN_OUTPUTs        ; 0 / 2 ( 0 % )            ;
; HPS_INTERFACE_PERIPHERAL_EMAC_INPUTs        ; 0 / 32 ( 0 % )           ;
; HPS_INTERFACE_PERIPHERAL_EMAC_OUTPUTs       ; 0 / 34 ( 0 % )           ;
; HPS_INTERFACE_PERIPHERAL_I2C_INPUTs         ; 0 / 8 ( 0 % )            ;
; HPS_INTERFACE_PERIPHERAL_I2C_OUTPUTs        ; 0 / 8 ( 0 % )            ;
; HPS_INTERFACE_PERIPHERAL_NAND_INPUTs        ; 0 / 12 ( 0 % )           ;
; HPS_INTERFACE_PERIPHERAL_NAND_OUTPUTs       ; 0 / 18 ( 0 % )           ;
; HPS_INTERFACE_PERIPHERAL_QSPI_INPUTs        ; 0 / 4 ( 0 % )            ;
; HPS_INTERFACE_PERIPHERAL_QSPI_OUTPUTs       ; 0 / 13 ( 0 % )           ;
; HPS_INTERFACE_PERIPHERAL_SDMMC_INPUTs       ; 0 / 13 ( 0 % )           ;
; HPS_INTERFACE_PERIPHERAL_SDMMC_OUTPUTs      ; 0 / 22 ( 0 % )           ;
; HPS_INTERFACE_PERIPHERAL_SPI_MASTER_INPUTs  ; 0 / 4 ( 0 % )            ;
; HPS_INTERFACE_PERIPHERAL_SPI_MASTER_OUTPUTs ; 0 / 14 ( 0 % )           ;
; HPS_INTERFACE_PERIPHERAL_SPI_SLAVE_INPUTs   ; 0 / 6 ( 0 % )            ;
; HPS_INTERFACE_PERIPHERAL_SPI_SLAVE_OUTPUTs  ; 0 / 4 ( 0 % )            ;
; HPS_INTERFACE_PERIPHERAL_UART_INPUTs        ; 0 / 10 ( 0 % )           ;
; HPS_INTERFACE_PERIPHERAL_UART_OUTPUTs       ; 0 / 10 ( 0 % )           ;
; HPS_INTERFACE_PERIPHERAL_USB_INPUTs         ; 0 / 22 ( 0 % )           ;
; HPS_INTERFACE_PERIPHERAL_USB_OUTPUTs        ; 0 / 34 ( 0 % )           ;
; HPS_INTERFACE_STM_EVENT_INPUTs              ; 0 / 28 ( 0 % )           ;
; HPS_INTERFACE_TEST_INPUTs                   ; 0 / 610 ( 0 % )          ;
; HPS_INTERFACE_TEST_OUTPUTs                  ; 0 / 513 ( 0 % )          ;
; HPS_INTERFACE_TPIU_TRACE_INPUTs             ; 0 / 2 ( 0 % )            ;
; HPS_INTERFACE_TPIU_TRACE_OUTPUTs            ; 0 / 33 ( 0 % )           ;
; Horizontal periphery clocks                 ; 0 / 72 ( 0 % )           ;
; Local interconnects                         ; 1,424 / 84,580 ( 2 % )   ;
; Quadrant clocks                             ; 0 / 66 ( 0 % )           ;
; R14 interconnects                           ; 571 / 12,676 ( 5 % )     ;
; R14/C12 interconnect drivers                ; 771 / 20,720 ( 4 % )     ;
; R3 interconnects                            ; 7,520 / 130,992 ( 6 % )  ;
; R6 interconnects                            ; 14,649 / 266,960 ( 5 % ) ;
; Spine clocks                                ; 22 / 360 ( 6 % )         ;
; Wire stub REs                               ; 0 / 15,858 ( 0 % )       ;
+---------------------------------------------+--------------------------+


+------------------------------------------+
; I/O Rules Summary                        ;
+----------------------------------+-------+
; I/O Rules Statistic              ; Total ;
+----------------------------------+-------+
; Total I/O Rules                  ; 28    ;
; Number of I/O Rules Passed       ; 6     ;
; Number of I/O Rules Failed       ; 0     ;
; Number of I/O Rules Unchecked    ; 0     ;
; Number of I/O Rules Inapplicable ; 22    ;
+----------------------------------+-------+


+--------------------------------------------------------------------------------------------------------------------------------------------------------------------------------------------------------------------------------------------------------------------+
; I/O Rules Details                                                                                                                                                                                                                                                  ;
+--------------+-----------+-----------------------------------+------------------------------------------------------------------------------------+----------+--------------------------------------------------------------------------+------+-------------------+
; Status       ; ID        ; Category                          ; Rule Description                                                                   ; Severity ; Information                                                              ; Area ; Extra Information ;
+--------------+-----------+-----------------------------------+------------------------------------------------------------------------------------+----------+--------------------------------------------------------------------------+------+-------------------+
; Pass         ; IO_000001 ; Capacity Checks                   ; Number of pins in an I/O bank should not exceed the number of locations available. ; Critical ; 0 such failures found.                                                   ; I/O  ;                   ;
; Inapplicable ; IO_000002 ; Capacity Checks                   ; Number of clocks in an I/O bank should not exceed the number of clocks available.  ; Critical ; No Global Signal assignments found.                                      ; I/O  ;                   ;
; Pass         ; IO_000003 ; Capacity Checks                   ; Number of pins in a Vrefgroup should not exceed the number of locations available. ; Critical ; 0 such failures found.                                                   ; I/O  ;                   ;
; Inapplicable ; IO_000004 ; Voltage Compatibility Checks      ; The I/O bank should support the requested VCCIO.                                   ; Critical ; No IOBANK_VCCIO assignments found.                                       ; I/O  ;                   ;
; Inapplicable ; IO_000005 ; Voltage Compatibility Checks      ; The I/O bank should not have competing VREF values.                                ; Critical ; No VREF I/O Standard assignments found.                                  ; I/O  ;                   ;
; Pass         ; IO_000006 ; Voltage Compatibility Checks      ; The I/O bank should not have competing VCCIO values.                               ; Critical ; 0 such failures found.                                                   ; I/O  ;                   ;
; Pass         ; IO_000007 ; Valid Location Checks             ; Checks for unavailable locations.                                                  ; Critical ; 0 such failures found.                                                   ; I/O  ;                   ;
; Inapplicable ; IO_000008 ; Valid Location Checks             ; Checks for reserved locations.                                                     ; Critical ; No reserved LogicLock region found.                                      ; I/O  ;                   ;
; Pass         ; IO_000009 ; I/O Properties Checks for One I/O ; The location should support the requested I/O standard.                            ; Critical ; 0 such failures found.                                                   ; I/O  ;                   ;
; Pass         ; IO_000010 ; I/O Properties Checks for One I/O ; The location should support the requested I/O direction.                           ; Critical ; 0 such failures found.                                                   ; I/O  ;                   ;
; Inapplicable ; IO_000011 ; I/O Properties Checks for One I/O ; The location should support the requested Current Strength.                        ; Critical ; No Current Strength assignments found.                                   ; I/O  ;                   ;
; Inapplicable ; IO_000012 ; I/O Properties Checks for One I/O ; The location should support the requested On Chip Termination value.               ; Critical ; No Termination assignments found.                                        ; I/O  ;                   ;
; Inapplicable ; IO_000013 ; I/O Properties Checks for One I/O ; The location should support the requested Bus Hold value.                          ; Critical ; No Enable Bus-Hold Circuitry assignments found.                          ; I/O  ;                   ;
; Inapplicable ; IO_000014 ; I/O Properties Checks for One I/O ; The location should support the requested Weak Pull Up value.                      ; Critical ; No Weak Pull-Up Resistor assignments found.                              ; I/O  ;                   ;
; Inapplicable ; IO_000015 ; I/O Properties Checks for One I/O ; The location should support the requested PCI Clamp Diode.                         ; Critical ; No Clamping Diode assignments found.                                     ; I/O  ;                   ;
; Inapplicable ; IO_000018 ; I/O Properties Checks for One I/O ; The I/O standard should support the requested Current Strength.                    ; Critical ; No Current Strength assignments found.                                   ; I/O  ;                   ;
; Inapplicable ; IO_000019 ; I/O Properties Checks for One I/O ; The I/O standard should support the requested On Chip Termination value.           ; Critical ; No Termination assignments found.                                        ; I/O  ;                   ;
; Inapplicable ; IO_000020 ; I/O Properties Checks for One I/O ; The I/O standard should support the requested PCI Clamp Diode.                     ; Critical ; No Clamping Diode assignments found.                                     ; I/O  ;                   ;
; Inapplicable ; IO_000021 ; I/O Properties Checks for One I/O ; The I/O standard should support the requested Weak Pull Up value.                  ; Critical ; No Weak Pull-Up Resistor assignments found.                              ; I/O  ;                   ;
; Inapplicable ; IO_000022 ; I/O Properties Checks for One I/O ; The I/O standard should support the requested Bus Hold value.                      ; Critical ; No Enable Bus-Hold Circuitry assignments found.                          ; I/O  ;                   ;
; Inapplicable ; IO_000023 ; I/O Properties Checks for One I/O ; The I/O standard should support the Open Drain value.                              ; Critical ; No open drain assignments found.                                         ; I/O  ;                   ;
; Inapplicable ; IO_000024 ; I/O Properties Checks for One I/O ; The I/O direction should support the On Chip Termination value.                    ; Critical ; No Termination assignments found.                                        ; I/O  ;                   ;
; Inapplicable ; IO_000026 ; I/O Properties Checks for One I/O ; On Chip Termination and Current Strength should not be used at the same time.      ; Critical ; No Current Strength or Termination assignments found.                    ; I/O  ;                   ;
; Inapplicable ; IO_000027 ; I/O Properties Checks for One I/O ; Weak Pull Up and Bus Hold should not be used at the same time.                     ; Critical ; No Enable Bus-Hold Circuitry or Weak Pull-Up Resistor assignments found. ; I/O  ;                   ;
; Inapplicable ; IO_000045 ; I/O Properties Checks for One I/O ; The I/O standard should support the requested Slew Rate value.                     ; Critical ; No Slew Rate assignments found.                                          ; I/O  ;                   ;
; Inapplicable ; IO_000046 ; I/O Properties Checks for One I/O ; The location should support the requested Slew Rate value.                         ; Critical ; No Slew Rate assignments found.                                          ; I/O  ;                   ;
; Inapplicable ; IO_000047 ; I/O Properties Checks for One I/O ; On Chip Termination and Slew Rate should not be used at the same time.             ; Critical ; No Slew Rate assignments found.                                          ; I/O  ;                   ;
; Inapplicable ; IO_000034 ; SI Related Distance Checks        ; Single-ended outputs should be 0 LAB row(s) away from a differential I/O.          ; High     ; No Differential I/O Standard assignments found.                          ; I/O  ;                   ;
+--------------+-----------+-----------------------------------+------------------------------------------------------------------------------------+----------+--------------------------------------------------------------------------+------+-------------------+


+----------------------------------------------------------------------------------------------------------------------------------------------------------------------------------------------------------------------------------------------------------------------------------------------------------------------------------------------------------------------------------------------------------------------------------------------------------------+
; I/O Rules Matrix                                                                                                                                                                                                                                                                                                                                                                                                                                               ;
+-------------------------------------+--------------+--------------+--------------+--------------+--------------+-----------+--------------+--------------+-----------+-----------+--------------+--------------+--------------+--------------+--------------+--------------+--------------+--------------+--------------+--------------+--------------+--------------+--------------+--------------+--------------+--------------+--------------+--------------+
; Pin/Rules                           ; IO_000001    ; IO_000002    ; IO_000003    ; IO_000004    ; IO_000005    ; IO_000006 ; IO_000007    ; IO_000008    ; IO_000009 ; IO_000010 ; IO_000011    ; IO_000012    ; IO_000013    ; IO_000014    ; IO_000015    ; IO_000018    ; IO_000019    ; IO_000020    ; IO_000021    ; IO_000022    ; IO_000023    ; IO_000024    ; IO_000026    ; IO_000027    ; IO_000045    ; IO_000046    ; IO_000047    ; IO_000034    ;
+-------------------------------------+--------------+--------------+--------------+--------------+--------------+-----------+--------------+--------------+-----------+-----------+--------------+--------------+--------------+--------------+--------------+--------------+--------------+--------------+--------------+--------------+--------------+--------------+--------------+--------------+--------------+--------------+--------------+--------------+
; Total Pass                          ; 40           ; 0            ; 40           ; 0            ; 0            ; 44        ; 40           ; 0            ; 44        ; 44        ; 0            ; 0            ; 0            ; 0            ; 0            ; 0            ; 0            ; 0            ; 0            ; 0            ; 0            ; 0            ; 0            ; 0            ; 0            ; 0            ; 0            ; 0            ;
; Total Unchecked                     ; 0            ; 0            ; 0            ; 0            ; 0            ; 0         ; 0            ; 0            ; 0         ; 0         ; 0            ; 0            ; 0            ; 0            ; 0            ; 0            ; 0            ; 0            ; 0            ; 0            ; 0            ; 0            ; 0            ; 0            ; 0            ; 0            ; 0            ; 0            ;
; Total Inapplicable                  ; 4            ; 44           ; 4            ; 44           ; 44           ; 0         ; 4            ; 44           ; 0         ; 0         ; 44           ; 44           ; 44           ; 44           ; 44           ; 44           ; 44           ; 44           ; 44           ; 44           ; 44           ; 44           ; 44           ; 44           ; 44           ; 44           ; 44           ; 44           ;
; Total Fail                          ; 0            ; 0            ; 0            ; 0            ; 0            ; 0         ; 0            ; 0            ; 0         ; 0         ; 0            ; 0            ; 0            ; 0            ; 0            ; 0            ; 0            ; 0            ; 0            ; 0            ; 0            ; 0            ; 0            ; 0            ; 0            ; 0            ; 0            ; 0            ;
; hdmi_de                             ; Pass         ; Inapplicable ; Pass         ; Inapplicable ; Inapplicable ; Pass      ; Pass         ; Inapplicable ; Pass      ; Pass      ; Inapplicable ; Inapplicable ; Inapplicable ; Inapplicable ; Inapplicable ; Inapplicable ; Inapplicable ; Inapplicable ; Inapplicable ; Inapplicable ; Inapplicable ; Inapplicable ; Inapplicable ; Inapplicable ; Inapplicable ; Inapplicable ; Inapplicable ; Inapplicable ;
; hdmi_hs                             ; Pass         ; Inapplicable ; Pass         ; Inapplicable ; Inapplicable ; Pass      ; Pass         ; Inapplicable ; Pass      ; Pass      ; Inapplicable ; Inapplicable ; Inapplicable ; Inapplicable ; Inapplicable ; Inapplicable ; Inapplicable ; Inapplicable ; Inapplicable ; Inapplicable ; Inapplicable ; Inapplicable ; Inapplicable ; Inapplicable ; Inapplicable ; Inapplicable ; Inapplicable ; Inapplicable ;
; hdmi_vs                             ; Pass         ; Inapplicable ; Pass         ; Inapplicable ; Inapplicable ; Pass      ; Pass         ; Inapplicable ; Pass      ; Pass      ; Inapplicable ; Inapplicable ; Inapplicable ; Inapplicable ; Inapplicable ; Inapplicable ; Inapplicable ; Inapplicable ; Inapplicable ; Inapplicable ; Inapplicable ; Inapplicable ; Inapplicable ; Inapplicable ; Inapplicable ; Inapplicable ; Inapplicable ; Inapplicable ;
; hdmi_clk                            ; Pass         ; Inapplicable ; Pass         ; Inapplicable ; Inapplicable ; Pass      ; Pass         ; Inapplicable ; Pass      ; Pass      ; Inapplicable ; Inapplicable ; Inapplicable ; Inapplicable ; Inapplicable ; Inapplicable ; Inapplicable ; Inapplicable ; Inapplicable ; Inapplicable ; Inapplicable ; Inapplicable ; Inapplicable ; Inapplicable ; Inapplicable ; Inapplicable ; Inapplicable ; Inapplicable ;
; hdmi_data[23]                       ; Pass         ; Inapplicable ; Pass         ; Inapplicable ; Inapplicable ; Pass      ; Pass         ; Inapplicable ; Pass      ; Pass      ; Inapplicable ; Inapplicable ; Inapplicable ; Inapplicable ; Inapplicable ; Inapplicable ; Inapplicable ; Inapplicable ; Inapplicable ; Inapplicable ; Inapplicable ; Inapplicable ; Inapplicable ; Inapplicable ; Inapplicable ; Inapplicable ; Inapplicable ; Inapplicable ;
; hdmi_data[22]                       ; Pass         ; Inapplicable ; Pass         ; Inapplicable ; Inapplicable ; Pass      ; Pass         ; Inapplicable ; Pass      ; Pass      ; Inapplicable ; Inapplicable ; Inapplicable ; Inapplicable ; Inapplicable ; Inapplicable ; Inapplicable ; Inapplicable ; Inapplicable ; Inapplicable ; Inapplicable ; Inapplicable ; Inapplicable ; Inapplicable ; Inapplicable ; Inapplicable ; Inapplicable ; Inapplicable ;
; hdmi_data[21]                       ; Pass         ; Inapplicable ; Pass         ; Inapplicable ; Inapplicable ; Pass      ; Pass         ; Inapplicable ; Pass      ; Pass      ; Inapplicable ; Inapplicable ; Inapplicable ; Inapplicable ; Inapplicable ; Inapplicable ; Inapplicable ; Inapplicable ; Inapplicable ; Inapplicable ; Inapplicable ; Inapplicable ; Inapplicable ; Inapplicable ; Inapplicable ; Inapplicable ; Inapplicable ; Inapplicable ;
; hdmi_data[20]                       ; Pass         ; Inapplicable ; Pass         ; Inapplicable ; Inapplicable ; Pass      ; Pass         ; Inapplicable ; Pass      ; Pass      ; Inapplicable ; Inapplicable ; Inapplicable ; Inapplicable ; Inapplicable ; Inapplicable ; Inapplicable ; Inapplicable ; Inapplicable ; Inapplicable ; Inapplicable ; Inapplicable ; Inapplicable ; Inapplicable ; Inapplicable ; Inapplicable ; Inapplicable ; Inapplicable ;
; hdmi_data[19]                       ; Pass         ; Inapplicable ; Pass         ; Inapplicable ; Inapplicable ; Pass      ; Pass         ; Inapplicable ; Pass      ; Pass      ; Inapplicable ; Inapplicable ; Inapplicable ; Inapplicable ; Inapplicable ; Inapplicable ; Inapplicable ; Inapplicable ; Inapplicable ; Inapplicable ; Inapplicable ; Inapplicable ; Inapplicable ; Inapplicable ; Inapplicable ; Inapplicable ; Inapplicable ; Inapplicable ;
; hdmi_data[18]                       ; Pass         ; Inapplicable ; Pass         ; Inapplicable ; Inapplicable ; Pass      ; Pass         ; Inapplicable ; Pass      ; Pass      ; Inapplicable ; Inapplicable ; Inapplicable ; Inapplicable ; Inapplicable ; Inapplicable ; Inapplicable ; Inapplicable ; Inapplicable ; Inapplicable ; Inapplicable ; Inapplicable ; Inapplicable ; Inapplicable ; Inapplicable ; Inapplicable ; Inapplicable ; Inapplicable ;
; hdmi_data[17]                       ; Pass         ; Inapplicable ; Pass         ; Inapplicable ; Inapplicable ; Pass      ; Pass         ; Inapplicable ; Pass      ; Pass      ; Inapplicable ; Inapplicable ; Inapplicable ; Inapplicable ; Inapplicable ; Inapplicable ; Inapplicable ; Inapplicable ; Inapplicable ; Inapplicable ; Inapplicable ; Inapplicable ; Inapplicable ; Inapplicable ; Inapplicable ; Inapplicable ; Inapplicable ; Inapplicable ;
; hdmi_data[16]                       ; Pass         ; Inapplicable ; Pass         ; Inapplicable ; Inapplicable ; Pass      ; Pass         ; Inapplicable ; Pass      ; Pass      ; Inapplicable ; Inapplicable ; Inapplicable ; Inapplicable ; Inapplicable ; Inapplicable ; Inapplicable ; Inapplicable ; Inapplicable ; Inapplicable ; Inapplicable ; Inapplicable ; Inapplicable ; Inapplicable ; Inapplicable ; Inapplicable ; Inapplicable ; Inapplicable ;
; hdmi_data[15]                       ; Pass         ; Inapplicable ; Pass         ; Inapplicable ; Inapplicable ; Pass      ; Pass         ; Inapplicable ; Pass      ; Pass      ; Inapplicable ; Inapplicable ; Inapplicable ; Inapplicable ; Inapplicable ; Inapplicable ; Inapplicable ; Inapplicable ; Inapplicable ; Inapplicable ; Inapplicable ; Inapplicable ; Inapplicable ; Inapplicable ; Inapplicable ; Inapplicable ; Inapplicable ; Inapplicable ;
; hdmi_data[14]                       ; Pass         ; Inapplicable ; Pass         ; Inapplicable ; Inapplicable ; Pass      ; Pass         ; Inapplicable ; Pass      ; Pass      ; Inapplicable ; Inapplicable ; Inapplicable ; Inapplicable ; Inapplicable ; Inapplicable ; Inapplicable ; Inapplicable ; Inapplicable ; Inapplicable ; Inapplicable ; Inapplicable ; Inapplicable ; Inapplicable ; Inapplicable ; Inapplicable ; Inapplicable ; Inapplicable ;
; hdmi_data[13]                       ; Pass         ; Inapplicable ; Pass         ; Inapplicable ; Inapplicable ; Pass      ; Pass         ; Inapplicable ; Pass      ; Pass      ; Inapplicable ; Inapplicable ; Inapplicable ; Inapplicable ; Inapplicable ; Inapplicable ; Inapplicable ; Inapplicable ; Inapplicable ; Inapplicable ; Inapplicable ; Inapplicable ; Inapplicable ; Inapplicable ; Inapplicable ; Inapplicable ; Inapplicable ; Inapplicable ;
; hdmi_data[12]                       ; Pass         ; Inapplicable ; Pass         ; Inapplicable ; Inapplicable ; Pass      ; Pass         ; Inapplicable ; Pass      ; Pass      ; Inapplicable ; Inapplicable ; Inapplicable ; Inapplicable ; Inapplicable ; Inapplicable ; Inapplicable ; Inapplicable ; Inapplicable ; Inapplicable ; Inapplicable ; Inapplicable ; Inapplicable ; Inapplicable ; Inapplicable ; Inapplicable ; Inapplicable ; Inapplicable ;
; hdmi_data[11]                       ; Pass         ; Inapplicable ; Pass         ; Inapplicable ; Inapplicable ; Pass      ; Pass         ; Inapplicable ; Pass      ; Pass      ; Inapplicable ; Inapplicable ; Inapplicable ; Inapplicable ; Inapplicable ; Inapplicable ; Inapplicable ; Inapplicable ; Inapplicable ; Inapplicable ; Inapplicable ; Inapplicable ; Inapplicable ; Inapplicable ; Inapplicable ; Inapplicable ; Inapplicable ; Inapplicable ;
; hdmi_data[10]                       ; Pass         ; Inapplicable ; Pass         ; Inapplicable ; Inapplicable ; Pass      ; Pass         ; Inapplicable ; Pass      ; Pass      ; Inapplicable ; Inapplicable ; Inapplicable ; Inapplicable ; Inapplicable ; Inapplicable ; Inapplicable ; Inapplicable ; Inapplicable ; Inapplicable ; Inapplicable ; Inapplicable ; Inapplicable ; Inapplicable ; Inapplicable ; Inapplicable ; Inapplicable ; Inapplicable ;
; hdmi_data[9]                        ; Pass         ; Inapplicable ; Pass         ; Inapplicable ; Inapplicable ; Pass      ; Pass         ; Inapplicable ; Pass      ; Pass      ; Inapplicable ; Inapplicable ; Inapplicable ; Inapplicable ; Inapplicable ; Inapplicable ; Inapplicable ; Inapplicable ; Inapplicable ; Inapplicable ; Inapplicable ; Inapplicable ; Inapplicable ; Inapplicable ; Inapplicable ; Inapplicable ; Inapplicable ; Inapplicable ;
; hdmi_data[8]                        ; Pass         ; Inapplicable ; Pass         ; Inapplicable ; Inapplicable ; Pass      ; Pass         ; Inapplicable ; Pass      ; Pass      ; Inapplicable ; Inapplicable ; Inapplicable ; Inapplicable ; Inapplicable ; Inapplicable ; Inapplicable ; Inapplicable ; Inapplicable ; Inapplicable ; Inapplicable ; Inapplicable ; Inapplicable ; Inapplicable ; Inapplicable ; Inapplicable ; Inapplicable ; Inapplicable ;
; hdmi_data[7]                        ; Pass         ; Inapplicable ; Pass         ; Inapplicable ; Inapplicable ; Pass      ; Pass         ; Inapplicable ; Pass      ; Pass      ; Inapplicable ; Inapplicable ; Inapplicable ; Inapplicable ; Inapplicable ; Inapplicable ; Inapplicable ; Inapplicable ; Inapplicable ; Inapplicable ; Inapplicable ; Inapplicable ; Inapplicable ; Inapplicable ; Inapplicable ; Inapplicable ; Inapplicable ; Inapplicable ;
; hdmi_data[6]                        ; Pass         ; Inapplicable ; Pass         ; Inapplicable ; Inapplicable ; Pass      ; Pass         ; Inapplicable ; Pass      ; Pass      ; Inapplicable ; Inapplicable ; Inapplicable ; Inapplicable ; Inapplicable ; Inapplicable ; Inapplicable ; Inapplicable ; Inapplicable ; Inapplicable ; Inapplicable ; Inapplicable ; Inapplicable ; Inapplicable ; Inapplicable ; Inapplicable ; Inapplicable ; Inapplicable ;
; hdmi_data[5]                        ; Pass         ; Inapplicable ; Pass         ; Inapplicable ; Inapplicable ; Pass      ; Pass         ; Inapplicable ; Pass      ; Pass      ; Inapplicable ; Inapplicable ; Inapplicable ; Inapplicable ; Inapplicable ; Inapplicable ; Inapplicable ; Inapplicable ; Inapplicable ; Inapplicable ; Inapplicable ; Inapplicable ; Inapplicable ; Inapplicable ; Inapplicable ; Inapplicable ; Inapplicable ; Inapplicable ;
; hdmi_data[4]                        ; Pass         ; Inapplicable ; Pass         ; Inapplicable ; Inapplicable ; Pass      ; Pass         ; Inapplicable ; Pass      ; Pass      ; Inapplicable ; Inapplicable ; Inapplicable ; Inapplicable ; Inapplicable ; Inapplicable ; Inapplicable ; Inapplicable ; Inapplicable ; Inapplicable ; Inapplicable ; Inapplicable ; Inapplicable ; Inapplicable ; Inapplicable ; Inapplicable ; Inapplicable ; Inapplicable ;
; hdmi_data[3]                        ; Pass         ; Inapplicable ; Pass         ; Inapplicable ; Inapplicable ; Pass      ; Pass         ; Inapplicable ; Pass      ; Pass      ; Inapplicable ; Inapplicable ; Inapplicable ; Inapplicable ; Inapplicable ; Inapplicable ; Inapplicable ; Inapplicable ; Inapplicable ; Inapplicable ; Inapplicable ; Inapplicable ; Inapplicable ; Inapplicable ; Inapplicable ; Inapplicable ; Inapplicable ; Inapplicable ;
; hdmi_data[2]                        ; Pass         ; Inapplicable ; Pass         ; Inapplicable ; Inapplicable ; Pass      ; Pass         ; Inapplicable ; Pass      ; Pass      ; Inapplicable ; Inapplicable ; Inapplicable ; Inapplicable ; Inapplicable ; Inapplicable ; Inapplicable ; Inapplicable ; Inapplicable ; Inapplicable ; Inapplicable ; Inapplicable ; Inapplicable ; Inapplicable ; Inapplicable ; Inapplicable ; Inapplicable ; Inapplicable ;
; hdmi_data[1]                        ; Pass         ; Inapplicable ; Pass         ; Inapplicable ; Inapplicable ; Pass      ; Pass         ; Inapplicable ; Pass      ; Pass      ; Inapplicable ; Inapplicable ; Inapplicable ; Inapplicable ; Inapplicable ; Inapplicable ; Inapplicable ; Inapplicable ; Inapplicable ; Inapplicable ; Inapplicable ; Inapplicable ; Inapplicable ; Inapplicable ; Inapplicable ; Inapplicable ; Inapplicable ; Inapplicable ;
; hdmi_data[0]                        ; Pass         ; Inapplicable ; Pass         ; Inapplicable ; Inapplicable ; Pass      ; Pass         ; Inapplicable ; Pass      ; Pass      ; Inapplicable ; Inapplicable ; Inapplicable ; Inapplicable ; Inapplicable ; Inapplicable ; Inapplicable ; Inapplicable ; Inapplicable ; Inapplicable ; Inapplicable ; Inapplicable ; Inapplicable ; Inapplicable ; Inapplicable ; Inapplicable ; Inapplicable ; Inapplicable ;
; pio_0_external_connection_export[7] ; Pass         ; Inapplicable ; Pass         ; Inapplicable ; Inapplicable ; Pass      ; Pass         ; Inapplicable ; Pass      ; Pass      ; Inapplicable ; Inapplicable ; Inapplicable ; Inapplicable ; Inapplicable ; Inapplicable ; Inapplicable ; Inapplicable ; Inapplicable ; Inapplicable ; Inapplicable ; Inapplicable ; Inapplicable ; Inapplicable ; Inapplicable ; Inapplicable ; Inapplicable ; Inapplicable ;
; pio_0_external_connection_export[6] ; Pass         ; Inapplicable ; Pass         ; Inapplicable ; Inapplicable ; Pass      ; Pass         ; Inapplicable ; Pass      ; Pass      ; Inapplicable ; Inapplicable ; Inapplicable ; Inapplicable ; Inapplicable ; Inapplicable ; Inapplicable ; Inapplicable ; Inapplicable ; Inapplicable ; Inapplicable ; Inapplicable ; Inapplicable ; Inapplicable ; Inapplicable ; Inapplicable ; Inapplicable ; Inapplicable ;
; pio_0_external_connection_export[5] ; Pass         ; Inapplicable ; Pass         ; Inapplicable ; Inapplicable ; Pass      ; Pass         ; Inapplicable ; Pass      ; Pass      ; Inapplicable ; Inapplicable ; Inapplicable ; Inapplicable ; Inapplicable ; Inapplicable ; Inapplicable ; Inapplicable ; Inapplicable ; Inapplicable ; Inapplicable ; Inapplicable ; Inapplicable ; Inapplicable ; Inapplicable ; Inapplicable ; Inapplicable ; Inapplicable ;
; pio_0_external_connection_export[4] ; Pass         ; Inapplicable ; Pass         ; Inapplicable ; Inapplicable ; Pass      ; Pass         ; Inapplicable ; Pass      ; Pass      ; Inapplicable ; Inapplicable ; Inapplicable ; Inapplicable ; Inapplicable ; Inapplicable ; Inapplicable ; Inapplicable ; Inapplicable ; Inapplicable ; Inapplicable ; Inapplicable ; Inapplicable ; Inapplicable ; Inapplicable ; Inapplicable ; Inapplicable ; Inapplicable ;
; pio_0_external_connection_export[3] ; Pass         ; Inapplicable ; Pass         ; Inapplicable ; Inapplicable ; Pass      ; Pass         ; Inapplicable ; Pass      ; Pass      ; Inapplicable ; Inapplicable ; Inapplicable ; Inapplicable ; Inapplicable ; Inapplicable ; Inapplicable ; Inapplicable ; Inapplicable ; Inapplicable ; Inapplicable ; Inapplicable ; Inapplicable ; Inapplicable ; Inapplicable ; Inapplicable ; Inapplicable ; Inapplicable ;
; pio_0_external_connection_export[2] ; Pass         ; Inapplicable ; Pass         ; Inapplicable ; Inapplicable ; Pass      ; Pass         ; Inapplicable ; Pass      ; Pass      ; Inapplicable ; Inapplicable ; Inapplicable ; Inapplicable ; Inapplicable ; Inapplicable ; Inapplicable ; Inapplicable ; Inapplicable ; Inapplicable ; Inapplicable ; Inapplicable ; Inapplicable ; Inapplicable ; Inapplicable ; Inapplicable ; Inapplicable ; Inapplicable ;
; pio_0_external_connection_export[1] ; Pass         ; Inapplicable ; Pass         ; Inapplicable ; Inapplicable ; Pass      ; Pass         ; Inapplicable ; Pass      ; Pass      ; Inapplicable ; Inapplicable ; Inapplicable ; Inapplicable ; Inapplicable ; Inapplicable ; Inapplicable ; Inapplicable ; Inapplicable ; Inapplicable ; Inapplicable ; Inapplicable ; Inapplicable ; Inapplicable ; Inapplicable ; Inapplicable ; Inapplicable ; Inapplicable ;
; pio_0_external_connection_export[0] ; Pass         ; Inapplicable ; Pass         ; Inapplicable ; Inapplicable ; Pass      ; Pass         ; Inapplicable ; Pass      ; Pass      ; Inapplicable ; Inapplicable ; Inapplicable ; Inapplicable ; Inapplicable ; Inapplicable ; Inapplicable ; Inapplicable ; Inapplicable ; Inapplicable ; Inapplicable ; Inapplicable ; Inapplicable ; Inapplicable ; Inapplicable ; Inapplicable ; Inapplicable ; Inapplicable ;
; synchro_trame                       ; Pass         ; Inapplicable ; Pass         ; Inapplicable ; Inapplicable ; Pass      ; Pass         ; Inapplicable ; Pass      ; Pass      ; Inapplicable ; Inapplicable ; Inapplicable ; Inapplicable ; Inapplicable ; Inapplicable ; Inapplicable ; Inapplicable ; Inapplicable ; Inapplicable ; Inapplicable ; Inapplicable ; Inapplicable ; Inapplicable ; Inapplicable ; Inapplicable ; Inapplicable ; Inapplicable ;
; clk_clk                             ; Pass         ; Inapplicable ; Pass         ; Inapplicable ; Inapplicable ; Pass      ; Pass         ; Inapplicable ; Pass      ; Pass      ; Inapplicable ; Inapplicable ; Inapplicable ; Inapplicable ; Inapplicable ; Inapplicable ; Inapplicable ; Inapplicable ; Inapplicable ; Inapplicable ; Inapplicable ; Inapplicable ; Inapplicable ; Inapplicable ; Inapplicable ; Inapplicable ; Inapplicable ; Inapplicable ;
; reset_reset_n                       ; Pass         ; Inapplicable ; Pass         ; Inapplicable ; Inapplicable ; Pass      ; Pass         ; Inapplicable ; Pass      ; Pass      ; Inapplicable ; Inapplicable ; Inapplicable ; Inapplicable ; Inapplicable ; Inapplicable ; Inapplicable ; Inapplicable ; Inapplicable ; Inapplicable ; Inapplicable ; Inapplicable ; Inapplicable ; Inapplicable ; Inapplicable ; Inapplicable ; Inapplicable ; Inapplicable ;
; RGB_value                           ; Pass         ; Inapplicable ; Pass         ; Inapplicable ; Inapplicable ; Pass      ; Pass         ; Inapplicable ; Pass      ; Pass      ; Inapplicable ; Inapplicable ; Inapplicable ; Inapplicable ; Inapplicable ; Inapplicable ; Inapplicable ; Inapplicable ; Inapplicable ; Inapplicable ; Inapplicable ; Inapplicable ; Inapplicable ; Inapplicable ; Inapplicable ; Inapplicable ; Inapplicable ; Inapplicable ;
; altera_reserved_tms                 ; Inapplicable ; Inapplicable ; Inapplicable ; Inapplicable ; Inapplicable ; Pass      ; Inapplicable ; Inapplicable ; Pass      ; Pass      ; Inapplicable ; Inapplicable ; Inapplicable ; Inapplicable ; Inapplicable ; Inapplicable ; Inapplicable ; Inapplicable ; Inapplicable ; Inapplicable ; Inapplicable ; Inapplicable ; Inapplicable ; Inapplicable ; Inapplicable ; Inapplicable ; Inapplicable ; Inapplicable ;
; altera_reserved_tck                 ; Inapplicable ; Inapplicable ; Inapplicable ; Inapplicable ; Inapplicable ; Pass      ; Inapplicable ; Inapplicable ; Pass      ; Pass      ; Inapplicable ; Inapplicable ; Inapplicable ; Inapplicable ; Inapplicable ; Inapplicable ; Inapplicable ; Inapplicable ; Inapplicable ; Inapplicable ; Inapplicable ; Inapplicable ; Inapplicable ; Inapplicable ; Inapplicable ; Inapplicable ; Inapplicable ; Inapplicable ;
; altera_reserved_tdi                 ; Inapplicable ; Inapplicable ; Inapplicable ; Inapplicable ; Inapplicable ; Pass      ; Inapplicable ; Inapplicable ; Pass      ; Pass      ; Inapplicable ; Inapplicable ; Inapplicable ; Inapplicable ; Inapplicable ; Inapplicable ; Inapplicable ; Inapplicable ; Inapplicable ; Inapplicable ; Inapplicable ; Inapplicable ; Inapplicable ; Inapplicable ; Inapplicable ; Inapplicable ; Inapplicable ; Inapplicable ;
; altera_reserved_tdo                 ; Inapplicable ; Inapplicable ; Inapplicable ; Inapplicable ; Inapplicable ; Pass      ; Inapplicable ; Inapplicable ; Pass      ; Pass      ; Inapplicable ; Inapplicable ; Inapplicable ; Inapplicable ; Inapplicable ; Inapplicable ; Inapplicable ; Inapplicable ; Inapplicable ; Inapplicable ; Inapplicable ; Inapplicable ; Inapplicable ; Inapplicable ; Inapplicable ; Inapplicable ; Inapplicable ; Inapplicable ;
+-------------------------------------+--------------+--------------+--------------+--------------+--------------+-----------+--------------+--------------+-----------+-----------+--------------+--------------+--------------+--------------+--------------+--------------+--------------+--------------+--------------+--------------+--------------+--------------+--------------+--------------+--------------+--------------+--------------+--------------+


+------------------------------------------------------------------------------------------------+
; Fitter Device Options                                                                          ;
+------------------------------------------------------------------+-----------------------------+
; Option                                                           ; Setting                     ;
+------------------------------------------------------------------+-----------------------------+
; Enable user-supplied start-up clock (CLKUSR)                     ; Off                         ;
; Enable device-wide reset (DEV_CLRn)                              ; Off                         ;
; Enable device-wide output enable (DEV_OE)                        ; Off                         ;
; Enable INIT_DONE output                                          ; Off                         ;
; Configuration scheme                                             ; Passive Serial              ;
; Enable Error Detection CRC_ERROR pin                             ; Off                         ;
; Enable CvP_CONFDONE pin                                          ; Off                         ;
; Enable open drain on CRC_ERROR pin                               ; On                          ;
; Enable open drain on CvP_CONFDONE pin                            ; On                          ;
; Enable open drain on INIT_DONE pin                               ; On                          ;
; Enable open drain on Partial Reconfiguration pins                ; Off                         ;
; Enable open drain on nCEO pin                                    ; On                          ;
; Enable Partial Reconfiguration pins                              ; Off                         ;
; Enable input tri-state on active configuration pins in user mode ; Off                         ;
; Enable internal scrubbing                                        ; Off                         ;
; Active Serial clock source                                       ; 100 MHz Internal Oscillator ;
; Device initialization clock source                               ; Internal Oscillator         ;
; Configuration via Protocol                                       ; Off                         ;
; Configuration Voltage Level                                      ; Auto                        ;
; Force Configuration Voltage Level                                ; Off                         ;
; Enable nCEO output                                               ; Off                         ;
; Data[15..8]                                                      ; Unreserved                  ;
; Data[7..5]                                                       ; Unreserved                  ;
; Base pin-out file on sameframe device                            ; Off                         ;
+------------------------------------------------------------------+-----------------------------+


+------------------------------------+
; Operating Settings and Conditions  ;
+---------------------------+--------+
; Setting                   ; Value  ;
+---------------------------+--------+
; Nominal Core Voltage      ; 1.10 V ;
; Low Junction Temperature  ; -40 °C ;
; High Junction Temperature ; 100 °C ;
+---------------------------+--------+


+--------------------------------------------------------------------+
; Estimated Delay Added for Hold Timing Summary                      ;
+-------------------------+----------------------+-------------------+
; Source Clock(s)         ; Destination Clock(s) ; Delay Added in ns ;
+-------------------------+----------------------+-------------------+
; altera_reserved_tck     ; altera_reserved_tck  ; 247.4             ;
; I/O,altera_reserved_tck ; altera_reserved_tck  ; 13.4              ;
+-------------------------+----------------------+-------------------+
Note: For more information on problematic transfers, consider running the Fitter again with the Optimize hold timing option (Settings Menu) turned off.
This will disable optimization of problematic paths and expose them for further analysis using the TimeQuest Timing Analyzer.


+-----------------------------------------------------------------------------------------------------------------------------------------------------------------------------------------------------------------------------------------------------------------------------------------------------------------------------------------------------------------------------------------------------------------------------------------------------------------------------------------------------------------------------------------------------------------------------------------------------------------------------------------------------------------------------------------------------------------------------------------------------------------+
; Estimated Delay Added for Hold Timing Details                                                                                                                                                                                                                                                                                                                                                                                                                                                                                                                                                                                                                                                                                                                   ;
+-------------------------------------------------------------------------------------------------------------------------------------------------------------------------------------------------------------------------------------------------------------------------------------------------------------------------------------------------------------------------------------------------+-------------------------------------------------------------------------------------------------------------------------------------------------------------------------------------------------------------------------------------------------------------------------------------------------------------------------------------------+-------------------+
; Source Register                                                                                                                                                                                                                                                                                                                                                                                 ; Destination Register                                                                                                                                                                                                                                                                                                                      ; Delay Added in ns ;
+-------------------------------------------------------------------------------------------------------------------------------------------------------------------------------------------------------------------------------------------------------------------------------------------------------------------------------------------------------------------------------------------------+-------------------------------------------------------------------------------------------------------------------------------------------------------------------------------------------------------------------------------------------------------------------------------------------------------------------------------------------+-------------------+
; sld_hub:auto_hub|alt_sld_fab:\instrumentation_fabric_with_node_gen:fabric_gen_new_way:instrumentation_fabric|alt_sld_fab_alt_sld_fab:alt_sld_fab|alt_sld_fab_alt_sld_fab_sldfabric:sldfabric|sld_jtag_hub:\jtag_hub_gen:real_sld_jtag_hub|sld_shadow_jsm:shadow_jsm|state[7]                                                                                                                    ; sld_hub:auto_hub|alt_sld_fab:\instrumentation_fabric_with_node_gen:fabric_gen_new_way:instrumentation_fabric|alt_sld_fab_alt_sld_fab:alt_sld_fab|alt_sld_fab_alt_sld_fab_sldfabric:sldfabric|sld_jtag_hub:\jtag_hub_gen:real_sld_jtag_hub|irf_reg[1][0]                                                                                   ; 1.355             ;
; sld_hub:auto_hub|alt_sld_fab:\instrumentation_fabric_with_node_gen:fabric_gen_new_way:instrumentation_fabric|alt_sld_fab_alt_sld_fab:alt_sld_fab|alt_sld_fab_alt_sld_fab_sldfabric:sldfabric|sld_jtag_hub:\jtag_hub_gen:real_sld_jtag_hub|sld_rom_sr:hub_info_reg|word_counter[3]                                                                                                               ; sld_hub:auto_hub|alt_sld_fab:\instrumentation_fabric_with_node_gen:fabric_gen_new_way:instrumentation_fabric|alt_sld_fab_alt_sld_fab:alt_sld_fab|alt_sld_fab_alt_sld_fab_sldfabric:sldfabric|sld_jtag_hub:\jtag_hub_gen:real_sld_jtag_hub|sld_rom_sr:hub_info_reg|word_counter[0]                                                         ; 1.340             ;
; sld_hub:auto_hub|alt_sld_fab:\instrumentation_fabric_with_node_gen:fabric_gen_new_way:instrumentation_fabric|alt_sld_fab_alt_sld_fab:alt_sld_fab|alt_sld_fab_alt_sld_fab_sldfabric:sldfabric|sld_jtag_hub:\jtag_hub_gen:real_sld_jtag_hub|sld_shadow_jsm:shadow_jsm|state[5]                                                                                                                    ; sld_hub:auto_hub|alt_sld_fab:\instrumentation_fabric_with_node_gen:fabric_gen_new_way:instrumentation_fabric|alt_sld_fab_alt_sld_fab:alt_sld_fab|alt_sld_fab_alt_sld_fab_sldfabric:sldfabric|sld_jtag_hub:\jtag_hub_gen:real_sld_jtag_hub|irf_reg[1][0]                                                                                   ; 1.291             ;
; sld_hub:auto_hub|alt_sld_fab:\instrumentation_fabric_with_node_gen:fabric_gen_new_way:instrumentation_fabric|alt_sld_fab_alt_sld_fab:alt_sld_fab|alt_sld_fab_alt_sld_fab_sldfabric:sldfabric|sld_jtag_hub:\jtag_hub_gen:real_sld_jtag_hub|sld_shadow_jsm:shadow_jsm|state[8]                                                                                                                    ; sld_hub:auto_hub|alt_sld_fab:\instrumentation_fabric_with_node_gen:fabric_gen_new_way:instrumentation_fabric|alt_sld_fab_alt_sld_fab:alt_sld_fab|alt_sld_fab_alt_sld_fab_sldfabric:sldfabric|sld_jtag_hub:\jtag_hub_gen:real_sld_jtag_hub|sld_rom_sr:hub_info_reg|word_counter[5]                                                         ; 1.194             ;
; niosii:inst13|niosii_nios2_gen2_0:nios2_gen2_0|niosii_nios2_gen2_0_cpu:cpu|niosii_nios2_gen2_0_cpu_nios2_oci:the_niosii_nios2_gen2_0_cpu_nios2_oci|niosii_nios2_gen2_0_cpu_debug_slave_wrapper:the_niosii_nios2_gen2_0_cpu_debug_slave_wrapper|niosii_nios2_gen2_0_cpu_debug_slave_tck:the_niosii_nios2_gen2_0_cpu_debug_slave_tck|DRsize.010                                                   ; niosii:inst13|niosii_nios2_gen2_0:nios2_gen2_0|niosii_nios2_gen2_0_cpu:cpu|niosii_nios2_gen2_0_cpu_nios2_oci:the_niosii_nios2_gen2_0_cpu_nios2_oci|niosii_nios2_gen2_0_cpu_debug_slave_wrapper:the_niosii_nios2_gen2_0_cpu_debug_slave_wrapper|niosii_nios2_gen2_0_cpu_debug_slave_tck:the_niosii_nios2_gen2_0_cpu_debug_slave_tck|sr[15] ; 1.166             ;
; niosii:inst13|niosii_nios2_gen2_0:nios2_gen2_0|niosii_nios2_gen2_0_cpu:cpu|niosii_nios2_gen2_0_cpu_nios2_oci:the_niosii_nios2_gen2_0_cpu_nios2_oci|niosii_nios2_gen2_0_cpu_debug_slave_wrapper:the_niosii_nios2_gen2_0_cpu_debug_slave_wrapper|niosii_nios2_gen2_0_cpu_debug_slave_tck:the_niosii_nios2_gen2_0_cpu_debug_slave_tck|DRsize.100                                                   ; niosii:inst13|niosii_nios2_gen2_0:nios2_gen2_0|niosii_nios2_gen2_0_cpu:cpu|niosii_nios2_gen2_0_cpu_nios2_oci:the_niosii_nios2_gen2_0_cpu_nios2_oci|niosii_nios2_gen2_0_cpu_debug_slave_wrapper:the_niosii_nios2_gen2_0_cpu_debug_slave_wrapper|niosii_nios2_gen2_0_cpu_debug_slave_tck:the_niosii_nios2_gen2_0_cpu_debug_slave_tck|sr[35] ; 1.122             ;
; pzdyqx:nabboc|pzdyqx_impl:pzdyqx_impl_inst|PUDL0439:ESUL0435|LCFH1028[3]                                                                                                                                                                                                                                                                                                                        ; pzdyqx:nabboc|pzdyqx_impl:pzdyqx_impl_inst|PUDL0439:ESUL0435|YROJ4113[1]                                                                                                                                                                                                                                                                  ; 1.121             ;
; pzdyqx:nabboc|pzdyqx_impl:pzdyqx_impl_inst|PUDL0439:ESUL0435|LCFH1028[0]                                                                                                                                                                                                                                                                                                                        ; pzdyqx:nabboc|pzdyqx_impl:pzdyqx_impl_inst|PUDL0439:ESUL0435|YROJ4113[3]                                                                                                                                                                                                                                                                  ; 1.121             ;
; sld_hub:auto_hub|alt_sld_fab:\instrumentation_fabric_with_node_gen:fabric_gen_new_way:instrumentation_fabric|alt_sld_fab_alt_sld_fab:alt_sld_fab|alt_sld_fab_alt_sld_fab_sldfabric:sldfabric|sld_jtag_hub:\jtag_hub_gen:real_sld_jtag_hub|sld_shadow_jsm:shadow_jsm|state[4]                                                                                                                    ; niosii:inst13|niosii_nios2_gen2_0:nios2_gen2_0|niosii_nios2_gen2_0_cpu:cpu|niosii_nios2_gen2_0_cpu_nios2_oci:the_niosii_nios2_gen2_0_cpu_nios2_oci|niosii_nios2_gen2_0_cpu_debug_slave_wrapper:the_niosii_nios2_gen2_0_cpu_debug_slave_wrapper|niosii_nios2_gen2_0_cpu_debug_slave_tck:the_niosii_nios2_gen2_0_cpu_debug_slave_tck|sr[31] ; 1.120             ;
; pzdyqx:nabboc|pzdyqx_impl:pzdyqx_impl_inst|PUDL0439:ESUL0435|LCFH1028[1]                                                                                                                                                                                                                                                                                                                        ; pzdyqx:nabboc|pzdyqx_impl:pzdyqx_impl_inst|PUDL0439:ESUL0435|YROJ4113[2]                                                                                                                                                                                                                                                                  ; 1.119             ;
; sld_hub:auto_hub|alt_sld_fab:\instrumentation_fabric_with_node_gen:fabric_gen_new_way:instrumentation_fabric|alt_sld_fab_alt_sld_fab:alt_sld_fab|splitter_nodes_receive_1[3]                                                                                                                                                                                                                    ; niosii:inst13|niosii_nios2_gen2_0:nios2_gen2_0|niosii_nios2_gen2_0_cpu:cpu|niosii_nios2_gen2_0_cpu_nios2_oci:the_niosii_nios2_gen2_0_cpu_nios2_oci|niosii_nios2_gen2_0_cpu_debug_slave_wrapper:the_niosii_nios2_gen2_0_cpu_debug_slave_wrapper|niosii_nios2_gen2_0_cpu_debug_slave_tck:the_niosii_nios2_gen2_0_cpu_debug_slave_tck|sr[31] ; 1.112             ;
; pzdyqx:nabboc|pzdyqx_impl:pzdyqx_impl_inst|PUDL0439:ESUL0435|LCFH1028[4]                                                                                                                                                                                                                                                                                                                        ; pzdyqx:nabboc|pzdyqx_impl:pzdyqx_impl_inst|PUDL0439:ESUL0435|YROJ4113[0]                                                                                                                                                                                                                                                                  ; 1.110             ;
; sld_hub:auto_hub|alt_sld_fab:\instrumentation_fabric_with_node_gen:fabric_gen_new_way:instrumentation_fabric|alt_sld_fab_alt_sld_fab:alt_sld_fab|alt_sld_fab_alt_sld_fab_sldfabric:sldfabric|sld_jtag_hub:\jtag_hub_gen:real_sld_jtag_hub|jtag_ir_reg[6]                                                                                                                                        ; sld_hub:auto_hub|alt_sld_fab:\instrumentation_fabric_with_node_gen:fabric_gen_new_way:instrumentation_fabric|alt_sld_fab_alt_sld_fab:alt_sld_fab|alt_sld_fab_alt_sld_fab_sldfabric:sldfabric|sld_jtag_hub:\jtag_hub_gen:real_sld_jtag_hub|virtual_ir_scan_reg                                                                             ; 1.106             ;
; sld_hub:auto_hub|alt_sld_fab:\instrumentation_fabric_with_node_gen:fabric_gen_new_way:instrumentation_fabric|alt_sld_fab_alt_sld_fab:alt_sld_fab|alt_sld_fab_alt_sld_fab_sldfabric:sldfabric|sld_jtag_hub:\jtag_hub_gen:real_sld_jtag_hub|jtag_ir_reg[3]                                                                                                                                        ; sld_hub:auto_hub|alt_sld_fab:\instrumentation_fabric_with_node_gen:fabric_gen_new_way:instrumentation_fabric|alt_sld_fab_alt_sld_fab:alt_sld_fab|alt_sld_fab_alt_sld_fab_sldfabric:sldfabric|sld_jtag_hub:\jtag_hub_gen:real_sld_jtag_hub|virtual_ir_scan_reg                                                                             ; 1.077             ;
; pzdyqx:nabboc|pzdyqx_impl:pzdyqx_impl_inst|PUDL0439:ESUL0435|LCFH1028[2]                                                                                                                                                                                                                                                                                                                        ; pzdyqx:nabboc|pzdyqx_impl:pzdyqx_impl_inst|PUDL0439:ESUL0435|YROJ4113[2]                                                                                                                                                                                                                                                                  ; 1.075             ;
; sld_hub:auto_hub|alt_sld_fab:\instrumentation_fabric_with_node_gen:fabric_gen_new_way:instrumentation_fabric|alt_sld_fab_alt_sld_fab:alt_sld_fab|alt_sld_fab_alt_sld_fab_sldfabric:sldfabric|sld_jtag_hub:\jtag_hub_gen:real_sld_jtag_hub|sld_rom_sr:hub_info_reg|word_counter[1]                                                                                                               ; sld_hub:auto_hub|alt_sld_fab:\instrumentation_fabric_with_node_gen:fabric_gen_new_way:instrumentation_fabric|alt_sld_fab_alt_sld_fab:alt_sld_fab|alt_sld_fab_alt_sld_fab_sldfabric:sldfabric|sld_jtag_hub:\jtag_hub_gen:real_sld_jtag_hub|sld_rom_sr:hub_info_reg|WORD_SR[2]                                                              ; 1.071             ;
; sld_hub:auto_hub|alt_sld_fab:\instrumentation_fabric_with_node_gen:fabric_gen_new_way:instrumentation_fabric|alt_sld_fab_alt_sld_fab:alt_sld_fab|alt_sld_fab_alt_sld_fab_sldfabric:sldfabric|sld_jtag_hub:\jtag_hub_gen:real_sld_jtag_hub|jtag_ir_reg[1]                                                                                                                                        ; sld_hub:auto_hub|alt_sld_fab:\instrumentation_fabric_with_node_gen:fabric_gen_new_way:instrumentation_fabric|alt_sld_fab_alt_sld_fab:alt_sld_fab|alt_sld_fab_alt_sld_fab_sldfabric:sldfabric|sld_jtag_hub:\jtag_hub_gen:real_sld_jtag_hub|virtual_ir_scan_reg                                                                             ; 1.069             ;
; niosii:inst13|niosii_nios2_gen2_0:nios2_gen2_0|niosii_nios2_gen2_0_cpu:cpu|niosii_nios2_gen2_0_cpu_nios2_oci:the_niosii_nios2_gen2_0_cpu_nios2_oci|niosii_nios2_gen2_0_cpu_debug_slave_wrapper:the_niosii_nios2_gen2_0_cpu_debug_slave_wrapper|niosii_nios2_gen2_0_cpu_debug_slave_tck:the_niosii_nios2_gen2_0_cpu_debug_slave_tck|sr[35]                                                       ; niosii:inst13|niosii_nios2_gen2_0:nios2_gen2_0|niosii_nios2_gen2_0_cpu:cpu|niosii_nios2_gen2_0_cpu_nios2_oci:the_niosii_nios2_gen2_0_cpu_nios2_oci|niosii_nios2_gen2_0_cpu_debug_slave_wrapper:the_niosii_nios2_gen2_0_cpu_debug_slave_wrapper|niosii_nios2_gen2_0_cpu_debug_slave_tck:the_niosii_nios2_gen2_0_cpu_debug_slave_tck|sr[34] ; 1.065             ;
; sld_hub:auto_hub|alt_sld_fab:\instrumentation_fabric_with_node_gen:fabric_gen_new_way:instrumentation_fabric|alt_sld_fab_alt_sld_fab:alt_sld_fab|alt_sld_fab_alt_sld_fab_sldfabric:sldfabric|sld_jtag_hub:\jtag_hub_gen:real_sld_jtag_hub|jtag_ir_reg[2]                                                                                                                                        ; sld_hub:auto_hub|alt_sld_fab:\instrumentation_fabric_with_node_gen:fabric_gen_new_way:instrumentation_fabric|alt_sld_fab_alt_sld_fab:alt_sld_fab|alt_sld_fab_alt_sld_fab_sldfabric:sldfabric|sld_jtag_hub:\jtag_hub_gen:real_sld_jtag_hub|virtual_ir_scan_reg                                                                             ; 1.062             ;
; niosii:inst13|niosii_jtag_uart_0:jtag_uart_0|alt_jtag_atlantic:niosii_jtag_uart_0_alt_jtag_atlantic|user_saw_rvalid                                                                                                                                                                                                                                                                             ; niosii:inst13|niosii_jtag_uart_0:jtag_uart_0|alt_jtag_atlantic:niosii_jtag_uart_0_alt_jtag_atlantic|td_shift[0]                                                                                                                                                                                                                           ; 1.059             ;
; niosii:inst13|niosii_jtag_uart_0:jtag_uart_0|alt_jtag_atlantic:niosii_jtag_uart_0_alt_jtag_atlantic|td_shift[9]                                                                                                                                                                                                                                                                                 ; niosii:inst13|niosii_jtag_uart_0:jtag_uart_0|alt_jtag_atlantic:niosii_jtag_uart_0_alt_jtag_atlantic|td_shift[0]                                                                                                                                                                                                                           ; 1.059             ;
; niosii:inst13|niosii_jtag_uart_0:jtag_uart_0|alt_jtag_atlantic:niosii_jtag_uart_0_alt_jtag_atlantic|state                                                                                                                                                                                                                                                                                       ; niosii:inst13|niosii_jtag_uart_0:jtag_uart_0|alt_jtag_atlantic:niosii_jtag_uart_0_alt_jtag_atlantic|td_shift[0]                                                                                                                                                                                                                           ; 1.059             ;
; niosii:inst13|niosii_jtag_uart_0:jtag_uart_0|alt_jtag_atlantic:niosii_jtag_uart_0_alt_jtag_atlantic|count[1]                                                                                                                                                                                                                                                                                    ; niosii:inst13|niosii_jtag_uart_0:jtag_uart_0|alt_jtag_atlantic:niosii_jtag_uart_0_alt_jtag_atlantic|td_shift[0]                                                                                                                                                                                                                           ; 1.059             ;
; sld_hub:auto_hub|alt_sld_fab:\instrumentation_fabric_with_node_gen:fabric_gen_new_way:instrumentation_fabric|alt_sld_fab_alt_sld_fab:alt_sld_fab|alt_sld_fab_alt_sld_fab_sldfabric:sldfabric|sld_jtag_hub:\jtag_hub_gen:real_sld_jtag_hub|irf_reg[1][0]                                                                                                                                         ; niosii:inst13|niosii_jtag_uart_0:jtag_uart_0|alt_jtag_atlantic:niosii_jtag_uart_0_alt_jtag_atlantic|td_shift[0]                                                                                                                                                                                                                           ; 1.059             ;
; altera_reserved_tdi                                                                                                                                                                                                                                                                                                                                                                             ; niosii:inst13|niosii_jtag_uart_0:jtag_uart_0|alt_jtag_atlantic:niosii_jtag_uart_0_alt_jtag_atlantic|td_shift[0]                                                                                                                                                                                                                           ; 1.059             ;
; altera_internal_jtag~FF_20                                                                                                                                                                                                                                                                                                                                                                      ; niosii:inst13|niosii_jtag_uart_0:jtag_uart_0|alt_jtag_atlantic:niosii_jtag_uart_0_alt_jtag_atlantic|td_shift[0]                                                                                                                                                                                                                           ; 1.059             ;
; altera_internal_jtag~FF_39                                                                                                                                                                                                                                                                                                                                                                      ; niosii:inst13|niosii_jtag_uart_0:jtag_uart_0|alt_jtag_atlantic:niosii_jtag_uart_0_alt_jtag_atlantic|td_shift[0]                                                                                                                                                                                                                           ; 1.059             ;
; sld_hub:auto_hub|alt_sld_fab:\instrumentation_fabric_with_node_gen:fabric_gen_new_way:instrumentation_fabric|alt_sld_fab_alt_sld_fab:alt_sld_fab|alt_sld_fab_alt_sld_fab_sldfabric:sldfabric|sld_jtag_hub:\jtag_hub_gen:real_sld_jtag_hub|sld_rom_sr:hub_info_reg|word_counter[2]                                                                                                               ; sld_hub:auto_hub|alt_sld_fab:\instrumentation_fabric_with_node_gen:fabric_gen_new_way:instrumentation_fabric|alt_sld_fab_alt_sld_fab:alt_sld_fab|alt_sld_fab_alt_sld_fab_sldfabric:sldfabric|sld_jtag_hub:\jtag_hub_gen:real_sld_jtag_hub|sld_rom_sr:hub_info_reg|WORD_SR[2]                                                              ; 1.056             ;
; niosii:inst13|niosii_nios2_gen2_0:nios2_gen2_0|niosii_nios2_gen2_0_cpu:cpu|niosii_nios2_gen2_0_cpu_nios2_oci:the_niosii_nios2_gen2_0_cpu_nios2_oci|niosii_nios2_gen2_0_cpu_debug_slave_wrapper:the_niosii_nios2_gen2_0_cpu_debug_slave_wrapper|niosii_nios2_gen2_0_cpu_debug_slave_tck:the_niosii_nios2_gen2_0_cpu_debug_slave_tck|sr[27]                                                       ; niosii:inst13|niosii_nios2_gen2_0:nios2_gen2_0|niosii_nios2_gen2_0_cpu:cpu|niosii_nios2_gen2_0_cpu_nios2_oci:the_niosii_nios2_gen2_0_cpu_nios2_oci|niosii_nios2_gen2_0_cpu_debug_slave_wrapper:the_niosii_nios2_gen2_0_cpu_debug_slave_wrapper|niosii_nios2_gen2_0_cpu_debug_slave_tck:the_niosii_nios2_gen2_0_cpu_debug_slave_tck|sr[26] ; 1.043             ;
; niosii:inst13|niosii_nios2_gen2_0:nios2_gen2_0|niosii_nios2_gen2_0_cpu:cpu|niosii_nios2_gen2_0_cpu_nios2_oci:the_niosii_nios2_gen2_0_cpu_nios2_oci|niosii_nios2_gen2_0_cpu_debug_slave_wrapper:the_niosii_nios2_gen2_0_cpu_debug_slave_wrapper|niosii_nios2_gen2_0_cpu_debug_slave_tck:the_niosii_nios2_gen2_0_cpu_debug_slave_tck|sr[18]                                                       ; niosii:inst13|niosii_nios2_gen2_0:nios2_gen2_0|niosii_nios2_gen2_0_cpu:cpu|niosii_nios2_gen2_0_cpu_nios2_oci:the_niosii_nios2_gen2_0_cpu_nios2_oci|niosii_nios2_gen2_0_cpu_debug_slave_wrapper:the_niosii_nios2_gen2_0_cpu_debug_slave_wrapper|niosii_nios2_gen2_0_cpu_debug_slave_tck:the_niosii_nios2_gen2_0_cpu_debug_slave_tck|sr[17] ; 1.043             ;
; niosii:inst13|niosii_nios2_gen2_0:nios2_gen2_0|niosii_nios2_gen2_0_cpu:cpu|niosii_nios2_gen2_0_cpu_nios2_oci:the_niosii_nios2_gen2_0_cpu_nios2_oci|niosii_nios2_gen2_0_cpu_debug_slave_wrapper:the_niosii_nios2_gen2_0_cpu_debug_slave_wrapper|niosii_nios2_gen2_0_cpu_debug_slave_tck:the_niosii_nios2_gen2_0_cpu_debug_slave_tck|DRsize.000                                                   ; niosii:inst13|niosii_nios2_gen2_0:nios2_gen2_0|niosii_nios2_gen2_0_cpu:cpu|niosii_nios2_gen2_0_cpu_nios2_oci:the_niosii_nios2_gen2_0_cpu_nios2_oci|niosii_nios2_gen2_0_cpu_debug_slave_wrapper:the_niosii_nios2_gen2_0_cpu_debug_slave_wrapper|niosii_nios2_gen2_0_cpu_debug_slave_tck:the_niosii_nios2_gen2_0_cpu_debug_slave_tck|sr[0]  ; 1.042             ;
; sld_hub:auto_hub|alt_sld_fab:\instrumentation_fabric_with_node_gen:fabric_gen_new_way:instrumentation_fabric|alt_sld_fab_alt_sld_fab:alt_sld_fab|alt_sld_fab_alt_sld_fab_sldfabric:sldfabric|sld_jtag_hub:\jtag_hub_gen:real_sld_jtag_hub|jtag_ir_reg[4]                                                                                                                                        ; sld_hub:auto_hub|alt_sld_fab:\instrumentation_fabric_with_node_gen:fabric_gen_new_way:instrumentation_fabric|alt_sld_fab_alt_sld_fab:alt_sld_fab|alt_sld_fab_alt_sld_fab_sldfabric:sldfabric|sld_jtag_hub:\jtag_hub_gen:real_sld_jtag_hub|virtual_ir_scan_reg                                                                             ; 1.036             ;
; niosii:inst13|niosii_nios2_gen2_0:nios2_gen2_0|niosii_nios2_gen2_0_cpu:cpu|niosii_nios2_gen2_0_cpu_nios2_oci:the_niosii_nios2_gen2_0_cpu_nios2_oci|niosii_nios2_gen2_0_cpu_debug_slave_wrapper:the_niosii_nios2_gen2_0_cpu_debug_slave_wrapper|niosii_nios2_gen2_0_cpu_debug_slave_tck:the_niosii_nios2_gen2_0_cpu_debug_slave_tck|sr[25]                                                       ; niosii:inst13|niosii_nios2_gen2_0:nios2_gen2_0|niosii_nios2_gen2_0_cpu:cpu|niosii_nios2_gen2_0_cpu_nios2_oci:the_niosii_nios2_gen2_0_cpu_nios2_oci|niosii_nios2_gen2_0_cpu_debug_slave_wrapper:the_niosii_nios2_gen2_0_cpu_debug_slave_wrapper|niosii_nios2_gen2_0_cpu_debug_slave_tck:the_niosii_nios2_gen2_0_cpu_debug_slave_tck|sr[24] ; 1.035             ;
; niosii:inst13|niosii_nios2_gen2_0:nios2_gen2_0|niosii_nios2_gen2_0_cpu:cpu|niosii_nios2_gen2_0_cpu_nios2_oci:the_niosii_nios2_gen2_0_cpu_nios2_oci|niosii_nios2_gen2_0_cpu_debug_slave_wrapper:the_niosii_nios2_gen2_0_cpu_debug_slave_wrapper|niosii_nios2_gen2_0_cpu_debug_slave_tck:the_niosii_nios2_gen2_0_cpu_debug_slave_tck|sr[23]                                                       ; niosii:inst13|niosii_nios2_gen2_0:nios2_gen2_0|niosii_nios2_gen2_0_cpu:cpu|niosii_nios2_gen2_0_cpu_nios2_oci:the_niosii_nios2_gen2_0_cpu_nios2_oci|niosii_nios2_gen2_0_cpu_debug_slave_wrapper:the_niosii_nios2_gen2_0_cpu_debug_slave_wrapper|niosii_nios2_gen2_0_cpu_debug_slave_tck:the_niosii_nios2_gen2_0_cpu_debug_slave_tck|sr[22] ; 1.031             ;
; niosii:inst13|niosii_nios2_gen2_0:nios2_gen2_0|niosii_nios2_gen2_0_cpu:cpu|niosii_nios2_gen2_0_cpu_nios2_oci:the_niosii_nios2_gen2_0_cpu_nios2_oci|niosii_nios2_gen2_0_cpu_debug_slave_wrapper:the_niosii_nios2_gen2_0_cpu_debug_slave_wrapper|niosii_nios2_gen2_0_cpu_debug_slave_tck:the_niosii_nios2_gen2_0_cpu_debug_slave_tck|sr[28]                                                       ; niosii:inst13|niosii_nios2_gen2_0:nios2_gen2_0|niosii_nios2_gen2_0_cpu:cpu|niosii_nios2_gen2_0_cpu_nios2_oci:the_niosii_nios2_gen2_0_cpu_nios2_oci|niosii_nios2_gen2_0_cpu_debug_slave_wrapper:the_niosii_nios2_gen2_0_cpu_debug_slave_wrapper|niosii_nios2_gen2_0_cpu_debug_slave_tck:the_niosii_nios2_gen2_0_cpu_debug_slave_tck|sr[27] ; 1.030             ;
; niosii:inst13|niosii_nios2_gen2_0:nios2_gen2_0|niosii_nios2_gen2_0_cpu:cpu|niosii_nios2_gen2_0_cpu_nios2_oci:the_niosii_nios2_gen2_0_cpu_nios2_oci|niosii_nios2_gen2_0_cpu_debug_slave_wrapper:the_niosii_nios2_gen2_0_cpu_debug_slave_wrapper|niosii_nios2_gen2_0_cpu_debug_slave_tck:the_niosii_nios2_gen2_0_cpu_debug_slave_tck|sr[17]                                                       ; niosii:inst13|niosii_nios2_gen2_0:nios2_gen2_0|niosii_nios2_gen2_0_cpu:cpu|niosii_nios2_gen2_0_cpu_nios2_oci:the_niosii_nios2_gen2_0_cpu_nios2_oci|niosii_nios2_gen2_0_cpu_debug_slave_wrapper:the_niosii_nios2_gen2_0_cpu_debug_slave_wrapper|niosii_nios2_gen2_0_cpu_debug_slave_tck:the_niosii_nios2_gen2_0_cpu_debug_slave_tck|sr[16] ; 1.025             ;
; sld_hub:auto_hub|alt_sld_fab:\instrumentation_fabric_with_node_gen:fabric_gen_new_way:instrumentation_fabric|alt_sld_fab_alt_sld_fab:alt_sld_fab|alt_sld_fab_alt_sld_fab_sldfabric:sldfabric|sld_jtag_hub:\jtag_hub_gen:real_sld_jtag_hub|hub_mode_reg[1]                                                                                                                                       ; sld_hub:auto_hub|alt_sld_fab:\instrumentation_fabric_with_node_gen:fabric_gen_new_way:instrumentation_fabric|alt_sld_fab_alt_sld_fab:alt_sld_fab|alt_sld_fab_alt_sld_fab_sldfabric:sldfabric|sld_jtag_hub:\jtag_hub_gen:real_sld_jtag_hub|irf_reg[2][0]                                                                                   ; 1.007             ;
; niosii:inst13|niosii_nios2_gen2_0:nios2_gen2_0|niosii_nios2_gen2_0_cpu:cpu|niosii_nios2_gen2_0_cpu_nios2_oci:the_niosii_nios2_gen2_0_cpu_nios2_oci|niosii_nios2_gen2_0_cpu_debug_slave_wrapper:the_niosii_nios2_gen2_0_cpu_debug_slave_wrapper|niosii_nios2_gen2_0_cpu_debug_slave_tck:the_niosii_nios2_gen2_0_cpu_debug_slave_tck|sr[37]                                                       ; niosii:inst13|niosii_nios2_gen2_0:nios2_gen2_0|niosii_nios2_gen2_0_cpu:cpu|niosii_nios2_gen2_0_cpu_nios2_oci:the_niosii_nios2_gen2_0_cpu_nios2_oci|niosii_nios2_gen2_0_cpu_debug_slave_wrapper:the_niosii_nios2_gen2_0_cpu_debug_slave_wrapper|niosii_nios2_gen2_0_cpu_debug_slave_tck:the_niosii_nios2_gen2_0_cpu_debug_slave_tck|sr[36] ; 1.005             ;
; sld_hub:auto_hub|alt_sld_fab:\instrumentation_fabric_with_node_gen:fabric_gen_new_way:instrumentation_fabric|alt_sld_fab_alt_sld_fab:alt_sld_fab|alt_sld_fab_alt_sld_fab_sldfabric:sldfabric|sld_jtag_hub:\jtag_hub_gen:real_sld_jtag_hub|jtag_ir_reg[0]                                                                                                                                        ; sld_hub:auto_hub|alt_sld_fab:\instrumentation_fabric_with_node_gen:fabric_gen_new_way:instrumentation_fabric|alt_sld_fab_alt_sld_fab:alt_sld_fab|alt_sld_fab_alt_sld_fab_sldfabric:sldfabric|sld_jtag_hub:\jtag_hub_gen:real_sld_jtag_hub|virtual_ir_scan_reg                                                                             ; 1.002             ;
; sld_hub:auto_hub|alt_sld_fab:\instrumentation_fabric_with_node_gen:fabric_gen_new_way:instrumentation_fabric|alt_sld_fab_alt_sld_fab:alt_sld_fab|alt_sld_fab_alt_sld_fab_sldfabric:sldfabric|sld_jtag_hub:\jtag_hub_gen:real_sld_jtag_hub|design_hash_reg[3]                                                                                                                                    ; sld_hub:auto_hub|alt_sld_fab:\instrumentation_fabric_with_node_gen:fabric_gen_new_way:instrumentation_fabric|alt_sld_fab_alt_sld_fab:alt_sld_fab|alt_sld_fab_alt_sld_fab_sldfabric:sldfabric|sld_jtag_hub:\jtag_hub_gen:real_sld_jtag_hub|design_hash_reg[2]                                                                              ; 0.993             ;
; sld_hub:auto_hub|alt_sld_fab:\instrumentation_fabric_with_node_gen:fabric_gen_new_way:instrumentation_fabric|alt_sld_fab_alt_sld_fab:alt_sld_fab|alt_sld_fab_alt_sld_fab_sldfabric:sldfabric|sld_jtag_hub:\jtag_hub_gen:real_sld_jtag_hub|design_hash_reg[1]                                                                                                                                    ; sld_hub:auto_hub|alt_sld_fab:\instrumentation_fabric_with_node_gen:fabric_gen_new_way:instrumentation_fabric|alt_sld_fab_alt_sld_fab:alt_sld_fab|alt_sld_fab_alt_sld_fab_sldfabric:sldfabric|sld_jtag_hub:\jtag_hub_gen:real_sld_jtag_hub|design_hash_reg[0]                                                                              ; 0.993             ;
; niosii:inst13|niosii_nios2_gen2_0:nios2_gen2_0|niosii_nios2_gen2_0_cpu:cpu|niosii_nios2_gen2_0_cpu_nios2_oci:the_niosii_nios2_gen2_0_cpu_nios2_oci|niosii_nios2_gen2_0_cpu_debug_slave_wrapper:the_niosii_nios2_gen2_0_cpu_debug_slave_wrapper|niosii_nios2_gen2_0_cpu_debug_slave_tck:the_niosii_nios2_gen2_0_cpu_debug_slave_tck|sr[13]                                                       ; niosii:inst13|niosii_nios2_gen2_0:nios2_gen2_0|niosii_nios2_gen2_0_cpu:cpu|niosii_nios2_gen2_0_cpu_nios2_oci:the_niosii_nios2_gen2_0_cpu_nios2_oci|niosii_nios2_gen2_0_cpu_debug_slave_wrapper:the_niosii_nios2_gen2_0_cpu_debug_slave_wrapper|niosii_nios2_gen2_0_cpu_debug_slave_tck:the_niosii_nios2_gen2_0_cpu_debug_slave_tck|sr[12] ; 0.991             ;
; niosii:inst13|niosii_nios2_gen2_0:nios2_gen2_0|niosii_nios2_gen2_0_cpu:cpu|niosii_nios2_gen2_0_cpu_nios2_oci:the_niosii_nios2_gen2_0_cpu_nios2_oci|niosii_nios2_gen2_0_cpu_debug_slave_wrapper:the_niosii_nios2_gen2_0_cpu_debug_slave_wrapper|niosii_nios2_gen2_0_cpu_debug_slave_tck:the_niosii_nios2_gen2_0_cpu_debug_slave_tck|sr[9]                                                        ; niosii:inst13|niosii_nios2_gen2_0:nios2_gen2_0|niosii_nios2_gen2_0_cpu:cpu|niosii_nios2_gen2_0_cpu_nios2_oci:the_niosii_nios2_gen2_0_cpu_nios2_oci|niosii_nios2_gen2_0_cpu_debug_slave_wrapper:the_niosii_nios2_gen2_0_cpu_debug_slave_wrapper|niosii_nios2_gen2_0_cpu_debug_slave_tck:the_niosii_nios2_gen2_0_cpu_debug_slave_tck|sr[8]  ; 0.991             ;
; sld_hub:auto_hub|alt_sld_fab:\instrumentation_fabric_with_node_gen:fabric_gen_new_way:instrumentation_fabric|alt_sld_fab_alt_sld_fab:alt_sld_fab|alt_sld_fab_alt_sld_fab_sldfabric:sldfabric|sld_jtag_hub:\jtag_hub_gen:real_sld_jtag_hub|shadow_irf_reg[3][0]                                                                                                                                  ; sld_hub:auto_hub|alt_sld_fab:\instrumentation_fabric_with_node_gen:fabric_gen_new_way:instrumentation_fabric|alt_sld_fab_alt_sld_fab:alt_sld_fab|alt_sld_fab_alt_sld_fab_sldfabric:sldfabric|sld_jtag_hub:\jtag_hub_gen:real_sld_jtag_hub|irf_reg[3][0]                                                                                   ; 0.990             ;
; sld_hub:auto_hub|alt_sld_fab:\instrumentation_fabric_with_node_gen:fabric_gen_new_way:instrumentation_fabric|alt_sld_fab_alt_sld_fab:alt_sld_fab|alt_sld_fab_alt_sld_fab_sldfabric:sldfabric|sld_jtag_hub:\jtag_hub_gen:real_sld_jtag_hub|irf_reg[3][1]                                                                                                                                         ; sld_hub:auto_hub|alt_sld_fab:\instrumentation_fabric_with_node_gen:fabric_gen_new_way:instrumentation_fabric|alt_sld_fab_alt_sld_fab:alt_sld_fab|alt_sld_fab_alt_sld_fab_sldfabric:sldfabric|sld_jtag_hub:\jtag_hub_gen:real_sld_jtag_hub|shadow_irf_reg[3][1]                                                                            ; 0.986             ;
; sld_hub:auto_hub|alt_sld_fab:\instrumentation_fabric_with_node_gen:fabric_gen_new_way:instrumentation_fabric|alt_sld_fab_alt_sld_fab:alt_sld_fab|alt_sld_fab_alt_sld_fab_sldfabric:sldfabric|sld_jtag_hub:\jtag_hub_gen:real_sld_jtag_hub|virtual_ir_scan_reg                                                                                                                                   ; sld_hub:auto_hub|alt_sld_fab:\instrumentation_fabric_with_node_gen:fabric_gen_new_way:instrumentation_fabric|alt_sld_fab_alt_sld_fab:alt_sld_fab|alt_sld_fab_alt_sld_fab_sldfabric:sldfabric|sld_jtag_hub:\jtag_hub_gen:real_sld_jtag_hub|sld_rom_sr:hub_info_reg|word_counter[5]                                                         ; 0.986             ;
; niosii:inst13|niosii_nios2_gen2_0:nios2_gen2_0|niosii_nios2_gen2_0_cpu:cpu|niosii_nios2_gen2_0_cpu_nios2_oci:the_niosii_nios2_gen2_0_cpu_nios2_oci|niosii_nios2_gen2_0_cpu_debug_slave_wrapper:the_niosii_nios2_gen2_0_cpu_debug_slave_wrapper|niosii_nios2_gen2_0_cpu_debug_slave_tck:the_niosii_nios2_gen2_0_cpu_debug_slave_tck|sr[11]                                                       ; niosii:inst13|niosii_nios2_gen2_0:nios2_gen2_0|niosii_nios2_gen2_0_cpu:cpu|niosii_nios2_gen2_0_cpu_nios2_oci:the_niosii_nios2_gen2_0_cpu_nios2_oci|niosii_nios2_gen2_0_cpu_debug_slave_wrapper:the_niosii_nios2_gen2_0_cpu_debug_slave_wrapper|niosii_nios2_gen2_0_cpu_debug_slave_tck:the_niosii_nios2_gen2_0_cpu_debug_slave_tck|sr[10] ; 0.985             ;
; sld_hub:auto_hub|alt_sld_fab:\instrumentation_fabric_with_node_gen:fabric_gen_new_way:instrumentation_fabric|alt_sld_fab_alt_sld_fab:alt_sld_fab|alt_sld_fab_alt_sld_fab_sldfabric:sldfabric|sld_jtag_hub:\jtag_hub_gen:real_sld_jtag_hub|design_hash_reg[2]                                                                                                                                    ; sld_hub:auto_hub|alt_sld_fab:\instrumentation_fabric_with_node_gen:fabric_gen_new_way:instrumentation_fabric|alt_sld_fab_alt_sld_fab:alt_sld_fab|alt_sld_fab_alt_sld_fab_sldfabric:sldfabric|sld_jtag_hub:\jtag_hub_gen:real_sld_jtag_hub|design_hash_reg[1]                                                                              ; 0.978             ;
; sld_hub:auto_hub|alt_sld_fab:\instrumentation_fabric_with_node_gen:fabric_gen_new_way:instrumentation_fabric|alt_sld_fab_alt_sld_fab:alt_sld_fab|alt_sld_fab_alt_sld_fab_sldfabric:sldfabric|sld_jtag_hub:\jtag_hub_gen:real_sld_jtag_hub|irf_reg[3][0]                                                                                                                                         ; sld_hub:auto_hub|alt_sld_fab:\instrumentation_fabric_with_node_gen:fabric_gen_new_way:instrumentation_fabric|alt_sld_fab_alt_sld_fab:alt_sld_fab|alt_sld_fab_alt_sld_fab_sldfabric:sldfabric|sld_jtag_hub:\jtag_hub_gen:real_sld_jtag_hub|shadow_irf_reg[3][0]                                                                            ; 0.978             ;
; niosii:inst13|niosii_nios2_gen2_0:nios2_gen2_0|niosii_nios2_gen2_0_cpu:cpu|niosii_nios2_gen2_0_cpu_nios2_oci:the_niosii_nios2_gen2_0_cpu_nios2_oci|niosii_nios2_gen2_0_cpu_debug_slave_wrapper:the_niosii_nios2_gen2_0_cpu_debug_slave_wrapper|niosii_nios2_gen2_0_cpu_debug_slave_tck:the_niosii_nios2_gen2_0_cpu_debug_slave_tck|sr[14]                                                       ; niosii:inst13|niosii_nios2_gen2_0:nios2_gen2_0|niosii_nios2_gen2_0_cpu:cpu|niosii_nios2_gen2_0_cpu_nios2_oci:the_niosii_nios2_gen2_0_cpu_nios2_oci|niosii_nios2_gen2_0_cpu_debug_slave_wrapper:the_niosii_nios2_gen2_0_cpu_debug_slave_wrapper|niosii_nios2_gen2_0_cpu_debug_slave_tck:the_niosii_nios2_gen2_0_cpu_debug_slave_tck|sr[13] ; 0.978             ;
; niosii:inst13|niosii_jtag_uart_0:jtag_uart_0|alt_jtag_atlantic:niosii_jtag_uart_0_alt_jtag_atlantic|td_shift[5]                                                                                                                                                                                                                                                                                 ; niosii:inst13|niosii_jtag_uart_0:jtag_uart_0|alt_jtag_atlantic:niosii_jtag_uart_0_alt_jtag_atlantic|td_shift[4]                                                                                                                                                                                                                           ; 0.977             ;
; niosii:inst13|niosii_jtag_uart_0:jtag_uart_0|alt_jtag_atlantic:niosii_jtag_uart_0_alt_jtag_atlantic|td_shift[8]                                                                                                                                                                                                                                                                                 ; niosii:inst13|niosii_jtag_uart_0:jtag_uart_0|alt_jtag_atlantic:niosii_jtag_uart_0_alt_jtag_atlantic|td_shift[7]                                                                                                                                                                                                                           ; 0.977             ;
; sld_hub:auto_hub|alt_sld_fab:\instrumentation_fabric_with_node_gen:fabric_gen_new_way:instrumentation_fabric|alt_sld_fab_alt_sld_fab:alt_sld_fab|alt_sld_fab_alt_sld_fab_sldfabric:sldfabric|sld_jtag_hub:\jtag_hub_gen:real_sld_jtag_hub|shadow_irf_reg[3][1]                                                                                                                                  ; sld_hub:auto_hub|alt_sld_fab:\instrumentation_fabric_with_node_gen:fabric_gen_new_way:instrumentation_fabric|alt_sld_fab_alt_sld_fab:alt_sld_fab|alt_sld_fab_alt_sld_fab_sldfabric:sldfabric|sld_jtag_hub:\jtag_hub_gen:real_sld_jtag_hub|irf_reg[3][1]                                                                                   ; 0.974             ;
; niosii:inst13|niosii_jtag_uart_0:jtag_uart_0|alt_jtag_atlantic:niosii_jtag_uart_0_alt_jtag_atlantic|count[9]                                                                                                                                                                                                                                                                                    ; niosii:inst13|niosii_jtag_uart_0:jtag_uart_0|alt_jtag_atlantic:niosii_jtag_uart_0_alt_jtag_atlantic|td_shift[0]                                                                                                                                                                                                                           ; 0.969             ;
; sld_hub:auto_hub|alt_sld_fab:\instrumentation_fabric_with_node_gen:fabric_gen_new_way:instrumentation_fabric|alt_sld_fab_alt_sld_fab:alt_sld_fab|sldfabric_ident_writedata[2]                                                                                                                                                                                                                   ; sld_hub:auto_hub|alt_sld_fab:\instrumentation_fabric_with_node_gen:fabric_gen_new_way:instrumentation_fabric|alt_sld_fab_alt_sld_fab:alt_sld_fab|alt_sld_fab_alt_sld_fab_sldfabric:sldfabric|sld_jtag_hub:\jtag_hub_gen:real_sld_jtag_hub|design_hash_reg[2]                                                                              ; 0.969             ;
; sld_hub:auto_hub|alt_sld_fab:\instrumentation_fabric_with_node_gen:fabric_gen_new_way:instrumentation_fabric|alt_sld_fab_alt_sld_fab:alt_sld_fab|sldfabric_ident_writedata[0]                                                                                                                                                                                                                   ; sld_hub:auto_hub|alt_sld_fab:\instrumentation_fabric_with_node_gen:fabric_gen_new_way:instrumentation_fabric|alt_sld_fab_alt_sld_fab:alt_sld_fab|alt_sld_fab_alt_sld_fab_sldfabric:sldfabric|sld_jtag_hub:\jtag_hub_gen:real_sld_jtag_hub|design_hash_reg[0]                                                                              ; 0.969             ;
; niosii:inst13|niosii_nios2_gen2_0:nios2_gen2_0|niosii_nios2_gen2_0_cpu:cpu|niosii_nios2_gen2_0_cpu_nios2_oci:the_niosii_nios2_gen2_0_cpu_nios2_oci|niosii_nios2_gen2_0_cpu_debug_slave_wrapper:the_niosii_nios2_gen2_0_cpu_debug_slave_wrapper|niosii_nios2_gen2_0_cpu_debug_slave_tck:the_niosii_nios2_gen2_0_cpu_debug_slave_tck|sr[12]                                                       ; niosii:inst13|niosii_nios2_gen2_0:nios2_gen2_0|niosii_nios2_gen2_0_cpu:cpu|niosii_nios2_gen2_0_cpu_nios2_oci:the_niosii_nios2_gen2_0_cpu_nios2_oci|niosii_nios2_gen2_0_cpu_debug_slave_wrapper:the_niosii_nios2_gen2_0_cpu_debug_slave_wrapper|niosii_nios2_gen2_0_cpu_debug_slave_tck:the_niosii_nios2_gen2_0_cpu_debug_slave_tck|sr[11] ; 0.969             ;
; niosii:inst13|niosii_nios2_gen2_0:nios2_gen2_0|niosii_nios2_gen2_0_cpu:cpu|niosii_nios2_gen2_0_cpu_nios2_oci:the_niosii_nios2_gen2_0_cpu_nios2_oci|niosii_nios2_gen2_0_cpu_debug_slave_wrapper:the_niosii_nios2_gen2_0_cpu_debug_slave_wrapper|niosii_nios2_gen2_0_cpu_debug_slave_tck:the_niosii_nios2_gen2_0_cpu_debug_slave_tck|sr[10]                                                       ; niosii:inst13|niosii_nios2_gen2_0:nios2_gen2_0|niosii_nios2_gen2_0_cpu:cpu|niosii_nios2_gen2_0_cpu_nios2_oci:the_niosii_nios2_gen2_0_cpu_nios2_oci|niosii_nios2_gen2_0_cpu_debug_slave_wrapper:the_niosii_nios2_gen2_0_cpu_debug_slave_wrapper|niosii_nios2_gen2_0_cpu_debug_slave_tck:the_niosii_nios2_gen2_0_cpu_debug_slave_tck|sr[9]  ; 0.969             ;
; niosii:inst13|niosii_jtag_uart_0:jtag_uart_0|alt_jtag_atlantic:niosii_jtag_uart_0_alt_jtag_atlantic|td_shift[10]                                                                                                                                                                                                                                                                                ; niosii:inst13|niosii_jtag_uart_0:jtag_uart_0|alt_jtag_atlantic:niosii_jtag_uart_0_alt_jtag_atlantic|td_shift[9]                                                                                                                                                                                                                           ; 0.968             ;
; pzdyqx:nabboc|pzdyqx_impl:pzdyqx_impl_inst|PUDL0439:ESUL0435|YROJ4113[2]                                                                                                                                                                                                                                                                                                                        ; pzdyqx:nabboc|pzdyqx_impl:pzdyqx_impl_inst|PUDL0439:ESUL0435|YROJ4113[1]                                                                                                                                                                                                                                                                  ; 0.967             ;
; niosii:inst13|niosii_jtag_uart_0:jtag_uart_0|alt_jtag_atlantic:niosii_jtag_uart_0_alt_jtag_atlantic|td_shift[4]                                                                                                                                                                                                                                                                                 ; niosii:inst13|niosii_jtag_uart_0:jtag_uart_0|alt_jtag_atlantic:niosii_jtag_uart_0_alt_jtag_atlantic|td_shift[3]                                                                                                                                                                                                                           ; 0.962             ;
; sld_hub:auto_hub|alt_sld_fab:\instrumentation_fabric_with_node_gen:fabric_gen_new_way:instrumentation_fabric|alt_sld_fab_alt_sld_fab:alt_sld_fab|alt_sld_fab_alt_sld_fab_sldfabric:sldfabric|sld_jtag_hub:\jtag_hub_gen:real_sld_jtag_hub|sld_shadow_jsm:shadow_jsm|state[15]                                                                                                                   ; sld_hub:auto_hub|alt_sld_fab:\instrumentation_fabric_with_node_gen:fabric_gen_new_way:instrumentation_fabric|alt_sld_fab_alt_sld_fab:alt_sld_fab|alt_sld_fab_alt_sld_fab_sldfabric:sldfabric|sld_jtag_hub:\jtag_hub_gen:real_sld_jtag_hub|sld_shadow_jsm:shadow_jsm|state[2]                                                              ; 0.962             ;
; niosii:inst13|niosii_nios2_gen2_0:nios2_gen2_0|niosii_nios2_gen2_0_cpu:cpu|niosii_nios2_gen2_0_cpu_nios2_oci:the_niosii_nios2_gen2_0_cpu_nios2_oci|niosii_nios2_gen2_0_cpu_debug_slave_wrapper:the_niosii_nios2_gen2_0_cpu_debug_slave_wrapper|niosii_nios2_gen2_0_cpu_debug_slave_tck:the_niosii_nios2_gen2_0_cpu_debug_slave_tck|sr[2]                                                        ; niosii:inst13|niosii_nios2_gen2_0:nios2_gen2_0|niosii_nios2_gen2_0_cpu:cpu|niosii_nios2_gen2_0_cpu_nios2_oci:the_niosii_nios2_gen2_0_cpu_nios2_oci|niosii_nios2_gen2_0_cpu_debug_slave_wrapper:the_niosii_nios2_gen2_0_cpu_debug_slave_wrapper|niosii_nios2_gen2_0_cpu_debug_slave_tck:the_niosii_nios2_gen2_0_cpu_debug_slave_tck|sr[1]  ; 0.958             ;
; niosii:inst13|niosii_nios2_gen2_0:nios2_gen2_0|niosii_nios2_gen2_0_cpu:cpu|niosii_nios2_gen2_0_cpu_nios2_oci:the_niosii_nios2_gen2_0_cpu_nios2_oci|niosii_nios2_gen2_0_cpu_debug_slave_wrapper:the_niosii_nios2_gen2_0_cpu_debug_slave_wrapper|niosii_nios2_gen2_0_cpu_debug_slave_tck:the_niosii_nios2_gen2_0_cpu_debug_slave_tck|sr[6]                                                        ; niosii:inst13|niosii_nios2_gen2_0:nios2_gen2_0|niosii_nios2_gen2_0_cpu:cpu|niosii_nios2_gen2_0_cpu_nios2_oci:the_niosii_nios2_gen2_0_cpu_nios2_oci|niosii_nios2_gen2_0_cpu_debug_slave_wrapper:the_niosii_nios2_gen2_0_cpu_debug_slave_wrapper|niosii_nios2_gen2_0_cpu_debug_slave_tck:the_niosii_nios2_gen2_0_cpu_debug_slave_tck|sr[5]  ; 0.958             ;
; niosii:inst13|niosii_nios2_gen2_0:nios2_gen2_0|niosii_nios2_gen2_0_cpu:cpu|niosii_nios2_gen2_0_cpu_nios2_oci:the_niosii_nios2_gen2_0_cpu_nios2_oci|niosii_nios2_gen2_0_cpu_debug_slave_wrapper:the_niosii_nios2_gen2_0_cpu_debug_slave_wrapper|niosii_nios2_gen2_0_cpu_debug_slave_tck:the_niosii_nios2_gen2_0_cpu_debug_slave_tck|sr[4]                                                        ; niosii:inst13|niosii_nios2_gen2_0:nios2_gen2_0|niosii_nios2_gen2_0_cpu:cpu|niosii_nios2_gen2_0_cpu_nios2_oci:the_niosii_nios2_gen2_0_cpu_nios2_oci|niosii_nios2_gen2_0_cpu_debug_slave_wrapper:the_niosii_nios2_gen2_0_cpu_debug_slave_wrapper|niosii_nios2_gen2_0_cpu_debug_slave_tck:the_niosii_nios2_gen2_0_cpu_debug_slave_tck|sr[3]  ; 0.958             ;
; niosii:inst13|niosii_nios2_gen2_0:nios2_gen2_0|niosii_nios2_gen2_0_cpu:cpu|niosii_nios2_gen2_0_cpu_nios2_oci:the_niosii_nios2_gen2_0_cpu_nios2_oci|niosii_nios2_gen2_0_cpu_debug_slave_wrapper:the_niosii_nios2_gen2_0_cpu_debug_slave_wrapper|niosii_nios2_gen2_0_cpu_debug_slave_tck:the_niosii_nios2_gen2_0_cpu_debug_slave_tck|altera_std_synchronizer:the_altera_std_synchronizer2|dreg[0] ; niosii:inst13|niosii_nios2_gen2_0:nios2_gen2_0|niosii_nios2_gen2_0_cpu:cpu|niosii_nios2_gen2_0_cpu_nios2_oci:the_niosii_nios2_gen2_0_cpu_nios2_oci|niosii_nios2_gen2_0_cpu_debug_slave_wrapper:the_niosii_nios2_gen2_0_cpu_debug_slave_wrapper|niosii_nios2_gen2_0_cpu_debug_slave_tck:the_niosii_nios2_gen2_0_cpu_debug_slave_tck|sr[0]  ; 0.955             ;
; sld_hub:auto_hub|alt_sld_fab:\instrumentation_fabric_with_node_gen:fabric_gen_new_way:instrumentation_fabric|alt_sld_fab_alt_sld_fab:alt_sld_fab|sldfabric_ident_writedata[1]                                                                                                                                                                                                                   ; sld_hub:auto_hub|alt_sld_fab:\instrumentation_fabric_with_node_gen:fabric_gen_new_way:instrumentation_fabric|alt_sld_fab_alt_sld_fab:alt_sld_fab|alt_sld_fab_alt_sld_fab_sldfabric:sldfabric|sld_jtag_hub:\jtag_hub_gen:real_sld_jtag_hub|design_hash_reg[1]                                                                              ; 0.953             ;
; sld_hub:auto_hub|alt_sld_fab:\instrumentation_fabric_with_node_gen:fabric_gen_new_way:instrumentation_fabric|alt_sld_fab_alt_sld_fab:alt_sld_fab|alt_sld_fab_alt_sld_fab_sldfabric:sldfabric|sld_jtag_hub:\jtag_hub_gen:real_sld_jtag_hub|sld_shadow_jsm:shadow_jsm|state[2]                                                                                                                    ; sld_hub:auto_hub|alt_sld_fab:\instrumentation_fabric_with_node_gen:fabric_gen_new_way:instrumentation_fabric|alt_sld_fab_alt_sld_fab:alt_sld_fab|alt_sld_fab_alt_sld_fab_sldfabric:sldfabric|sld_jtag_hub:\jtag_hub_gen:real_sld_jtag_hub|sld_shadow_jsm:shadow_jsm|state[3]                                                              ; 0.952             ;
; sld_hub:auto_hub|alt_sld_fab:\instrumentation_fabric_with_node_gen:fabric_gen_new_way:instrumentation_fabric|alt_sld_fab_alt_sld_fab:alt_sld_fab|alt_sld_fab_alt_sld_fab_sldfabric:sldfabric|sld_jtag_hub:\jtag_hub_gen:real_sld_jtag_hub|irsr_reg[3]                                                                                                                                           ; sld_hub:auto_hub|alt_sld_fab:\instrumentation_fabric_with_node_gen:fabric_gen_new_way:instrumentation_fabric|alt_sld_fab_alt_sld_fab:alt_sld_fab|alt_sld_fab_alt_sld_fab_sldfabric:sldfabric|sld_jtag_hub:\jtag_hub_gen:real_sld_jtag_hub|irsr_reg[0]                                                                                     ; 0.951             ;
; niosii:inst13|niosii_nios2_gen2_0:nios2_gen2_0|niosii_nios2_gen2_0_cpu:cpu|niosii_nios2_gen2_0_cpu_nios2_oci:the_niosii_nios2_gen2_0_cpu_nios2_oci|niosii_nios2_gen2_0_cpu_debug_slave_wrapper:the_niosii_nios2_gen2_0_cpu_debug_slave_wrapper|niosii_nios2_gen2_0_cpu_debug_slave_tck:the_niosii_nios2_gen2_0_cpu_debug_slave_tck|sr[3]                                                        ; niosii:inst13|niosii_nios2_gen2_0:nios2_gen2_0|niosii_nios2_gen2_0_cpu:cpu|niosii_nios2_gen2_0_cpu_nios2_oci:the_niosii_nios2_gen2_0_cpu_nios2_oci|niosii_nios2_gen2_0_cpu_debug_slave_wrapper:the_niosii_nios2_gen2_0_cpu_debug_slave_wrapper|niosii_nios2_gen2_0_cpu_debug_slave_tck:the_niosii_nios2_gen2_0_cpu_debug_slave_tck|sr[2]  ; 0.950             ;
; niosii:inst13|niosii_nios2_gen2_0:nios2_gen2_0|niosii_nios2_gen2_0_cpu:cpu|niosii_nios2_gen2_0_cpu_nios2_oci:the_niosii_nios2_gen2_0_cpu_nios2_oci|niosii_nios2_gen2_0_cpu_debug_slave_wrapper:the_niosii_nios2_gen2_0_cpu_debug_slave_wrapper|niosii_nios2_gen2_0_cpu_debug_slave_tck:the_niosii_nios2_gen2_0_cpu_debug_slave_tck|sr[5]                                                        ; niosii:inst13|niosii_nios2_gen2_0:nios2_gen2_0|niosii_nios2_gen2_0_cpu:cpu|niosii_nios2_gen2_0_cpu_nios2_oci:the_niosii_nios2_gen2_0_cpu_nios2_oci|niosii_nios2_gen2_0_cpu_debug_slave_wrapper:the_niosii_nios2_gen2_0_cpu_debug_slave_wrapper|niosii_nios2_gen2_0_cpu_debug_slave_tck:the_niosii_nios2_gen2_0_cpu_debug_slave_tck|sr[4]  ; 0.950             ;
; sld_hub:auto_hub|alt_sld_fab:\instrumentation_fabric_with_node_gen:fabric_gen_new_way:instrumentation_fabric|alt_sld_fab_alt_sld_fab:alt_sld_fab|sldfabric_ident_writedata[3]                                                                                                                                                                                                                   ; sld_hub:auto_hub|alt_sld_fab:\instrumentation_fabric_with_node_gen:fabric_gen_new_way:instrumentation_fabric|alt_sld_fab_alt_sld_fab:alt_sld_fab|alt_sld_fab_alt_sld_fab_sldfabric:sldfabric|sld_jtag_hub:\jtag_hub_gen:real_sld_jtag_hub|design_hash_reg[3]                                                                              ; 0.947             ;
; sld_hub:auto_hub|alt_sld_fab:\instrumentation_fabric_with_node_gen:fabric_gen_new_way:instrumentation_fabric|alt_sld_fab_alt_sld_fab:alt_sld_fab|alt_sld_fab_alt_sld_fab_sldfabric:sldfabric|sld_jtag_hub:\jtag_hub_gen:real_sld_jtag_hub|sld_shadow_jsm:shadow_jsm|state[9]                                                                                                                    ; sld_hub:auto_hub|alt_sld_fab:\instrumentation_fabric_with_node_gen:fabric_gen_new_way:instrumentation_fabric|alt_sld_fab_alt_sld_fab:alt_sld_fab|alt_sld_fab_alt_sld_fab_sldfabric:sldfabric|sld_jtag_hub:\jtag_hub_gen:real_sld_jtag_hub|sld_shadow_jsm:shadow_jsm|state[10]                                                             ; 0.939             ;
; sld_hub:auto_hub|alt_sld_fab:\instrumentation_fabric_with_node_gen:fabric_gen_new_way:instrumentation_fabric|alt_sld_fab_alt_sld_fab:alt_sld_fab|alt_sld_fab_alt_sld_fab_sldfabric:sldfabric|sld_jtag_hub:\jtag_hub_gen:real_sld_jtag_hub|sld_shadow_jsm:shadow_jsm|state[10]                                                                                                                   ; sld_hub:auto_hub|alt_sld_fab:\instrumentation_fabric_with_node_gen:fabric_gen_new_way:instrumentation_fabric|alt_sld_fab_alt_sld_fab:alt_sld_fab|alt_sld_fab_alt_sld_fab_sldfabric:sldfabric|sld_jtag_hub:\jtag_hub_gen:real_sld_jtag_hub|sld_shadow_jsm:shadow_jsm|state[12]                                                             ; 0.939             ;
; sld_hub:auto_hub|alt_sld_fab:\instrumentation_fabric_with_node_gen:fabric_gen_new_way:instrumentation_fabric|alt_sld_fab_alt_sld_fab:alt_sld_fab|alt_sld_fab_alt_sld_fab_sldfabric:sldfabric|sld_jtag_hub:\jtag_hub_gen:real_sld_jtag_hub|sld_shadow_jsm:shadow_jsm|state[3]                                                                                                                    ; sld_hub:auto_hub|alt_sld_fab:\instrumentation_fabric_with_node_gen:fabric_gen_new_way:instrumentation_fabric|alt_sld_fab_alt_sld_fab:alt_sld_fab|alt_sld_fab_alt_sld_fab_sldfabric:sldfabric|sld_jtag_hub:\jtag_hub_gen:real_sld_jtag_hub|shadow_irf_reg[2][0]                                                                            ; 0.928             ;
; niosii:inst13|niosii_nios2_gen2_0:nios2_gen2_0|niosii_nios2_gen2_0_cpu:cpu|niosii_nios2_gen2_0_cpu_nios2_oci:the_niosii_nios2_gen2_0_cpu_nios2_oci|niosii_nios2_gen2_0_cpu_debug_slave_wrapper:the_niosii_nios2_gen2_0_cpu_debug_slave_wrapper|niosii_nios2_gen2_0_cpu_debug_slave_tck:the_niosii_nios2_gen2_0_cpu_debug_slave_tck|sr[34]                                                       ; niosii:inst13|niosii_nios2_gen2_0:nios2_gen2_0|niosii_nios2_gen2_0_cpu:cpu|niosii_nios2_gen2_0_cpu_nios2_oci:the_niosii_nios2_gen2_0_cpu_nios2_oci|niosii_nios2_gen2_0_cpu_debug_slave_wrapper:the_niosii_nios2_gen2_0_cpu_debug_slave_wrapper|niosii_nios2_gen2_0_cpu_debug_slave_tck:the_niosii_nios2_gen2_0_cpu_debug_slave_tck|sr[33] ; 0.921             ;
; sld_hub:auto_hub|alt_sld_fab:\instrumentation_fabric_with_node_gen:fabric_gen_new_way:instrumentation_fabric|alt_sld_fab_alt_sld_fab:alt_sld_fab|alt_sld_fab_alt_sld_fab_sldfabric:sldfabric|sld_jtag_hub:\jtag_hub_gen:real_sld_jtag_hub|hub_minor_ver_reg[3]                                                                                                                                  ; sld_hub:auto_hub|alt_sld_fab:\instrumentation_fabric_with_node_gen:fabric_gen_new_way:instrumentation_fabric|alt_sld_fab_alt_sld_fab:alt_sld_fab|alt_sld_fab_alt_sld_fab_sldfabric:sldfabric|sld_jtag_hub:\jtag_hub_gen:real_sld_jtag_hub|hub_minor_ver_reg[2]                                                                            ; 0.918             ;
; sld_hub:auto_hub|alt_sld_fab:\instrumentation_fabric_with_node_gen:fabric_gen_new_way:instrumentation_fabric|alt_sld_fab_alt_sld_fab:alt_sld_fab|alt_sld_fab_alt_sld_fab_sldfabric:sldfabric|sld_jtag_hub:\jtag_hub_gen:real_sld_jtag_hub|hub_minor_ver_reg[1]                                                                                                                                  ; sld_hub:auto_hub|alt_sld_fab:\instrumentation_fabric_with_node_gen:fabric_gen_new_way:instrumentation_fabric|alt_sld_fab_alt_sld_fab:alt_sld_fab|alt_sld_fab_alt_sld_fab_sldfabric:sldfabric|sld_jtag_hub:\jtag_hub_gen:real_sld_jtag_hub|hub_minor_ver_reg[0]                                                                            ; 0.918             ;
; sld_hub:auto_hub|alt_sld_fab:\instrumentation_fabric_with_node_gen:fabric_gen_new_way:instrumentation_fabric|alt_sld_fab_alt_sld_fab:alt_sld_fab|alt_sld_fab_alt_sld_fab_sldfabric:sldfabric|sld_jtag_hub:\jtag_hub_gen:real_sld_jtag_hub|sld_rom_sr:hub_info_reg|word_counter[4]                                                                                                               ; sld_hub:auto_hub|alt_sld_fab:\instrumentation_fabric_with_node_gen:fabric_gen_new_way:instrumentation_fabric|alt_sld_fab_alt_sld_fab:alt_sld_fab|alt_sld_fab_alt_sld_fab_sldfabric:sldfabric|sld_jtag_hub:\jtag_hub_gen:real_sld_jtag_hub|sld_rom_sr:hub_info_reg|WORD_SR[3]                                                              ; 0.917             ;
; sld_hub:auto_hub|alt_sld_fab:\instrumentation_fabric_with_node_gen:fabric_gen_new_way:instrumentation_fabric|alt_sld_fab_alt_sld_fab:alt_sld_fab|alt_sld_fab_alt_sld_fab_sldfabric:sldfabric|sld_jtag_hub:\jtag_hub_gen:real_sld_jtag_hub|sld_rom_sr:hub_info_reg|word_counter[0]                                                                                                               ; sld_hub:auto_hub|alt_sld_fab:\instrumentation_fabric_with_node_gen:fabric_gen_new_way:instrumentation_fabric|alt_sld_fab_alt_sld_fab:alt_sld_fab|alt_sld_fab_alt_sld_fab_sldfabric:sldfabric|sld_jtag_hub:\jtag_hub_gen:real_sld_jtag_hub|sld_rom_sr:hub_info_reg|WORD_SR[3]                                                              ; 0.917             ;
; niosii:inst13|niosii_jtag_uart_0:jtag_uart_0|alt_jtag_atlantic:niosii_jtag_uart_0_alt_jtag_atlantic|count[8]                                                                                                                                                                                                                                                                                    ; niosii:inst13|niosii_jtag_uart_0:jtag_uart_0|alt_jtag_atlantic:niosii_jtag_uart_0_alt_jtag_atlantic|count[9]                                                                                                                                                                                                                              ; 0.915             ;
; sld_hub:auto_hub|alt_sld_fab:\instrumentation_fabric_with_node_gen:fabric_gen_new_way:instrumentation_fabric|alt_sld_fab_alt_sld_fab:alt_sld_fab|alt_sld_fab_alt_sld_fab_sldfabric:sldfabric|sld_jtag_hub:\jtag_hub_gen:real_sld_jtag_hub|hub_minor_ver_reg[2]                                                                                                                                  ; sld_hub:auto_hub|alt_sld_fab:\instrumentation_fabric_with_node_gen:fabric_gen_new_way:instrumentation_fabric|alt_sld_fab_alt_sld_fab:alt_sld_fab|alt_sld_fab_alt_sld_fab_sldfabric:sldfabric|sld_jtag_hub:\jtag_hub_gen:real_sld_jtag_hub|hub_minor_ver_reg[1]                                                                            ; 0.912             ;
; sld_hub:auto_hub|alt_sld_fab:\instrumentation_fabric_with_node_gen:fabric_gen_new_way:instrumentation_fabric|alt_sld_fab_alt_sld_fab:alt_sld_fab|alt_sld_fab_alt_sld_fab_sldfabric:sldfabric|sld_jtag_hub:\jtag_hub_gen:real_sld_jtag_hub|irsr_reg[4]                                                                                                                                           ; sld_hub:auto_hub|alt_sld_fab:\instrumentation_fabric_with_node_gen:fabric_gen_new_way:instrumentation_fabric|alt_sld_fab_alt_sld_fab:alt_sld_fab|alt_sld_fab_alt_sld_fab_sldfabric:sldfabric|sld_jtag_hub:\jtag_hub_gen:real_sld_jtag_hub|irsr_reg[3]                                                                                     ; 0.907             ;
; sld_hub:auto_hub|alt_sld_fab:\instrumentation_fabric_with_node_gen:fabric_gen_new_way:instrumentation_fabric|alt_sld_fab_alt_sld_fab:alt_sld_fab|alt_sld_fab_alt_sld_fab_sldfabric:sldfabric|sld_jtag_hub:\jtag_hub_gen:real_sld_jtag_hub|sld_rom_sr:hub_info_reg|WORD_SR[1]                                                                                                                    ; sld_hub:auto_hub|alt_sld_fab:\instrumentation_fabric_with_node_gen:fabric_gen_new_way:instrumentation_fabric|alt_sld_fab_alt_sld_fab:alt_sld_fab|alt_sld_fab_alt_sld_fab_sldfabric:sldfabric|sld_jtag_hub:\jtag_hub_gen:real_sld_jtag_hub|sld_rom_sr:hub_info_reg|WORD_SR[0]                                                              ; 0.903             ;
; sld_hub:auto_hub|alt_sld_fab:\instrumentation_fabric_with_node_gen:fabric_gen_new_way:instrumentation_fabric|alt_sld_fab_alt_sld_fab:alt_sld_fab|alt_sld_fab_alt_sld_fab_sldfabric:sldfabric|sld_jtag_hub:\jtag_hub_gen:real_sld_jtag_hub|sld_rom_sr:hub_info_reg|WORD_SR[3]                                                                                                                    ; sld_hub:auto_hub|alt_sld_fab:\instrumentation_fabric_with_node_gen:fabric_gen_new_way:instrumentation_fabric|alt_sld_fab_alt_sld_fab:alt_sld_fab|alt_sld_fab_alt_sld_fab_sldfabric:sldfabric|sld_jtag_hub:\jtag_hub_gen:real_sld_jtag_hub|sld_rom_sr:hub_info_reg|WORD_SR[2]                                                              ; 0.885             ;
; sld_hub:auto_hub|alt_sld_fab:\instrumentation_fabric_with_node_gen:fabric_gen_new_way:instrumentation_fabric|alt_sld_fab_alt_sld_fab:alt_sld_fab|alt_sld_fab_alt_sld_fab_sldfabric:sldfabric|sld_jtag_hub:\jtag_hub_gen:real_sld_jtag_hub|sld_rom_sr:hub_info_reg|word_counter[5]                                                                                                               ; sld_hub:auto_hub|alt_sld_fab:\instrumentation_fabric_with_node_gen:fabric_gen_new_way:instrumentation_fabric|alt_sld_fab_alt_sld_fab:alt_sld_fab|alt_sld_fab_alt_sld_fab_sldfabric:sldfabric|sld_jtag_hub:\jtag_hub_gen:real_sld_jtag_hub|sld_rom_sr:hub_info_reg|WORD_SR[0]                                                              ; 0.863             ;
; niosii:inst13|niosii_nios2_gen2_0:nios2_gen2_0|niosii_nios2_gen2_0_cpu:cpu|niosii_nios2_gen2_0_cpu_nios2_oci:the_niosii_nios2_gen2_0_cpu_nios2_oci|niosii_nios2_gen2_0_cpu_nios2_ocimem:the_niosii_nios2_gen2_0_cpu_nios2_ocimem|MonDReg[30]                                                                                                                                                    ; niosii:inst13|niosii_nios2_gen2_0:nios2_gen2_0|niosii_nios2_gen2_0_cpu:cpu|niosii_nios2_gen2_0_cpu_nios2_oci:the_niosii_nios2_gen2_0_cpu_nios2_oci|niosii_nios2_gen2_0_cpu_debug_slave_wrapper:the_niosii_nios2_gen2_0_cpu_debug_slave_wrapper|niosii_nios2_gen2_0_cpu_debug_slave_tck:the_niosii_nios2_gen2_0_cpu_debug_slave_tck|sr[31] ; 0.837             ;
; niosii:inst13|niosii_nios2_gen2_0:nios2_gen2_0|niosii_nios2_gen2_0_cpu:cpu|niosii_nios2_gen2_0_cpu_nios2_oci:the_niosii_nios2_gen2_0_cpu_nios2_oci|niosii_nios2_gen2_0_cpu_nios2_oci_break:the_niosii_nios2_gen2_0_cpu_nios2_oci_break|break_readreg[30]                                                                                                                                        ; niosii:inst13|niosii_nios2_gen2_0:nios2_gen2_0|niosii_nios2_gen2_0_cpu:cpu|niosii_nios2_gen2_0_cpu_nios2_oci:the_niosii_nios2_gen2_0_cpu_nios2_oci|niosii_nios2_gen2_0_cpu_debug_slave_wrapper:the_niosii_nios2_gen2_0_cpu_debug_slave_wrapper|niosii_nios2_gen2_0_cpu_debug_slave_tck:the_niosii_nios2_gen2_0_cpu_debug_slave_tck|sr[31] ; 0.837             ;
; niosii:inst13|niosii_nios2_gen2_0:nios2_gen2_0|niosii_nios2_gen2_0_cpu:cpu|niosii_nios2_gen2_0_cpu_nios2_oci:the_niosii_nios2_gen2_0_cpu_nios2_oci|niosii_nios2_gen2_0_cpu_debug_slave_wrapper:the_niosii_nios2_gen2_0_cpu_debug_slave_wrapper|niosii_nios2_gen2_0_cpu_debug_slave_tck:the_niosii_nios2_gen2_0_cpu_debug_slave_tck|sr[31]                                                       ; niosii:inst13|niosii_nios2_gen2_0:nios2_gen2_0|niosii_nios2_gen2_0_cpu:cpu|niosii_nios2_gen2_0_cpu_nios2_oci:the_niosii_nios2_gen2_0_cpu_nios2_oci|niosii_nios2_gen2_0_cpu_debug_slave_wrapper:the_niosii_nios2_gen2_0_cpu_debug_slave_wrapper|niosii_nios2_gen2_0_cpu_debug_slave_tck:the_niosii_nios2_gen2_0_cpu_debug_slave_tck|sr[31] ; 0.837             ;
; niosii:inst13|niosii_nios2_gen2_0:nios2_gen2_0|niosii_nios2_gen2_0_cpu:cpu|niosii_nios2_gen2_0_cpu_nios2_oci:the_niosii_nios2_gen2_0_cpu_nios2_oci|niosii_nios2_gen2_0_cpu_debug_slave_wrapper:the_niosii_nios2_gen2_0_cpu_debug_slave_wrapper|niosii_nios2_gen2_0_cpu_debug_slave_tck:the_niosii_nios2_gen2_0_cpu_debug_slave_tck|sr[32]                                                       ; niosii:inst13|niosii_nios2_gen2_0:nios2_gen2_0|niosii_nios2_gen2_0_cpu:cpu|niosii_nios2_gen2_0_cpu_nios2_oci:the_niosii_nios2_gen2_0_cpu_nios2_oci|niosii_nios2_gen2_0_cpu_debug_slave_wrapper:the_niosii_nios2_gen2_0_cpu_debug_slave_wrapper|niosii_nios2_gen2_0_cpu_debug_slave_tck:the_niosii_nios2_gen2_0_cpu_debug_slave_tck|sr[31] ; 0.837             ;
; sld_hub:auto_hub|alt_sld_fab:\instrumentation_fabric_with_node_gen:fabric_gen_new_way:instrumentation_fabric|alt_sld_fab_alt_sld_fab:alt_sld_fab|alt_sld_fab_alt_sld_fab_sldfabric:sldfabric|sld_jtag_hub:\jtag_hub_gen:real_sld_jtag_hub|irf_reg[2][0]                                                                                                                                         ; niosii:inst13|niosii_nios2_gen2_0:nios2_gen2_0|niosii_nios2_gen2_0_cpu:cpu|niosii_nios2_gen2_0_cpu_nios2_oci:the_niosii_nios2_gen2_0_cpu_nios2_oci|niosii_nios2_gen2_0_cpu_debug_slave_wrapper:the_niosii_nios2_gen2_0_cpu_debug_slave_wrapper|niosii_nios2_gen2_0_cpu_debug_slave_tck:the_niosii_nios2_gen2_0_cpu_debug_slave_tck|sr[31] ; 0.837             ;
; sld_hub:auto_hub|alt_sld_fab:\instrumentation_fabric_with_node_gen:fabric_gen_new_way:instrumentation_fabric|alt_sld_fab_alt_sld_fab:alt_sld_fab|alt_sld_fab_alt_sld_fab_sldfabric:sldfabric|sld_jtag_hub:\jtag_hub_gen:real_sld_jtag_hub|irf_reg[2][1]                                                                                                                                         ; niosii:inst13|niosii_nios2_gen2_0:nios2_gen2_0|niosii_nios2_gen2_0_cpu:cpu|niosii_nios2_gen2_0_cpu_nios2_oci:the_niosii_nios2_gen2_0_cpu_nios2_oci|niosii_nios2_gen2_0_cpu_debug_slave_wrapper:the_niosii_nios2_gen2_0_cpu_debug_slave_wrapper|niosii_nios2_gen2_0_cpu_debug_slave_tck:the_niosii_nios2_gen2_0_cpu_debug_slave_tck|sr[31] ; 0.837             ;
; sld_hub:auto_hub|alt_sld_fab:\instrumentation_fabric_with_node_gen:fabric_gen_new_way:instrumentation_fabric|alt_sld_fab_alt_sld_fab:alt_sld_fab|alt_sld_fab_alt_sld_fab_sldfabric:sldfabric|sld_jtag_hub:\jtag_hub_gen:real_sld_jtag_hub|identity_contrib_shift_reg[1]                                                                                                                         ; sld_hub:auto_hub|alt_sld_fab:\instrumentation_fabric_with_node_gen:fabric_gen_new_way:instrumentation_fabric|alt_sld_fab_alt_sld_fab:alt_sld_fab|sldfabric_ident_writedata[1]                                                                                                                                                             ; 0.828             ;
; sld_hub:auto_hub|alt_sld_fab:\instrumentation_fabric_with_node_gen:fabric_gen_new_way:instrumentation_fabric|alt_sld_fab_alt_sld_fab:alt_sld_fab|alt_sld_fab_alt_sld_fab_sldfabric:sldfabric|sld_jtag_hub:\jtag_hub_gen:real_sld_jtag_hub|identity_contrib_shift_reg[0]                                                                                                                         ; sld_hub:auto_hub|alt_sld_fab:\instrumentation_fabric_with_node_gen:fabric_gen_new_way:instrumentation_fabric|alt_sld_fab_alt_sld_fab:alt_sld_fab|sldfabric_ident_writedata[0]                                                                                                                                                             ; 0.828             ;
; sld_hub:auto_hub|alt_sld_fab:\instrumentation_fabric_with_node_gen:fabric_gen_new_way:instrumentation_fabric|alt_sld_fab_alt_sld_fab:alt_sld_fab|alt_sld_fab_alt_sld_fab_sldfabric:sldfabric|sld_jtag_hub:\jtag_hub_gen:real_sld_jtag_hub|hub_mode_reg[0]                                                                                                                                       ; sld_hub:auto_hub|alt_sld_fab:\instrumentation_fabric_with_node_gen:fabric_gen_new_way:instrumentation_fabric|alt_sld_fab_alt_sld_fab:alt_sld_fab|alt_sld_fab_alt_sld_fab_sldfabric:sldfabric|sld_jtag_hub:\jtag_hub_gen:real_sld_jtag_hub|irsr_reg[1]                                                                                     ; 0.825             ;
; sld_hub:auto_hub|alt_sld_fab:\instrumentation_fabric_with_node_gen:fabric_gen_new_way:instrumentation_fabric|alt_sld_fab_alt_sld_fab:alt_sld_fab|alt_sld_fab_alt_sld_fab_sldfabric:sldfabric|sld_jtag_hub:\jtag_hub_gen:real_sld_jtag_hub|irsr_reg[6]                                                                                                                                           ; sld_hub:auto_hub|alt_sld_fab:\instrumentation_fabric_with_node_gen:fabric_gen_new_way:instrumentation_fabric|alt_sld_fab_alt_sld_fab:alt_sld_fab|alt_sld_fab_alt_sld_fab_sldfabric:sldfabric|sld_jtag_hub:\jtag_hub_gen:real_sld_jtag_hub|irsr_reg[1]                                                                                     ; 0.825             ;
; sld_hub:auto_hub|alt_sld_fab:\instrumentation_fabric_with_node_gen:fabric_gen_new_way:instrumentation_fabric|alt_sld_fab_alt_sld_fab:alt_sld_fab|alt_sld_fab_alt_sld_fab_sldfabric:sldfabric|sld_jtag_hub:\jtag_hub_gen:real_sld_jtag_hub|irsr_reg[5]                                                                                                                                           ; sld_hub:auto_hub|alt_sld_fab:\instrumentation_fabric_with_node_gen:fabric_gen_new_way:instrumentation_fabric|alt_sld_fab_alt_sld_fab:alt_sld_fab|alt_sld_fab_alt_sld_fab_sldfabric:sldfabric|sld_jtag_hub:\jtag_hub_gen:real_sld_jtag_hub|irsr_reg[1]                                                                                     ; 0.825             ;
; niosii:inst13|niosii_nios2_gen2_0:nios2_gen2_0|niosii_nios2_gen2_0_cpu:cpu|niosii_nios2_gen2_0_cpu_nios2_oci:the_niosii_nios2_gen2_0_cpu_nios2_oci|niosii_nios2_gen2_0_cpu_nios2_ocimem:the_niosii_nios2_gen2_0_cpu_nios2_ocimem|MonDReg[14]                                                                                                                                                    ; niosii:inst13|niosii_nios2_gen2_0:nios2_gen2_0|niosii_nios2_gen2_0_cpu:cpu|niosii_nios2_gen2_0_cpu_nios2_oci:the_niosii_nios2_gen2_0_cpu_nios2_oci|niosii_nios2_gen2_0_cpu_debug_slave_wrapper:the_niosii_nios2_gen2_0_cpu_debug_slave_wrapper|niosii_nios2_gen2_0_cpu_debug_slave_tck:the_niosii_nios2_gen2_0_cpu_debug_slave_tck|sr[15] ; 0.821             ;
; niosii:inst13|niosii_nios2_gen2_0:nios2_gen2_0|niosii_nios2_gen2_0_cpu:cpu|niosii_nios2_gen2_0_cpu_nios2_oci:the_niosii_nios2_gen2_0_cpu_nios2_oci|niosii_nios2_gen2_0_cpu_nios2_oci_break:the_niosii_nios2_gen2_0_cpu_nios2_oci_break|break_readreg[14]                                                                                                                                        ; niosii:inst13|niosii_nios2_gen2_0:nios2_gen2_0|niosii_nios2_gen2_0_cpu:cpu|niosii_nios2_gen2_0_cpu_nios2_oci:the_niosii_nios2_gen2_0_cpu_nios2_oci|niosii_nios2_gen2_0_cpu_debug_slave_wrapper:the_niosii_nios2_gen2_0_cpu_debug_slave_wrapper|niosii_nios2_gen2_0_cpu_debug_slave_tck:the_niosii_nios2_gen2_0_cpu_debug_slave_tck|sr[15] ; 0.821             ;
; niosii:inst13|niosii_nios2_gen2_0:nios2_gen2_0|niosii_nios2_gen2_0_cpu:cpu|niosii_nios2_gen2_0_cpu_nios2_oci:the_niosii_nios2_gen2_0_cpu_nios2_oci|niosii_nios2_gen2_0_cpu_debug_slave_wrapper:the_niosii_nios2_gen2_0_cpu_debug_slave_wrapper|niosii_nios2_gen2_0_cpu_debug_slave_tck:the_niosii_nios2_gen2_0_cpu_debug_slave_tck|sr[15]                                                       ; niosii:inst13|niosii_nios2_gen2_0:nios2_gen2_0|niosii_nios2_gen2_0_cpu:cpu|niosii_nios2_gen2_0_cpu_nios2_oci:the_niosii_nios2_gen2_0_cpu_nios2_oci|niosii_nios2_gen2_0_cpu_debug_slave_wrapper:the_niosii_nios2_gen2_0_cpu_debug_slave_wrapper|niosii_nios2_gen2_0_cpu_debug_slave_tck:the_niosii_nios2_gen2_0_cpu_debug_slave_tck|sr[15] ; 0.821             ;
+-------------------------------------------------------------------------------------------------------------------------------------------------------------------------------------------------------------------------------------------------------------------------------------------------------------------------------------------------------------------------------------------------+-------------------------------------------------------------------------------------------------------------------------------------------------------------------------------------------------------------------------------------------------------------------------------------------------------------------------------------------+-------------------+
Note: This table only shows the top 100 path(s) that have the largest delay added for hold.


+-----------------+
; Fitter Messages ;
+-----------------+
Info (11104): Parallel Compilation has detected 12 hyper-threaded processors. However, the extra hyper-threaded processors will not be used by default. Parallel Compilation will use 10 of the 10 physical processors detected instead.
Info (119006): Selected device 5CSEBA6U23I7 for design "videocapsule"
Info (21077): Low junction temperature is -40 degrees C
Info (21077): High junction temperature is 100 degrees C
Warning (21300): LOCKED port on the PLL is not properly connected on instance "pll2:inst11|pll2_0002:pll2_inst|altera_pll:altera_pll_i|general[0].gpll". The LOCKED port on the PLL should be connected when the FBOUTCLK port is connected. Although it is unnecessary to connect the LOCKED signal, any logic driven off of an output clock of the PLL will not know when the PLL is locked and ready.
Info (171003): Fitter is performing an Auto Fit compilation, which may decrease Fitter effort to reduce compilation time
Warning (292013): Feature LogicLock is only available with a valid subscription license. You can purchase a software subscription to gain full access to this feature.
Warning (15714): Some pins have incomplete I/O assignments. Refer to the I/O Assignment Warnings report for details
Info (176045): Design uses memory blocks. Violating setup or hold times of memory block address registers for either read or write operations could cause memory contents to be corrupted. Make sure that all memory block address registers meet the setup and hold time requirements.
Info (184020): Starting Fitter periphery placement operations
Info (11178): Promoted 3 clocks (3 global)
    Info (11162): pll:inst2|pll_0002:pll_inst|altera_pll:altera_pll_i|outclk_wire[0]~CLKENA0 with 380 fanout uses global clock CLKCTRL_G7
    Info (11162): pll2:inst11|pll2_0002:pll2_inst|altera_pll:altera_pll_i|outclk_wire[0]~CLKENA0 with 82 fanout uses global clock CLKCTRL_G4
    Info (11162): clk_clk~inputCLKENA0 with 2792 fanout uses global clock CLKCTRL_G6
Info (184021): Fitter periphery placement operations ending: elapsed time is 00:00:00
Info (332164): Evaluating HDL-embedded SDC commands
    Info (332165): Entity GHVD5181
        Info (332166): set_disable_timing [get_cells -hierarchical QXXQ6833_0]
        Info (332166): set_disable_timing [get_cells -hierarchical JEQQ5299_0]
        Info (332166): set_disable_timing [get_cells -hierarchical JEQQ5299_1]
        Info (332166): set_disable_timing [get_cells -hierarchical JEQQ5299_2]
        Info (332166): set_disable_timing [get_cells -hierarchical JEQQ5299_3]
        Info (332166): set_disable_timing [get_cells -hierarchical JEQQ5299_4]
        Info (332166): set_disable_timing [get_cells -hierarchical JEQQ5299_5]
        Info (332166): set_disable_timing [get_cells -hierarchical JEQQ5299_6]
        Info (332166): set_disable_timing [get_cells -hierarchical JEQQ5299_7]
        Info (332166): set_disable_timing [get_cells -hierarchical BITP7563_0]
    Info (332165): Entity alt_jtag_atlantic
        Info (332166): set_false_path -from [get_registers {*|alt_jtag_atlantic:*|jupdate}] -to [get_registers {*|alt_jtag_atlantic:*|jupdate1*}] 
        Info (332166): set_false_path -from [get_registers {*|alt_jtag_atlantic:*|rdata[*]}] -to [get_registers {*|alt_jtag_atlantic*|td_shift[*]}]
        Info (332166): set_false_path -from [get_registers {*|alt_jtag_atlantic:*|rdata[*]}] -to [get_registers {*|alt_jtag_atlantic*|td_shift[*]}]
        Info (332166): set_false_path -from [get_registers {*|alt_jtag_atlantic:*|rdata[*]}] -to [get_registers {*|alt_jtag_atlantic*|td_shift[*]}]
        Info (332166): set_false_path -from [get_registers {*|alt_jtag_atlantic:*|rdata[*]}] -to [get_registers {*|alt_jtag_atlantic*|td_shift[*]}]
        Info (332166): set_false_path -from [get_registers {*|alt_jtag_atlantic:*|rdata[*]}] -to [get_registers {*|alt_jtag_atlantic*|td_shift[*]}]
        Info (332166): set_false_path -from [get_registers {*|alt_jtag_atlantic:*|rdata[*]}] -to [get_registers {*|alt_jtag_atlantic*|td_shift[*]}]
        Info (332166): set_false_path -from [get_registers {*|alt_jtag_atlantic:*|rdata[*]}] -to [get_registers {*|alt_jtag_atlantic*|td_shift[*]}]
        Info (332166): set_false_path -from [get_registers {*|alt_jtag_atlantic:*|rdata[*]}] -to [get_registers {*|alt_jtag_atlantic*|td_shift[*]}]
        Info (332166): set_false_path -from [get_registers {*|alt_jtag_atlantic:*|read}] -to [get_registers {*|alt_jtag_atlantic:*|read1*}] 
        Info (332166): set_false_path -from [get_registers {*|alt_jtag_atlantic:*|read_req}]
        Info (332166): set_false_path -from [get_registers {*|alt_jtag_atlantic:*|rvalid}] -to [get_registers {*|alt_jtag_atlantic*|td_shift[*]}]
        Info (332166): set_false_path -from [get_registers {*|t_dav}] -to [get_registers {*|alt_jtag_atlantic:*|tck_t_dav}]
        Info (332166): set_false_path -from [get_registers {*|alt_jtag_atlantic:*|user_saw_rvalid}] -to [get_registers {*|alt_jtag_atlantic:*|rvalid0*}]
        Info (332166): set_false_path -from [get_registers {*|alt_jtag_atlantic:*|wdata[*]}] -to [get_registers {*}]
        Info (332166): set_false_path -from [get_registers {*|alt_jtag_atlantic:*|wdata[*]}] -to [get_registers {*}]
        Info (332166): set_false_path -from [get_registers {*|alt_jtag_atlantic:*|wdata[*]}] -to [get_registers {*}]
        Info (332166): set_false_path -from [get_registers {*|alt_jtag_atlantic:*|wdata[*]}] -to [get_registers {*}]
        Info (332166): set_false_path -from [get_registers {*|alt_jtag_atlantic:*|wdata[*]}] -to [get_registers {*}]
        Info (332166): set_false_path -from [get_registers {*|alt_jtag_atlantic:*|wdata[*]}] -to [get_registers {*}]
        Info (332166): set_false_path -from [get_registers {*|alt_jtag_atlantic:*|wdata[*]}] -to [get_registers {*}]
        Info (332166): set_false_path -from [get_registers {*|alt_jtag_atlantic:*|wdata[*]}] -to [get_registers {*}]
        Info (332166): set_false_path -from [get_registers {*|alt_jtag_atlantic:*|write}] -to [get_registers {*|alt_jtag_atlantic:*|write1*}] 
        Info (332166): set_false_path -from [get_registers {*|alt_jtag_atlantic:*|write_stalled}] -to [get_registers {*|alt_jtag_atlantic:*|t_ena*}]
        Info (332166): set_false_path -from [get_registers {*|alt_jtag_atlantic:*|write_stalled}] -to [get_registers {*|alt_jtag_atlantic:*|t_pause*}]
        Info (332166): set_false_path -from [get_registers {*|alt_jtag_atlantic:*|write_valid}]
    Info (332165): Entity altera_std_synchronizer
        Info (332166): set_false_path -to [get_keepers {*altera_std_synchronizer:*|din_s1}]
    Info (332165): Entity pzdyqx_impl
        Info (332166): set_false_path -from [get_keepers {altera_reserved_tdi}] -to [get_keepers {pzdyqx*}]
    Info (332165): Entity sld_hub
        Info (332166): create_clock -name altera_reserved_tck [get_ports {altera_reserved_tck}] -period 30MHz   
        Info (332166): if { [string equal quartus_fit $::TimeQuestInfo(nameofexecutable)] } { set_max_delay -to [get_ports { altera_reserved_tdo } ] 0 }
        Info (332166): set_clock_groups -asynchronous -group {altera_reserved_tck}
Info (332104): Reading SDC File: 'sopc/niosii/synthesis/submodules/altera_reset_controller.sdc'
Info (332104): Reading SDC File: 'sopc/niosii/synthesis/submodules/niosii_nios2_gen2_0_cpu.sdc'
Warning (332060): Node: clk_clk was determined to be a clock but was found without an associated clock assignment.
    Info (13166): Register ram_affichage:inst7|altsyncram:altsyncram_component|altsyncram_6uu3:auto_generated|ram_block1a341 is being clocked by clk_clk
Info (332143): No user constrained clock uncertainty found in the design. Calling "derive_clock_uncertainty"
Info (332123): Deriving Clock Uncertainty. Please refer to report_sdc in TimeQuest to see clock uncertainties.
Warning (332056): PLL cross checking found inconsistent PLL clock settings:
    Warning (332056): Node: inst2|pll_inst|altera_pll_i|general[0].gpll~FRACTIONAL_PLL|vcoph[0] was found missing 1 generated clock that corresponds to a base clock with a period of: 20.000
Info (332129): Detected timing requirements -- optimizing circuit to achieve only the specified requirements
Info (332111): Found 1 clocks
    Info (332111):   Period   Clock Name
    Info (332111): ======== ============
    Info (332111):   33.333 altera_reserved_tck
Info (176233): Starting register packing
Info (176235): Finished register packing
    Extra Info (176218): Packed 10 registers into blocks of type EC
    Extra Info (176218): Packed 80 registers into blocks of type DSP block
    Extra Info (176220): Created 16 register duplicates
Warning (15705): Ignored locations or region assignments to the following nodes
    Warning (15706): Node "hdmi_int" is assigned to location or region, but does not exist in design
    Warning (15706): Node "io_hdmi_i2c_scl" is assigned to location or region, but does not exist in design
    Warning (15706): Node "io_hdmi_i2c_sda" is assigned to location or region, but does not exist in design
Info (11798): Fitter preparation operations ending: elapsed time is 00:00:16
Info (170189): Fitter placement preparation operations beginning
Info (14951): The Fitter is using Advanced Physical Optimization.
Info (170190): Fitter placement preparation operations ending: elapsed time is 00:00:42
Info (170191): Fitter placement operations beginning
Info (170137): Fitter placement was successful
Info (170192): Fitter placement operations ending: elapsed time is 00:00:38
Info (170193): Fitter routing operations beginning
Info (170195): Router estimated average interconnect usage is 5% of the available device resources
    Info (170196): Router estimated peak interconnect usage is 22% of the available device resources in the region that extends from location X67_Y0 to location X77_Y10
Info (170194): Fitter routing operations ending: elapsed time is 00:00:16
Info (170199): The Fitter performed an Auto Fit compilation.  Optimizations were skipped to reduce compilation time.
    Info (170201): Optimizations that may affect the design's routability were skipped
Info (11888): Total time spent on timing analysis during the Fitter is 3.04 seconds.
Info (334003): Started post-fitting delay annotation
Info (334004): Delay annotation completed successfully
Info (334003): Started post-fitting delay annotation
Info (334004): Delay annotation completed successfully
Info (11801): Fitter post-fit operations ending: elapsed time is 00:00:12
Warning (171167): Found invalid Fitter assignments. See the Ignored Assignments panel in the Fitter Compilation Report for more information.
Info (144001): Generated suppressed messages file C:/Users/Kelly/akelly/ENSEA/3A/MASTER/uec13_videocapsule/videocapsule/output_files/videocapsule.fit.smsg
Info: Quartus II 64-Bit Fitter was successful. 0 errors, 11 warnings
    Info: Peak virtual memory: 7221 megabytes
    Info: Processing ended: Fri Feb 13 17:57:34 2026
    Info: Elapsed time: 00:02:19
    Info: Total CPU time (on all processors): 00:07:43


+----------------------------+
; Fitter Suppressed Messages ;
+----------------------------+
The suppressed messages can be found in C:/Users/Kelly/akelly/ENSEA/3A/MASTER/uec13_videocapsule/videocapsule/output_files/videocapsule.fit.smsg.


